[2026-10-01 18:22:11] ==================================================
[2026-10-01 18:22:11] Aplikasi Screener dimulai
[2026-10-01 18:22:13] Melayani di http://127.0.0.1:8765/
[2026-10-01 18:22:14] Daftar pantau: 10 emiten (BBCA, BBRI, BMRI, BBNI, TLKM, ASII, ANTM, ADRO...)
[2026-10-01 18:22:14] Mengunduh kepemilikan KSEI...
[2026-10-01 18:22:15] ksei Periode terbaru : 20260930
[2026-10-01 18:22:15] ksei Periode sebelumnya: 20260831
[2026-10-01 18:22:15] ksei Terbaca 1005 emiten EQUITY dari BalanceposEfek20260930.zip
[2026-10-01 18:22:15] ksei Terbaca 1007 emiten dari bulan sebelumnya
[2026-10-01 18:22:15] Mengunduh harga & fundamental (10 emiten)...
[2026-10-01 18:22:19] emiten [1/10] BBCA ok
[2026-10-01 18:22:20] emiten [2/10] BBRI ok
[2026-10-01 18:22:20] emiten [3/10] BMRI ok
[2026-10-01 18:22:21] emiten [4/10] BBNI ok
[2026-10-01 18:22:21] emiten [5/10] TLKM ok
[2026-10-01 18:22:22] emiten [6/10] ASII ok
[2026-10-01 18:22:23] emiten [7/10] ANTM ok
[2026-10-01 18:22:23] emiten [8/10] ADRO ok
[2026-10-01 18:22:24] emiten [9/10] ICBP ok
[2026-10-01 18:22:24] emiten [10/10] PTBA ok
[2026-10-01 18:22:24] Selesai. 10 emiten siap.
[2026-10-01 18:22:40] ==================================================
[2026-10-01 18:22:40] Aplikasi Screener dimulai
[2026-10-01 18:22:42] Melayani di http://127.0.0.1:8765/
[2026-10-01 18:22:43] Daftar pantau: 10 emiten (BBCA, BBRI, BMRI, BBNI, TLKM, ASII, ANTM, ADRO...)
[2026-10-01 18:22:43] Mengunduh kepemilikan KSEI...
[2026-10-01 18:22:43] ksei Periode terbaru : 20260930
[2026-10-01 18:22:43] ksei Periode sebelumnya: 20260831
[2026-10-01 18:22:43] ksei Terbaca 1005 emiten EQUITY dari BalanceposEfek20260930.zip
[2026-10-01 18:22:43] ksei Terbaca 1007 emiten dari bulan sebelumnya
[2026-10-01 18:22:43] Mengunduh harga & fundamental (10 emiten)...
[2026-10-01 18:22:47] emiten [1/10] BBCA ok
[2026-10-01 18:22:48] emiten [2/10] BBRI ok
[2026-10-01 18:22:48] emiten [3/10] BMRI ok
[2026-10-01 18:22:49] emiten [4/10] BBNI ok
[2026-10-01 18:22:50] emiten [5/10] TLKM ok
[2026-10-01 18:22:50] emiten [6/10] ASII ok
[2026-10-01 18:22:51] emiten [7/10] ANTM ok
[2026-10-01 18:22:51] emiten [8/10] ADRO ok
[2026-10-01 18:22:52] emiten [9/10] ICBP ok
[2026-10-01 18:22:53] emiten [10/10] PTBA ok
[2026-10-01 18:22:53] Selesai. 10 emiten siap.
[2026-10-01 18:22:53] Daftar pantau: 10 emiten (BBCA, BBRI, BMRI, BBNI, TLKM, ASII, ANTM, ADRO...)
[2026-10-01 18:22:53] Mengunduh kepemilikan KSEI...
[2026-10-01 18:22:53] [cache] memakai ksei yang tersimpan (0 menit lalu)
[2026-10-01 18:22:53] Mengunduh harga & fundamental (10 emiten)...
[2026-10-01 18:22:53] [cache] memakai emiten yang tersimpan (0 menit lalu)
[2026-10-01 18:22:53] Selesai. 10 emiten siap.
[2026-10-01 18:23:27] ==================================================
[2026-10-01 18:23:27] Aplikasi Screener dimulai
[2026-10-01 18:23:29] Melayani di http://127.0.0.1:8765/
[2026-10-01 18:31:53] ==================================================
[2026-10-01 18:31:53] Aplikasi Screener dimulai
[2026-10-01 18:31:55] Melayani di http://127.0.0.1:8765/
[2026-10-01 18:31:57] ksei Periode terbaru : 20260930
[2026-10-01 18:31:57] ksei Periode sebelumnya: 20260831
[2026-10-01 18:31:57] ksei Terbaca 1005 emiten EQUITY dari BalanceposEfek20260930.zip
[2026-10-01 18:31:57] ksei Terbaca 1007 emiten dari bulan sebelumnya
[2026-10-01 18:32:11] ==================================================
[2026-10-01 18:32:11] Aplikasi Screener dimulai
[2026-10-01 18:32:13] Melayani di http://127.0.0.1:8765/
[2026-10-01 18:32:16] ksei Periode terbaru : 20260930
[2026-10-01 18:32:16] ksei Periode sebelumnya: 20260831
[2026-10-01 18:32:16] ksei Terbaca 1005 emiten EQUITY dari BalanceposEfek20260930.zip
[2026-10-01 18:32:16] ksei Terbaca 1007 emiten dari bulan sebelumnya
[2026-10-01 18:36:13] ==================================================
[2026-10-01 18:36:13] Aplikasi Screener dimulai
[2026-10-01 18:36:15] Melayani di http://127.0.0.1:8765/
[2026-10-01 18:36:15] Screener Praktis berjalan di http://127.0.0.1:8765/
[2026-10-01 18:36:55] ==================================================
[2026-10-01 18:36:55] Aplikasi Screener dimulai
[2026-10-01 18:36:57] Melayani di http://127.0.0.1:8765/
[2026-10-01 18:36:57] Screener Praktis berjalan di http://127.0.0.1:8765/
[2026-10-01 18:37:02] ERROR /api/scan: No module named 'xml'
[2026-10-01 18:37:42] ==================================================
[2026-10-01 18:37:42] Aplikasi Screener dimulai
[2026-10-01 18:37:44] Melayani di http://127.0.0.1:8766/
[2026-10-01 18:37:44] Screener Praktis berjalan di http://127.0.0.1:8766/
[2026-10-01 18:37:50] ERROR /api/scan: No module named 'xml'
[2026-10-01 18:37:50] Daftar pantau: 10 emiten (BBCA, BBRI, BMRI, BBNI, TLKM, ASII, ANTM, ADRO...)
[2026-10-01 18:37:50] Mengunduh kepemilikan KSEI...
[2026-10-01 18:37:50] ERROR /api/download: No module named 'xml'
[2026-10-01 18:38:23] ==================================================
[2026-10-01 18:38:23] Aplikasi Screener dimulai
[2026-10-01 18:38:25] Melayani di http://127.0.0.1:8765/
[2026-10-01 18:38:25] Screener Praktis berjalan di http://127.0.0.1:8765/
[2026-10-01 18:38:32] ksei Periode terbaru : 20260930
[2026-10-01 18:38:32] ksei Periode sebelumnya: 20260831
[2026-10-01 18:38:32] ksei Terbaca 1005 emiten EQUITY dari BalanceposEfek20260930.zip
[2026-10-01 18:38:32] ksei Terbaca 1007 emiten dari bulan sebelumnya
[2026-10-01 18:38:33] Daftar pantau: 10 emiten (BBCA, BBRI, BMRI, BBNI, TLKM, ASII, ANTM, ADRO...)
[2026-10-01 18:38:33] Mengunduh kepemilikan KSEI...
[2026-10-01 18:38:33] [cache] memakai ksei yang tersimpan (0 menit lalu)
[2026-10-01 18:38:33] Mengunduh harga & fundamental (10 emiten)...
[2026-10-01 18:38:38] emiten [1/10] BBCA ok
[2026-10-01 18:38:38] emiten [2/10] BBRI ok
[2026-10-01 18:38:39] emiten [3/10] BMRI ok
[2026-10-01 18:38:39] emiten [4/10] BBNI ok
[2026-10-01 18:38:40] emiten [5/10] TLKM ok
[2026-10-01 18:38:40] emiten [6/10] ASII ok
[2026-10-01 18:38:41] emiten [7/10] ANTM ok
[2026-10-01 18:38:41] emiten [8/10] ADRO ok
[2026-10-01 18:38:42] emiten [9/10] ICBP ok
[2026-10-01 18:38:43] emiten [10/10] PTBA ok
[2026-10-01 18:38:43] Selesai. 10 emiten siap.
[2026-10-01 18:44:10] ==================================================
[2026-10-01 18:44:10] Aplikasi Screener dimulai
[2026-10-01 18:44:12] Melayani di http://127.0.0.1:8765/
[2026-10-01 18:44:12] Screener Praktis berjalan di http://127.0.0.1:8765/
[2026-10-01 18:44:24] Daftar pantau: 10 emiten (BBCA, BBRI, BMRI, BBNI, TLKM, ASII, ANTM, ADRO...)
[2026-10-01 18:44:24] Mengunduh kepemilikan KSEI...
[2026-10-01 18:44:25] ksei Periode terbaru : 20260930
[2026-10-01 18:44:25] ksei Periode sebelumnya: 20260831
[2026-10-01 18:44:25] ksei Terbaca 1005 emiten EQUITY dari BalanceposEfek20260930.zip
[2026-10-01 18:44:25] ksei Terbaca 1007 emiten dari bulan sebelumnya
[2026-10-01 18:44:25] Mengunduh harga & fundamental (10 emiten)...
[2026-10-01 18:44:29] emiten [1/10] BBCA ok
[2026-10-01 18:44:30] emiten [2/10] BBRI ok
[2026-10-01 18:44:31] emiten [3/10] BMRI ok
[2026-10-01 18:44:31] emiten [4/10] BBNI ok
[2026-10-01 18:44:32] emiten [5/10] TLKM ok
[2026-10-01 18:44:32] emiten [6/10] ASII ok
[2026-10-01 18:44:33] emiten [7/10] ANTM ok
[2026-10-01 18:44:33] emiten [8/10] ADRO ok
[2026-10-01 18:44:34] emiten [9/10] ICBP ok
[2026-10-01 18:44:35] emiten [10/10] PTBA ok
[2026-10-01 18:44:35] Selesai. 10 emiten siap.
[2026-10-01 18:47:32] ==================================================
[2026-10-01 18:47:32] Aplikasi Screener dimulai
[2026-10-01 18:47:34] Melayani di http://127.0.0.1:8765/
[2026-10-01 18:47:34] Screener Praktis berjalan di http://127.0.0.1:8765/
[2026-10-01 18:50:45] ==================================================
[2026-10-01 18:50:45] Aplikasi Screener dimulai
[2026-10-01 18:50:47] Melayani di http://127.0.0.1:8765/
[2026-10-01 18:50:47] Screener Praktis berjalan di http://127.0.0.1:8765/
[2026-10-01 18:50:49] ksei Periode terbaru : 20260930
[2026-10-01 18:50:49] ksei Periode sebelumnya: 20260831
[2026-10-01 18:50:49] ksei Menyusun seri 9 bulan untuk estimasi harga rata-rata asing...
[2026-10-01 18:50:51] ksei Terbaca 1009 emiten EQUITY; seri 9 bulan
[2026-10-01 18:51:19] ==================================================
[2026-10-01 18:51:19] Aplikasi Screener dimulai
[2026-10-01 18:51:21] Melayani di http://127.0.0.1:8765/
[2026-10-01 18:51:21] Screener Praktis berjalan di http://127.0.0.1:8765/
[2026-10-01 18:51:24] ksei arsip 2026: 9 berkas
[2026-10-01 18:51:24] ksei arsip 2025: 9 berkas
[2026-10-01 18:51:24] ksei arsip 2024: 9 berkas
[2026-10-01 18:51:24] ksei Periode terbaru : 20260930
[2026-10-01 18:51:24] ksei Periode sebelumnya: 20260831
[2026-10-01 18:51:24] ksei Menyusun seri 9 bulan untuk estimasi harga rata-rata asing...
[2026-10-01 18:51:25] ksei Terbaca 1009 emiten EQUITY; seri 9 bulan
[2026-10-01 18:52:19] ==================================================
[2026-10-01 18:52:19] Aplikasi Screener dimulai
[2026-10-01 18:52:21] Melayani di http://127.0.0.1:8765/
[2026-10-01 18:52:21] Screener Praktis berjalan di http://127.0.0.1:8765/
[2026-10-01 18:52:36] ksei Periode terbaru : 20260930
[2026-10-01 18:52:36] ksei Periode sebelumnya: 20260831
[2026-10-01 18:52:36] ksei Menyusun seri 24 bulan untuk estimasi harga rata-rata asing...
[2026-10-01 18:52:36] ksei Terbaca 1012 emiten EQUITY; seri 24 bulan
[2026-10-01 18:53:00] ==================================================
[2026-10-01 18:53:00] Aplikasi Screener dimulai
[2026-10-01 18:53:02] Melayani di http://127.0.0.1:8765/
[2026-10-01 18:53:02] Screener Praktis berjalan di http://127.0.0.1:8765/
[2026-10-01 18:53:11] ksei Periode terbaru : 20260930
[2026-10-01 18:53:11] ksei Periode sebelumnya: 20260831
[2026-10-01 18:53:11] ksei Menyusun seri 24 bulan untuk estimasi harga rata-rata asing...
[2026-10-01 18:53:11] ksei Terbaca 1012 emiten EQUITY; seri 24 bulan
[2026-10-01 18:54:09] ==================================================
[2026-10-01 18:54:09] Aplikasi Screener dimulai
[2026-10-01 18:54:11] Melayani di http://127.0.0.1:8765/
[2026-10-01 18:54:11] Screener Praktis berjalan di http://127.0.0.1:8765/
[2026-10-01 18:54:25] ksei Periode terbaru : 20260930
[2026-10-01 18:54:25] ksei Periode sebelumnya: 20260831
[2026-10-01 18:54:25] ksei Menyusun seri 24 bulan untuk estimasi harga rata-rata asing...
[2026-10-01 18:54:25] ksei Terbaca 1012 emiten EQUITY; seri 24 bulan
[2026-10-01 19:04:41] ==================================================
[2026-10-01 19:04:41] Aplikasi Screener dimulai
[2026-10-01 19:04:43] Melayani di http://127.0.0.1:8765/
[2026-10-01 19:04:43] Screener Praktis berjalan di http://127.0.0.1:8765/
[2026-10-01 19:06:55] ==================================================
[2026-10-01 19:06:55] Aplikasi Screener dimulai
[2026-10-01 19:06:57] Melayani di http://127.0.0.1:8766/
[2026-10-01 19:06:57] Screener Praktis berjalan di http://127.0.0.1:8766/
[2026-10-01 19:07:19] ==================================================
[2026-10-01 19:07:19] Aplikasi Screener dimulai
[2026-10-01 19:07:21] Melayani di http://127.0.0.1:8765/
[2026-10-01 19:07:21] Screener Praktis berjalan di http://127.0.0.1:8765/
[2026-10-01 19:07:23] ERROR POST /api/config: Expecting property name enclosed in double quotes: line 1 column 2 (char 1)
[2026-10-01 19:07:23] ERROR POST /api/config: Expecting property name enclosed in double quotes: line 1 column 2 (char 1)
[2026-10-01 19:07:31] ==================================================
[2026-10-01 19:07:31] Aplikasi Screener dimulai
[2026-10-01 19:07:33] Melayani di http://127.0.0.1:8765/
[2026-10-01 19:07:33] Screener Praktis berjalan di http://127.0.0.1:8765/
[2026-10-01 19:07:35] ERROR POST /api/config: Unexpected UTF-8 BOM (decode using utf-8-sig): line 1 column 1 (char 0)
[2026-10-01 19:07:35] ERROR POST /api/config: Unexpected UTF-8 BOM (decode using utf-8-sig): line 1 column 1 (char 0)
[2026-10-01 19:07:51] ==================================================
[2026-10-01 19:07:51] Aplikasi Screener dimulai
[2026-10-01 19:07:53] Melayani di http://127.0.0.1:8765/
[2026-10-01 19:07:53] Screener Praktis berjalan di http://127.0.0.1:8765/
[2026-10-01 19:07:55] konfigurasi disimpan: 3 emiten, 6 bulan KSEI
[2026-10-01 19:07:55] konfigurasi disimpan: 10 emiten, 24 bulan KSEI
[2026-10-01 19:08:11] ==================================================
[2026-10-01 19:08:11] Aplikasi Screener dimulai
[2026-10-01 19:08:13] Melayani di http://127.0.0.1:8765/
[2026-10-01 19:08:13] Screener Praktis berjalan di http://127.0.0.1:8765/
[2026-10-01 19:08:46] konfigurasi disimpan: 10 emiten, 24 bulan KSEI
[2026-10-01 19:08:59] ==================================================
[2026-10-01 19:08:59] Aplikasi Screener dimulai
[2026-10-01 19:09:01] Melayani di http://127.0.0.1:8765/
[2026-10-01 19:09:01] Screener Praktis berjalan di http://127.0.0.1:8765/
[2026-10-01 19:09:05] konfigurasi disimpan: 3 emiten, 12 bulan KSEI
[2026-10-01 19:09:06] konfigurasi disimpan: 10 emiten, 24 bulan KSEI
[2026-10-01 19:09:34] ==================================================
[2026-10-01 19:09:34] Aplikasi Screener dimulai
[2026-10-01 19:09:36] Melayani di http://127.0.0.1:8765/
[2026-10-01 19:09:36] Screener Praktis berjalan di http://127.0.0.1:8765/
[2026-10-01 19:11:15] ==================================================
[2026-10-01 19:11:15] Aplikasi Screener dimulai
[2026-10-01 19:11:17] Melayani di http://127.0.0.1:8765/
[2026-10-01 19:11:17] Screener Praktis berjalan di http://127.0.0.1:8765/
[2026-10-01 19:17:13] konfigurasi disimpan: 15 emiten, 24 bulan KSEI
[2026-10-01 19:17:19] Daftar pantau: 15 emiten (BBCA, BBRI, BMRI, BBNI, TLKM, ASII, ANTM, ADRO...)
[2026-10-01 19:17:19] Mengunduh kepemilikan KSEI...
[2026-10-01 19:17:29] ksei Periode terbaru : 20260930
[2026-10-01 19:17:29] ksei Periode sebelumnya: 20260831
[2026-10-01 19:17:29] ksei Menyusun seri 24 bulan untuk estimasi harga rata-rata asing...
[2026-10-01 19:17:30] ksei Terbaca 1012 emiten EQUITY; seri 24 bulan
[2026-10-01 19:17:30] Mengunduh harga & fundamental (15 emiten)...
[2026-10-01 19:17:34] emiten [1/15] BBCA ok
[2026-10-01 19:17:35] emiten [2/15] BBRI ok
[2026-10-01 19:17:35] emiten [3/15] BMRI ok
[2026-10-01 19:17:36] emiten [4/15] BBNI ok
[2026-10-01 19:17:37] emiten [5/15] TLKM ok
[2026-10-01 19:17:37] emiten [6/15] ASII ok
[2026-10-01 19:17:38] emiten [7/15] ANTM ok
[2026-10-01 19:17:38] emiten [8/15] ADRO ok
[2026-10-01 19:17:39] emiten [9/15] ICBP ok
[2026-10-01 19:17:40] emiten [10/15] PTBA ok
[2026-10-01 19:17:40] emiten [11/15] BRMS ok
[2026-10-01 19:17:41] emiten [12/15] CBRE ok
[2026-10-01 19:17:41] emiten [13/15] ENRG ok
[2026-10-01 19:17:42] emiten [14/15] MEDC ok
[2026-10-01 19:17:42] emiten [15/15] VKTR ok
[2026-10-01 19:17:42] Selesai. 15 emiten siap.
[2026-10-01 19:36:08] ==================================================
[2026-10-01 19:36:08] Aplikasi Screener dimulai
[2026-10-01 19:36:10] Melayani di http://127.0.0.1:8766/
[2026-10-01 19:36:10] Screener Praktis berjalan di http://127.0.0.1:8766/
[2026-10-01 19:36:30] Daftar pantau: 15 emiten (BBCA, BBRI, BMRI, BBNI, TLKM, ASII, ANTM, ADRO...)
[2026-10-01 19:36:30] Mengunduh kepemilikan KSEI...
[2026-10-01 19:36:39] ksei Periode terbaru : 20260930
[2026-10-01 19:36:39] ksei Periode sebelumnya: 20260831
[2026-10-01 19:36:39] ksei Menyusun seri 24 bulan untuk estimasi harga rata-rata asing...
[2026-10-01 19:36:39] ksei Terbaca 1012 emiten EQUITY; seri 24 bulan
[2026-10-01 19:36:39] Mengunduh harga & fundamental (15 emiten)...
[2026-10-01 19:36:44] emiten [1/15] BBCA ok
[2026-10-01 19:36:44] emiten [2/15] BBRI ok
[2026-10-01 19:36:45] emiten [3/15] BMRI ok
[2026-10-01 19:36:45] emiten [4/15] BBNI ok
[2026-10-01 19:36:46] emiten [5/15] TLKM ok
[2026-10-01 19:36:47] emiten [6/15] ASII ok
[2026-10-01 19:36:47] emiten [7/15] ANTM ok
[2026-10-01 19:36:48] emiten [8/15] ADRO ok
[2026-10-01 19:36:48] emiten [9/15] ICBP ok
[2026-10-01 19:36:49] emiten [10/15] PTBA ok
[2026-10-01 19:36:49] emiten [11/15] BRMS ok
[2026-10-01 19:36:50] emiten [12/15] CBRE ok
[2026-10-01 19:36:51] emiten [13/15] ENRG ok
[2026-10-01 19:36:51] emiten [14/15] MEDC ok
[2026-10-01 19:36:52] emiten [15/15] VKTR ok
[2026-10-01 19:36:52] Selesai. 15 emiten siap.
[2026-10-01 23:30:00] Daftar pantau: 15 emiten (BBCA, BBRI, BMRI, BBNI, TLKM, ASII, ANTM, ADRO...)
[2026-10-01 23:30:00] Mengunduh kepemilikan KSEI...
[2026-10-01 23:30:00] [cache] memakai ksei yang tersimpan (233 menit lalu)
[2026-10-01 23:30:00] Mengunduh harga & fundamental (15 emiten)...
[2026-10-01 23:30:06] emiten [1/15] BBCA ok
[2026-10-01 23:30:06] emiten [2/15] BBRI ok
[2026-10-01 23:30:07] emiten [3/15] BMRI ok
[2026-10-01 23:30:07] emiten [4/15] BBNI ok
[2026-10-01 23:30:08] emiten [5/15] TLKM ok
[2026-10-01 23:30:09] emiten [6/15] ASII ok
[2026-10-01 23:30:09] emiten [7/15] ANTM ok
[2026-10-01 23:30:10] emiten [8/15] ADRO ok
[2026-10-01 23:30:10] emiten [9/15] ICBP ok
[2026-10-01 23:30:11] emiten [10/15] PTBA ok
[2026-10-01 23:30:11] emiten [11/15] BRMS ok
[2026-10-01 23:30:12] emiten [12/15] CBRE ok
[2026-10-01 23:30:13] emiten [13/15] ENRG ok
[2026-10-01 23:30:13] emiten [14/15] MEDC ok
[2026-10-01 23:30:14] emiten [15/15] VKTR ok
[2026-10-01 23:30:14] Selesai. 15 emiten siap.
[2026-10-01 23:31:00] konfigurasi disimpan: 16 emiten, 24 bulan KSEI
[2026-10-01 23:31:02] Daftar pantau: 16 emiten (BBCA, BBRI, BMRI, BBNI, TLKM, ASII, ANTM, ADRO...)
[2026-10-01 23:31:02] Mengunduh kepemilikan KSEI...
[2026-10-01 23:31:14] ksei Periode terbaru : 20260930
[2026-10-01 23:31:14] ksei Periode sebelumnya: 20260831
[2026-10-01 23:31:14] ksei Menyusun seri 24 bulan untuk estimasi harga rata-rata asing...
[2026-10-01 23:31:14] ksei Terbaca 1012 emiten EQUITY; seri 24 bulan
[2026-10-01 23:31:14] Mengunduh harga & fundamental (16 emiten)...
[2026-10-01 23:31:14] [cache] memakai emiten yang tersimpan (1 menit lalu)
[2026-10-01 23:31:14] Selesai. 15 emiten siap.
[2026-10-01 23:55:25] konfigurasi disimpan: 16 emiten, 24 bulan KSEI
[2026-10-01 23:55:30] Daftar pantau: 16 emiten (BBCA, BBRI, BMRI, BBNI, TLKM, ASII, ANTM, ADRO...)
[2026-10-01 23:55:30] Mengunduh kepemilikan KSEI...
[2026-10-01 23:55:42] ksei Periode terbaru : 20260930
[2026-10-01 23:55:42] ksei Periode sebelumnya: 20260831
[2026-10-01 23:55:42] ksei Menyusun seri 24 bulan untuk estimasi harga rata-rata asing...
[2026-10-01 23:55:42] ksei Terbaca 1012 emiten EQUITY; seri 24 bulan
[2026-10-01 23:55:42] Mengunduh harga & fundamental (16 emiten)...
[2026-10-01 23:55:42] [cache] memakai emiten yang tersimpan (25 menit lalu)
[2026-10-01 23:55:42] Selesai. 15 emiten siap.
[2026-10-02 00:01:09] ==================================================
[2026-10-02 00:01:09] Aplikasi Screener dimulai
[2026-10-02 00:01:12] Melayani di http://127.0.0.1:8765/
[2026-10-02 00:01:12] Screener Praktis berjalan di http://127.0.0.1:8765/
[2026-10-02 00:01:31] ksei Periode terbaru : 20260930
[2026-10-02 00:01:31] ksei Periode sebelumnya: 20260831
[2026-10-02 00:01:31] ksei Menyusun seri 24 bulan untuk estimasi harga rata-rata asing...
[2026-10-02 00:01:31] ksei Terbaca 1012 emiten EQUITY; seri 24 bulan
[2026-10-02 01:00:29] ksei [cache] memakai ksei yang tersimpan (59 menit lalu)
[2026-10-02 01:00:47] ksei [cache] memakai ksei yang tersimpan (59 menit lalu)
[2026-10-02 01:00:47] tv [cache] memakai tv yang tersimpan (0 menit lalu)
[2026-10-02 01:05:49] ksei [cache] memakai ksei yang tersimpan (64 menit lalu)
[2026-10-02 01:05:49] tv [cache] memakai tv yang tersimpan (5 menit lalu)
[2026-10-02 09:18:19] ==================================================
[2026-10-02 09:18:19] Aplikasi Screener dimulai
[2026-10-02 09:18:21] Melayani di http://127.0.0.1:8765/
[2026-10-02 09:18:21] Screener Praktis berjalan di http://127.0.0.1:8765/
[2026-10-02 09:18:59] ksei Periode terbaru : 20260930
[2026-10-02 09:18:59] ksei Periode sebelumnya: 20260831
[2026-10-02 09:18:59] ksei Menyusun seri 24 bulan untuk estimasi harga rata-rata asing...
[2026-10-02 09:19:00] ksei Terbaca 1012 emiten EQUITY; seri 24 bulan
[2026-10-02 11:14:33] Daftar pantau: 16 emiten (BBCA, BBRI, BMRI, BBNI, TLKM, ASII, ANTM, ADRO...)
[2026-10-02 11:14:33] Mengunduh kepemilikan KSEI...
[2026-10-02 11:14:33] [cache] memakai ksei yang tersimpan (116 menit lalu)
[2026-10-02 11:14:33] Mengunduh harga & fundamental (16 emiten)...
[2026-10-02 11:14:38] emiten [1/16] BBCA ok
[2026-10-02 11:14:38] emiten [2/16] BBRI ok
[2026-10-02 11:14:39] emiten [3/16] BMRI ok
[2026-10-02 11:14:40] emiten [4/16] BBNI ok
[2026-10-02 11:14:40] emiten [5/16] TLKM ok
[2026-10-02 11:14:41] emiten [6/16] ASII ok
[2026-10-02 11:14:41] emiten [7/16] ANTM ok
[2026-10-02 11:14:42] emiten [8/16] ADRO ok
[2026-10-02 11:14:43] emiten [9/16] ICBP ok
[2026-10-02 11:14:43] emiten [10/16] PTBA ok
[2026-10-02 11:14:44] ksei [cache] memakai ksei yang tersimpan (116 menit lalu)
[2026-10-02 11:14:44] emiten [11/16] BRMS ok
[2026-10-02 11:14:44] emiten [12/16] CBRE ok
[2026-10-02 11:14:45] emiten [13/16] ENRG ok
[2026-10-02 11:14:46] emiten [14/16] MEDC ok
[2026-10-02 11:14:46] emiten [15/16] VKTR ok
[2026-10-02 11:14:47] emiten [16/16] ULTJ ok
[2026-10-02 11:14:47] Selesai. 16 emiten siap.
[2026-10-02 15:56:11] Daftar pantau: 16 emiten (BBCA, BBRI, BMRI, BBNI, TLKM, ASII, ANTM, ADRO...)
[2026-10-02 15:56:11] Mengunduh kepemilikan KSEI...
[2026-10-02 15:56:22] ksei Periode terbaru : 20260930
[2026-10-02 15:56:22] ksei Periode sebelumnya: 20260831
[2026-10-02 15:56:22] ksei Menyusun seri 24 bulan untuk estimasi harga rata-rata asing...
[2026-10-02 15:56:22] ksei Terbaca 1012 emiten EQUITY; seri 24 bulan
[2026-10-02 15:56:22] Mengunduh harga & fundamental (16 emiten)...
[2026-10-02 15:56:23] ksei Periode terbaru : 20260930
[2026-10-02 15:56:23] ksei Periode sebelumnya: 20260831
[2026-10-02 15:56:23] ksei Menyusun seri 24 bulan untuk estimasi harga rata-rata asing...
[2026-10-02 15:56:24] ksei Terbaca 1012 emiten EQUITY; seri 24 bulan
[2026-10-02 15:56:27] emiten [1/16] BBCA ok
[2026-10-02 15:56:28] emiten [2/16] BBRI ok
[2026-10-02 15:56:28] emiten [3/16] BMRI ok
[2026-10-02 15:56:29] emiten [4/16] BBNI ok
[2026-10-02 15:56:29] emiten [5/16] TLKM ok
[2026-10-02 15:56:30] emiten [6/16] ASII ok
[2026-10-02 15:56:31] emiten [7/16] ANTM ok
[2026-10-02 15:56:31] emiten [8/16] ADRO ok
[2026-10-02 15:56:32] emiten [9/16] ICBP ok
[2026-10-02 15:56:32] emiten [10/16] PTBA ok
[2026-10-02 15:56:33] emiten [11/16] BRMS ok
[2026-10-02 15:56:33] emiten [12/16] CBRE ok
[2026-10-02 15:56:34] emiten [13/16] ENRG ok
[2026-10-02 15:56:35] emiten [14/16] MEDC ok
[2026-10-02 15:56:35] emiten [15/16] VKTR ok
[2026-10-02 15:56:36] emiten [16/16] ULTJ ok
[2026-10-02 15:56:36] Selesai. 16 emiten siap.
[2026-10-02 16:12:31] ksei [cache] memakai ksei yang tersimpan (16 menit lalu)
[2026-10-02 16:12:40] ksei [cache] memakai ksei yang tersimpan (16 menit lalu)
[2026-10-02 16:12:40] tv [cache] memakai tv yang tersimpan (0 menit lalu)
[2026-10-02 16:13:07] ksei [cache] memakai ksei yang tersimpan (17 menit lalu)
[2026-10-02 16:13:07] tv [cache] memakai tv yang tersimpan (1 menit lalu)
[2026-10-02 16:13:14] Daftar pantau: 16 emiten (BBCA, BBRI, BMRI, BBNI, TLKM, ASII, ANTM, ADRO...)
[2026-10-02 16:13:14] Mengunduh kepemilikan KSEI...
[2026-10-02 16:13:14] [cache] memakai ksei yang tersimpan (17 menit lalu)
[2026-10-02 16:13:14] Mengunduh harga & fundamental (16 emiten)...
[2026-10-02 16:13:14] [cache] memakai emiten yang tersimpan (17 menit lalu)
[2026-10-02 16:13:14] Selesai. 16 emiten siap.
[2026-10-02 16:24:14] ==================================================
[2026-10-02 16:24:14] Aplikasi Screener dimulai
[2026-10-02 16:24:16] Melayani di http://127.0.0.1:8766/
[2026-10-02 16:24:16] Screener Praktis berjalan di http://127.0.0.1:8766/
[2026-10-02 16:55:16] ksei [cache] memakai ksei yang tersimpan (59 menit lalu)
[2026-10-02 17:32:03] ksei [cache] memakai ksei yang tersimpan (96 menit lalu)
[2026-10-03 08:55:20] ==================================================
[2026-10-03 08:55:20] Aplikasi Screener dimulai
[2026-10-03 08:55:22] Melayani di http://127.0.0.1:8765/
[2026-10-03 08:55:22] Screener Praktis berjalan di http://127.0.0.1:8765/
[2026-10-03 09:00:36] ==================================================
[2026-10-03 09:00:36] Aplikasi Screener dimulai
[2026-10-03 09:00:38] Melayani di http://127.0.0.1:8765/
[2026-10-03 09:00:38] Screener Praktis berjalan di http://127.0.0.1:8765/
[2026-10-03 09:00:58] ==================================================
[2026-10-03 09:00:58] Aplikasi Screener dimulai
[2026-10-03 09:01:00] Melayani di http://127.0.0.1:8766/
[2026-10-03 09:01:00] Screener Praktis berjalan di http://127.0.0.1:8766/
[2026-10-03 09:02:17] ==================================================
[2026-10-03 09:02:17] Aplikasi Screener dimulai
[2026-10-03 09:02:19] Melayani di http://127.0.0.1:8766/
[2026-10-03 09:02:19] Screener Praktis berjalan di http://127.0.0.1:8766/
[2026-10-03 09:03:22] ==================================================
[2026-10-03 09:03:22] Aplikasi Screener dimulai
[2026-10-03 09:03:24] Melayani di http://127.0.0.1:8765/
[2026-10-03 09:03:24] Screener Praktis berjalan di http://127.0.0.1:8765/
[2026-10-03 09:07:21] ==================================================
[2026-10-03 09:07:21] Aplikasi Screener dimulai
[2026-10-03 09:07:23] Melayani di http://127.0.0.1:8765/
[2026-10-03 09:07:23] Screener Praktis berjalan di http://127.0.0.1:8765/
[2026-10-03 09:07:39] ksei Periode terbaru : 20260930
[2026-10-03 09:07:39] ksei Periode sebelumnya: 20260831
[2026-10-03 09:07:39] ksei Menyusun seri 24 bulan untuk estimasi harga rata-rata asing...
[2026-10-03 09:07:40] ksei Terbaca 1012 emiten EQUITY; seri 24 bulan
[2026-10-03 09:44:57] ==================================================
[2026-10-03 09:44:57] Aplikasi Screener dimulai
[2026-10-03 09:44:59] Melayani di http://127.0.0.1:8766/
[2026-10-03 09:44:59] Screener Praktis berjalan di http://127.0.0.1:8766/
[2026-10-03 09:45:05] Daftar pantau: 16 emiten (BBCA, BBRI, BMRI, BBNI, TLKM, ASII, ANTM, ADRO...)
[2026-10-03 09:45:05] Mengunduh kepemilikan KSEI...
[2026-10-03 09:45:15] ksei Periode terbaru : 20260930
[2026-10-03 09:45:15] ksei Periode sebelumnya: 20260831
[2026-10-03 09:45:15] ksei Menyusun seri 24 bulan untuk estimasi harga rata-rata asing...
[2026-10-03 09:45:15] ksei Terbaca 1012 emiten EQUITY; seri 24 bulan
[2026-10-03 09:45:15] Mengunduh harga & fundamental (16 emiten)...
[2026-10-03 09:45:21] emiten [1/16] BBCA ok
[2026-10-03 09:45:21] emiten [2/16] BBRI ok
[2026-10-03 09:45:22] emiten [3/16] BMRI ok
[2026-10-03 09:45:23] emiten [4/16] BBNI ok
[2026-10-03 09:45:23] emiten [5/16] TLKM ok
[2026-10-03 09:45:24] emiten [6/16] ASII ok
[2026-10-03 09:45:24] emiten [7/16] ANTM ok
[2026-10-03 09:45:25] emiten [8/16] ADRO ok
[2026-10-03 09:45:26] emiten [9/16] ICBP ok
[2026-10-03 09:45:26] emiten [10/16] PTBA ok
[2026-10-03 09:45:27] emiten [11/16] BRMS ok
[2026-10-03 09:45:27] emiten [12/16] CBRE ok
[2026-10-03 09:45:28] emiten [13/16] ENRG ok
[2026-10-03 09:45:29] emiten [14/16] MEDC ok
[2026-10-03 09:45:29] emiten [15/16] VKTR ok
[2026-10-03 09:45:30] emiten [16/16] ULTJ ok
[2026-10-03 09:45:30] Selesai. 16 emiten siap.
[2026-10-03 09:45:36] ksei [cache] memakai ksei yang tersimpan (0 menit lalu)
[2026-10-03 09:54:59] ==================================================
[2026-10-03 09:54:59] Aplikasi Screener dimulai
[2026-10-03 09:55:01] Melayani di http://127.0.0.1:8767/
[2026-10-03 09:55:01] Screener Praktis berjalan di http://127.0.0.1:8767/
[2026-10-03 09:55:15] ksei Periode terbaru : 20260930
[2026-10-03 09:55:15] ksei Periode sebelumnya: 20260831
[2026-10-03 09:55:15] ksei Menyusun seri 24 bulan untuk estimasi harga rata-rata asing...
[2026-10-03 09:55:16] ksei Terbaca 1012 emiten EQUITY; seri 24 bulan
[2026-10-03 10:09:29] ==================================================
[2026-10-03 10:09:29] Aplikasi Screener dimulai
[2026-10-03 10:09:31] Melayani di http://127.0.0.1:8768/
[2026-10-03 10:09:31] Screener Praktis berjalan di http://127.0.0.1:8768/
[2026-10-03 10:09:45] ksei Periode terbaru : 20260930
[2026-10-03 10:09:45] ksei Periode sebelumnya: 20260831
[2026-10-03 10:09:45] ksei Menyusun seri 24 bulan untuk estimasi harga rata-rata asing...
[2026-10-03 10:09:45] ksei Terbaca 1012 emiten EQUITY; seri 24 bulan
[2026-10-03 10:15:09] ==================================================
[2026-10-03 10:15:09] Aplikasi Screener dimulai
[2026-10-03 10:15:11] Melayani di http://127.0.0.1:8769/
[2026-10-03 10:15:11] Screener Praktis berjalan di http://127.0.0.1:8769/
[2026-10-03 10:15:27] ksei Periode terbaru : 20260930
[2026-10-03 10:15:27] ksei Periode sebelumnya: 20260831
[2026-10-03 10:15:27] ksei Menyusun seri 24 bulan untuk estimasi harga rata-rata asing...
[2026-10-03 10:15:27] ksei Terbaca 1012 emiten EQUITY; seri 24 bulan
[2026-10-03 10:31:25] ==================================================
[2026-10-03 10:31:25] Aplikasi Screener dimulai
[2026-10-03 10:31:27] Melayani di http://127.0.0.1:8770/
[2026-10-03 10:31:27] Screener Praktis berjalan di http://127.0.0.1:8770/
[2026-10-03 10:32:22] ksei Periode terbaru : 20260930
[2026-10-03 10:32:22] ksei Periode sebelumnya: 20260831
[2026-10-03 10:32:22] ksei Menyusun seri 24 bulan untuk estimasi harga rata-rata asing...
[2026-10-03 10:32:22] ksei Terbaca 1012 emiten EQUITY; seri 24 bulan
[2026-10-03 11:28:51] ==================================================
[2026-10-03 11:28:51] Aplikasi Screener dimulai
[2026-10-03 11:28:53] Melayani di http://127.0.0.1:8771/
[2026-10-03 11:28:53] Screener Praktis berjalan di http://127.0.0.1:8771/
[2026-10-03 11:28:58] Daftar pantau: 16 emiten (BBCA, BBRI, BMRI, BBNI, TLKM, ASII, ANTM, ADRO...)
[2026-10-03 11:28:58] Mengunduh kepemilikan KSEI...
[2026-10-03 11:28:58] [cache] memakai ksei yang tersimpan (141 menit lalu)
[2026-10-03 11:28:58] Mengunduh harga & fundamental (16 emiten)...
[2026-10-03 11:29:04] emiten [1/16] BBCA ok
[2026-10-03 11:29:05] emiten [2/16] BBRI ok
[2026-10-03 11:29:05] emiten [3/16] BMRI ok
[2026-10-03 11:29:06] emiten [4/16] BBNI ok
[2026-10-03 11:29:07] emiten [5/16] TLKM ok
[2026-10-03 11:29:07] emiten [6/16] ASII ok
[2026-10-03 11:29:08] emiten [7/16] ANTM ok
[2026-10-03 11:29:08] emiten [8/16] ADRO ok
[2026-10-03 11:29:09] emiten [9/16] ICBP ok
[2026-10-03 11:29:09] emiten [10/16] PTBA ok
[2026-10-03 11:29:10] emiten [11/16] BRMS ok
[2026-10-03 11:29:11] emiten [12/16] CBRE ok
[2026-10-03 11:29:11] emiten [13/16] ENRG ok
[2026-10-03 11:29:12] emiten [14/16] MEDC ok
[2026-10-03 11:29:12] emiten [15/16] VKTR ok
[2026-10-03 11:29:13] emiten [16/16] ULTJ ok
[2026-10-03 11:29:13] Selesai. 16 emiten siap.
[2026-10-03 11:29:40] ==================================================
[2026-10-03 11:29:40] Aplikasi Screener dimulai
[2026-10-03 11:29:42] Melayani di http://127.0.0.1:8765/
[2026-10-03 11:29:42] Screener Praktis berjalan di http://127.0.0.1:8765/
[2026-10-03 11:29:49] Daftar pantau: 16 emiten (BBCA, BBRI, BMRI, BBNI, TLKM, ASII, ANTM, ADRO...)
[2026-10-03 11:29:49] Mengunduh kepemilikan KSEI...
[2026-10-03 11:29:56] ksei Periode terbaru : 20260930
[2026-10-03 11:29:56] ksei Periode sebelumnya: 20260831
[2026-10-03 11:29:56] ksei Menyusun seri 24 bulan untuk estimasi harga rata-rata asing...
[2026-10-03 11:29:56] ksei Terbaca 1012 emiten EQUITY; seri 24 bulan
[2026-10-03 11:29:56] Mengunduh harga & fundamental (16 emiten)...
[2026-10-03 11:30:00] emiten [1/16] BBCA ok
[2026-10-03 11:30:01] emiten [2/16] BBRI ok
[2026-10-03 11:30:02] emiten [3/16] BMRI ok
[2026-10-03 11:30:02] emiten [4/16] BBNI ok
[2026-10-03 11:30:03] emiten [5/16] TLKM ok
[2026-10-03 11:30:03] emiten [6/16] ASII ok
[2026-10-03 11:30:04] emiten [7/16] ANTM ok
[2026-10-03 11:30:05] emiten [8/16] ADRO ok
[2026-10-03 11:30:05] emiten [9/16] ICBP ok
[2026-10-03 11:30:06] emiten [10/16] PTBA ok
[2026-10-03 11:30:06] emiten [11/16] BRMS ok
[2026-10-03 11:30:07] emiten [12/16] CBRE ok
[2026-10-03 11:30:08] emiten [13/16] ENRG ok
[2026-10-03 11:30:08] emiten [14/16] MEDC ok
[2026-10-03 11:30:09] emiten [15/16] VKTR ok
[2026-10-03 11:30:09] emiten [16/16] ULTJ ok
[2026-10-03 11:30:09] Mengunduh broker & insider (SahamScope, watchlist)...
[2026-10-03 11:30:11] scope BBCA ok
[2026-10-03 11:30:14] scope BBRI ok
[2026-10-03 11:30:17] scope BMRI ok
[2026-10-03 11:30:20] scope BBNI ok
[2026-10-03 11:30:21] scope TLKM ok
[2026-10-03 11:30:24] scope ASII ok
[2026-10-03 11:30:27] scope ANTM ok
[2026-10-03 11:30:30] scope ADRO ok
[2026-10-03 11:30:33] scope ICBP ok
[2026-10-03 11:30:35] scope PTBA ok
[2026-10-03 11:30:38] scope BRMS ok
[2026-10-03 11:30:40] scope CBRE ok
[2026-10-03 11:30:43] scope ENRG ok
[2026-10-03 11:30:45] scope MEDC ok
[2026-10-03 11:30:47] scope VKTR ok
[2026-10-03 11:30:50] scope ULTJ ok
[2026-10-03 11:30:50] Selesai. 16 emiten siap.
[2026-10-03 12:25:01] ==================================================
[2026-10-03 12:25:01] Aplikasi Screener dimulai
[2026-10-03 12:25:03] Melayani di http://127.0.0.1:8765/
[2026-10-03 12:25:03] Screener Praktis berjalan di http://127.0.0.1:8765/
[2026-10-03 12:25:07] Daftar pantau: 16 emiten (BBCA, BBRI, BMRI, BBNI, TLKM, ASII, ANTM, ADRO...)
[2026-10-03 12:25:07] Mengunduh kepemilikan KSEI...
[2026-10-03 12:25:13] ksei Periode terbaru : 20260930
[2026-10-03 12:25:13] ksei Periode sebelumnya: 20260831
[2026-10-03 12:25:13] ksei Menyusun seri 24 bulan untuk estimasi harga rata-rata asing...
[2026-10-03 12:25:14] ksei Terbaca 1012 emiten EQUITY; seri 24 bulan
[2026-10-03 12:25:14] Mengunduh harga & fundamental (16 emiten)...
[2026-10-03 12:25:18] emiten [1/16] BBCA ok
[2026-10-03 12:25:19] emiten [2/16] BBRI ok
[2026-10-03 12:25:19] emiten [3/16] BMRI ok
[2026-10-03 12:25:20] emiten [4/16] BBNI ok
[2026-10-03 12:25:21] emiten [5/16] TLKM ok
[2026-10-03 12:25:21] emiten [6/16] ASII ok
[2026-10-03 12:25:22] emiten [7/16] ANTM ok
[2026-10-03 12:25:22] emiten [8/16] ADRO ok
[2026-10-03 12:25:23] emiten [9/16] ICBP ok
[2026-10-03 12:25:23] emiten [10/16] PTBA ok
[2026-10-03 12:25:24] emiten [11/16] BRMS ok
[2026-10-03 12:25:24] emiten [12/16] CBRE ok
[2026-10-03 12:25:25] emiten [13/16] ENRG ok
[2026-10-03 12:25:26] emiten [14/16] MEDC ok
[2026-10-03 12:25:26] emiten [15/16] VKTR ok
[2026-10-03 12:25:27] emiten [16/16] ULTJ ok
[2026-10-03 12:25:27] Mengunduh broker & insider (SahamScope, watchlist)...
[2026-10-03 12:25:42] scope gagal: SahamScope gagal total (BBCA: HTTP Error 429: Too Many Requests; BBRI: HTTP Error 429: Too Many Requests; BMRI: HTTP Error 429: Too Many Requests; BBNI: HTTP Error 429: Too Many Reques)
[2026-10-03 12:25:42] SahamScope gagal — memakai cache lama bila ada.
[2026-10-03 12:25:42] Selesai. 16 emiten siap.
[2026-10-03 12:27:04] Daftar pantau: 16 emiten (BBCA, BBRI, BMRI, BBNI, TLKM, ASII, ANTM, ADRO...)
[2026-10-03 12:27:04] Mengunduh kepemilikan KSEI...
[2026-10-03 12:27:04] [cache] memakai ksei yang tersimpan (2 menit lalu)
[2026-10-03 12:27:04] Mengunduh harga & fundamental (16 emiten)...
[2026-10-03 12:27:04] [cache] memakai emiten yang tersimpan (2 menit lalu)
[2026-10-03 12:27:04] Mengunduh broker & insider (SahamScope, watchlist)...
[2026-10-03 12:27:18] scope gagal: SahamScope gagal total (BBCA: HTTP Error 429: Too Many Requests; BBRI: HTTP Error 429: Too Many Requests; BMRI: HTTP Error 429: Too Many Requests; BBNI: HTTP Error 429: Too Many Reques)
[2026-10-03 12:27:18] SahamScope gagal — memakai cache lama bila ada.
[2026-10-03 12:27:18] Selesai. 16 emiten siap.
[2026-10-03 13:45:56] ==================================================
[2026-10-03 13:45:56] Aplikasi Screener dimulai
[2026-10-03 13:45:58] Melayani di http://127.0.0.1:8765/
[2026-10-03 13:45:58] Screener Praktis berjalan di http://127.0.0.1:8765/
[2026-10-03 13:46:04] Daftar pantau: 16 emiten (BBCA, BBRI, BMRI, BBNI, TLKM, ASII, ANTM, ADRO...)
[2026-10-03 13:46:04] Mengunduh kepemilikan KSEI...
[2026-10-03 13:46:16] ksei Periode terbaru : 20260930
[2026-10-03 13:46:16] ksei Periode sebelumnya: 20260831
[2026-10-03 13:46:16] ksei Menyusun seri 24 bulan untuk estimasi harga rata-rata asing...
[2026-10-03 13:46:16] ksei Terbaca 1012 emiten EQUITY; seri 24 bulan
[2026-10-03 13:46:16] Mengunduh harga & fundamental (16 emiten)...
[2026-10-03 13:46:22] emiten [1/16] BBCA ok
[2026-10-03 13:46:23] emiten [2/16] BBRI ok
[2026-10-03 13:46:24] emiten [3/16] BMRI ok
[2026-10-03 13:46:24] emiten [4/16] BBNI ok
[2026-10-03 13:46:25] emiten [5/16] TLKM ok
[2026-10-03 13:46:25] emiten [6/16] ASII ok
[2026-10-03 13:46:26] emiten [7/16] ANTM ok
[2026-10-03 13:46:27] emiten [8/16] ADRO ok
[2026-10-03 13:46:27] emiten [9/16] ICBP ok
[2026-10-03 13:46:28] emiten [10/16] PTBA ok
[2026-10-03 13:46:28] emiten [11/16] BRMS ok
[2026-10-03 13:46:29] emiten [12/16] CBRE ok
[2026-10-03 13:46:29] emiten [13/16] ENRG ok
[2026-10-03 13:46:30] emiten [14/16] MEDC ok
[2026-10-03 13:46:31] emiten [15/16] VKTR ok
[2026-10-03 13:46:31] emiten [16/16] ULTJ ok
[2026-10-03 13:46:31] Mengunduh broker & insider (SahamScope, watchlist)...
[2026-10-03 13:47:00] scope gagal: SahamScope gagal total (BBCA: HTTP Error 429: Too Many Requests; BBRI: HTTP Error 429: Too Many Requests; BMRI: HTTP Error 429: Too Many Requests; BBNI: HTTP Error 429: Too Many Reques)
[2026-10-03 13:47:00] SahamScope gagal — memakai cache lama bila ada.
[2026-10-03 13:47:00] Selesai. 16 emiten siap.
[2026-10-03 13:47:00] Memuat peta tema...
[2026-10-03 13:47:00] tema peta-produk-komoditas/coal: 25 baris
[2026-10-03 13:47:03] tema peta-produk-komoditas/crude-oil: 5 baris
[2026-10-03 13:47:05] tema peta-produk-komoditas/lignite: 6 baris
[2026-10-03 13:47:07] tema peta-industri/minyak-gas: 18 baris
[2026-10-03 13:47:10] tema peta-produk-komoditas/gold: 7 baris
[2026-10-03 13:47:12] tema peta-produk-komoditas/gold-ore: 7 baris
[2026-10-03 13:47:15] tema peta-produk-komoditas/nickel-ore: 15 baris
[2026-10-03 13:47:17] tema peta-produk-komoditas/nickel-matte: 3 baris
[2026-10-03 13:47:19] tema peta-produk-komoditas/data-center: 1 baris
[2026-10-03 13:47:22] tema peta-industri/aplikasi-jasa-internet: 11 baris
[2026-10-03 13:48:51] ==================================================
[2026-10-03 13:48:51] Aplikasi Screener dimulai
[2026-10-03 13:48:53] Melayani di http://127.0.0.1:8765/
[2026-10-03 13:48:53] Screener Praktis berjalan di http://127.0.0.1:8765/
[2026-10-03 13:49:16] ksei Periode terbaru : 20260930
[2026-10-03 13:49:16] ksei Periode sebelumnya: 20260831
[2026-10-03 13:49:16] ksei Menyusun seri 24 bulan untuk estimasi harga rata-rata asing...
[2026-10-03 13:49:16] ksei Terbaca 1012 emiten EQUITY; seri 24 bulan
[2026-10-03 13:54:30] ==================================================
[2026-10-03 13:54:30] Aplikasi Screener dimulai
[2026-10-03 13:54:32] Melayani di http://127.0.0.1:8766/
[2026-10-03 13:54:32] Screener Praktis berjalan di http://127.0.0.1:8766/
[2026-10-03 13:55:27] ksei Periode terbaru : 20260930
[2026-10-03 13:55:27] ksei Periode sebelumnya: 20260831
[2026-10-03 13:55:27] ksei Menyusun seri 24 bulan untuk estimasi harga rata-rata asing...
[2026-10-03 13:55:27] ksei Terbaca 1012 emiten EQUITY; seri 24 bulan
[2026-10-03 13:55:52] Daftar pantau: 16 emiten (BBCA, BBRI, BMRI, BBNI, TLKM, ASII, ANTM, ADRO...)
[2026-10-03 13:55:52] Mengunduh kepemilikan KSEI...
[2026-10-03 13:55:52] [cache] memakai ksei yang tersimpan (0 menit lalu)
[2026-10-03 13:55:52] Mengunduh harga & fundamental (16 emiten)...
[2026-10-03 13:55:57] emiten [1/16] BBCA ok
[2026-10-03 13:55:57] emiten [2/16] BBRI ok
[2026-10-03 13:55:58] emiten [3/16] BMRI ok
[2026-10-03 13:55:58] emiten [4/16] BBNI ok
[2026-10-03 13:55:59] emiten [5/16] TLKM ok
[2026-10-03 13:56:00] emiten [6/16] ASII ok
[2026-10-03 13:56:00] emiten [7/16] ANTM ok
[2026-10-03 13:56:01] emiten [8/16] ADRO ok
[2026-10-03 13:56:01] emiten [9/16] ICBP ok
[2026-10-03 13:56:02] emiten [10/16] PTBA ok
[2026-10-03 13:56:03] emiten [11/16] BRMS ok
[2026-10-03 13:56:03] emiten [12/16] CBRE ok
[2026-10-03 13:56:04] emiten [13/16] ENRG ok
[2026-10-03 13:56:05] emiten [14/16] MEDC ok
[2026-10-03 13:56:05] emiten [15/16] VKTR ok
[2026-10-03 13:56:06] emiten [16/16] ULTJ ok
[2026-10-03 13:56:06] Mengunduh broker & insider (SahamScope, watchlist)...
[2026-10-03 13:56:06] [cache] memakai scope yang tersimpan (2 menit lalu)
[2026-10-03 13:56:06] Selesai. 16 emiten siap.
[2026-10-03 13:56:06] Memuat peta tema...
[2026-10-03 13:57:37] ksei [cache] memakai ksei yang tersimpan (2 menit lalu)
[2026-10-03 13:57:37] tv [cache] memakai tv yang tersimpan (2 menit lalu)
[2026-10-03 13:58:01] ==================================================
[2026-10-03 13:58:01] Aplikasi Screener dimulai
[2026-10-03 13:58:03] Melayani di http://127.0.0.1:8765/
[2026-10-03 13:58:03] Screener Praktis berjalan di http://127.0.0.1:8765/
[2026-10-03 13:58:20] ksei Periode terbaru : 20260930
[2026-10-03 13:58:20] ksei Periode sebelumnya: 20260831
[2026-10-03 13:58:20] ksei Menyusun seri 24 bulan untuk estimasi harga rata-rata asing...
[2026-10-03 13:58:20] ksei Terbaca 1012 emiten EQUITY; seri 24 bulan
[2026-10-03 13:58:41] ksei [cache] memakai ksei yang tersimpan (0 menit lalu)
[2026-10-03 13:58:41] tv [cache] memakai tv yang tersimpan (0 menit lalu)
[2026-10-03 13:59:42] ==================================================
[2026-10-03 13:59:42] Aplikasi Screener dimulai
[2026-10-03 13:59:44] Melayani di http://127.0.0.1:8765/
[2026-10-03 13:59:44] Screener Praktis berjalan di http://127.0.0.1:8765/
[2026-10-03 14:02:09] ksei Periode terbaru : 20260930
[2026-10-03 14:02:09] ksei Periode sebelumnya: 20260831
[2026-10-03 14:02:09] ksei Menyusun seri 24 bulan untuk estimasi harga rata-rata asing...
[2026-10-03 14:02:09] ksei Terbaca 1012 emiten EQUITY; seri 24 bulan
[2026-10-03 14:30:18] ==================================================
[2026-10-03 14:30:18] Aplikasi Screener dimulai
[2026-10-03 14:30:20] Melayani di http://127.0.0.1:8766/
[2026-10-03 14:30:20] Screener Praktis berjalan di http://127.0.0.1:8766/
[2026-10-03 14:30:45] emiten [1/2] BBCA ok
[2026-10-03 14:30:45] emiten [2/2] TLKM ok
[2026-10-03 14:30:51] scope detail gagal: SahamScope gagal total (BBCA: HTTP Error 429: Too Many Requests; TLKM: HTTP Error 429: Too Many Requests)
[2026-10-03 14:31:00] ksei Periode terbaru : 20260930
[2026-10-03 14:31:00] ksei Periode sebelumnya: 20260831
[2026-10-03 14:31:00] ksei Menyusun seri 24 bulan untuk estimasi harga rata-rata asing...
[2026-10-03 14:31:00] ksei Terbaca 1012 emiten EQUITY; seri 24 bulan
[2026-10-03 14:48:41] ==================================================
[2026-10-03 14:48:41] Aplikasi Screener dimulai
[2026-10-03 14:48:43] Melayani di http://127.0.0.1:8766/
[2026-10-03 14:48:43] Screener Praktis berjalan di http://127.0.0.1:8766/
[2026-10-03 15:09:52] ==================================================
[2026-10-03 15:09:52] Aplikasi Screener dimulai
[2026-10-03 15:09:54] Melayani di http://127.0.0.1:8765/
[2026-10-03 15:09:54] Screener Praktis berjalan di http://127.0.0.1:8765/
[2026-10-03 15:10:09] ksei Periode terbaru : 20260930
[2026-10-03 15:10:09] ksei Periode sebelumnya: 20260831
[2026-10-03 15:10:09] ksei Menyusun seri 24 bulan untuk estimasi harga rata-rata asing...
[2026-10-03 15:10:09] ksei Terbaca 1012 emiten EQUITY; seri 24 bulan
[2026-10-03 16:37:02] ==================================================
[2026-10-03 16:37:02] Aplikasi Screener dimulai
[2026-10-03 16:37:04] Melayani di http://127.0.0.1:8766/
[2026-10-03 16:37:04] Screener Praktis berjalan di http://127.0.0.1:8766/
[2026-10-03 16:37:11] Daftar pantau: 16 emiten (BBCA, BBRI, BMRI, BBNI, TLKM, ASII, ANTM, ADRO...)
[2026-10-03 16:37:11] Mengunduh kepemilikan KSEI...
[2026-10-03 16:37:19] ksei Periode terbaru : 20260930
[2026-10-03 16:37:19] ksei Periode sebelumnya: 20260831
[2026-10-03 16:37:19] ksei Menyusun seri 24 bulan untuk estimasi harga rata-rata asing...
[2026-10-03 16:37:20] ksei Terbaca 1012 emiten EQUITY; seri 24 bulan
[2026-10-03 16:37:20] Mengunduh harga & fundamental (16 emiten)...
[2026-10-03 16:37:24] emiten [1/16] BBCA ok
[2026-10-03 16:37:24] emiten [2/16] BBRI ok
[2026-10-03 16:37:25] emiten [3/16] BMRI ok
[2026-10-03 16:37:25] emiten [4/16] BBNI ok
[2026-10-03 16:37:26] emiten [5/16] TLKM ok
[2026-10-03 16:37:27] emiten [6/16] ASII ok
[2026-10-03 16:37:27] emiten [7/16] ANTM ok
[2026-10-03 16:37:28] emiten [8/16] ADRO ok
[2026-10-03 16:37:28] emiten [9/16] ICBP ok
[2026-10-03 16:37:29] emiten [10/16] PTBA ok
[2026-10-03 16:37:29] emiten [11/16] BRMS ok
[2026-10-03 16:37:30] emiten [12/16] CBRE ok
[2026-10-03 16:37:30] emiten [13/16] ENRG ok
[2026-10-03 16:37:31] emiten [14/16] MEDC ok
[2026-10-03 16:37:31] emiten [15/16] VKTR ok
[2026-10-03 16:37:32] emiten [16/16] ULTJ ok
[2026-10-03 16:37:32] Mengunduh broker & insider (SahamScope, watchlist)...
[2026-10-03 16:37:47] scope gagal: SahamScope gagal total (BBCA: HTTP Error 502: Bad Gateway; BBRI: HTTP Error 502: Bad Gateway; BMRI: HTTP Error 502: Bad Gateway; BBNI: HTTP Error 502: Bad Gateway; TLKM: HTTP Error 502)
[2026-10-03 16:37:47] SahamScope gagal — memakai cache lama bila ada.
[2026-10-03 16:37:47] Menambah avg broker IndoPremier (SQLite)...
[2026-10-03 16:38:24] Avg broker IndoPremier: 16 emiten.
[2026-10-03 16:38:24] Selesai. 16 emiten siap.
[2026-10-03 16:38:24] Memuat peta tema...
[2026-10-03 16:50:17] ==================================================
[2026-10-03 16:50:17] Aplikasi Screener dimulai
[2026-10-03 16:50:19] Melayani di http://127.0.0.1:8766/
[2026-10-03 16:50:19] Screener Praktis berjalan di http://127.0.0.1:8766/
[2026-10-03 16:52:07] ==================================================
[2026-10-03 16:52:07] Aplikasi Screener dimulai
[2026-10-03 16:52:09] Melayani di http://127.0.0.1:8765/
[2026-10-03 16:52:09] Screener Praktis berjalan di http://127.0.0.1:8765/
[2026-10-03 17:24:51] ==================================================
[2026-10-03 17:24:51] Aplikasi Screener dimulai
[2026-10-03 17:24:53] Melayani di http://127.0.0.1:8765/
[2026-10-03 17:24:53] Screener Praktis berjalan di http://127.0.0.1:8765/
[2026-10-03 17:39:07] ksei Periode terbaru : 20260930
[2026-10-03 17:39:07] ksei Periode sebelumnya: 20260831
[2026-10-03 17:39:07] ksei Menyusun seri 24 bulan untuk estimasi harga rata-rata asing...
[2026-10-03 17:39:07] ksei Terbaca 1012 emiten EQUITY; seri 24 bulan
[2026-10-03 18:16:48] ==================================================
[2026-10-03 18:16:48] Aplikasi Screener dimulai
[2026-10-03 18:16:50] Melayani di http://127.0.0.1:8765/
[2026-10-03 18:16:50] Screener Praktis berjalan di http://127.0.0.1:8765/
[2026-10-03 18:17:06] ksei Periode terbaru : 20260930
[2026-10-03 18:17:06] ksei Periode sebelumnya: 20260831
[2026-10-03 18:17:06] ksei Menyusun seri 24 bulan untuk estimasi harga rata-rata asing...
[2026-10-03 18:17:06] ksei Terbaca 1012 emiten EQUITY; seri 24 bulan
[2026-10-03 18:31:51] ==================================================
[2026-10-03 18:31:51] Aplikasi Screener dimulai
[2026-10-03 18:31:53] Melayani di http://127.0.0.1:8766/
[2026-10-03 18:31:53] Screener Praktis berjalan di http://127.0.0.1:8766/
[2026-10-03 18:35:07] ==================================================
[2026-10-03 18:35:07] Aplikasi Screener dimulai
[2026-10-03 18:35:09] Melayani di http://127.0.0.1:8767/
[2026-10-03 18:35:09] Screener Praktis berjalan di http://127.0.0.1:8767/
[2026-10-03 18:41:20] ==================================================
[2026-10-03 18:41:20] Aplikasi Screener dimulai
[2026-10-03 18:41:22] Melayani di http://127.0.0.1:8768/
[2026-10-03 18:41:22] Screener Praktis berjalan di http://127.0.0.1:8768/
[2026-10-03 18:41:29] emiten !!!: tidak ada data
[2026-10-03 18:41:45] emiten [1/1] BBCA ok
[2026-10-03 18:41:50] scope stock gagal: SahamScope gagal total (BBCA: HTTP Error 429: Too Many Requests)
[2026-10-03 18:41:51] fund BBCA ok
[2026-10-03 18:45:34] ==================================================
[2026-10-03 18:45:34] Aplikasi Screener dimulai
[2026-10-03 18:45:36] Melayani di http://127.0.0.1:8768/
[2026-10-03 18:45:36] Screener Praktis berjalan di http://127.0.0.1:8768/
[2026-10-03 18:45:48] emiten [1/1] BBCA ok
[2026-10-03 18:45:49] scope stock gagal: SahamScope gagal total (BBCA: HTTP Error 429: Too Many Requests)
[2026-10-03 18:46:36] ksei [cache] memakai ksei yang tersimpan (30 menit lalu)
[2026-10-03 18:48:07] ==================================================
[2026-10-03 18:48:07] Aplikasi Screener dimulai
[2026-10-03 18:48:09] Melayani di http://127.0.0.1:8765/
[2026-10-03 18:48:09] Screener Praktis berjalan di http://127.0.0.1:8765/
[2026-10-03 18:48:27] emiten [1/1] MERK ok
[2026-10-03 18:48:28] scope stock gagal: SahamScope gagal total (MERK: HTTP Error 429: Too Many Requests)
[2026-10-03 18:48:30] fund MERK ok
[2026-10-03 18:49:47] ksei Periode terbaru : 20260930
[2026-10-03 18:49:47] ksei Periode sebelumnya: 20260831
[2026-10-03 18:49:47] ksei Menyusun seri 24 bulan untuk estimasi harga rata-rata asing...
[2026-10-03 18:49:47] ksei Terbaca 1012 emiten EQUITY; seri 24 bulan
[2026-10-03 18:50:00] emiten [1/1] MERK ok
[2026-10-03 18:50:01] scope stock gagal: SahamScope gagal total (MERK: HTTP Error 429: Too Many Requests)
[2026-10-03 19:03:50] ==================================================
[2026-10-03 19:03:50] Aplikasi Screener dimulai
[2026-10-03 19:03:52] Melayani di http://127.0.0.1:8766/
[2026-10-03 19:03:52] Screener Praktis berjalan di http://127.0.0.1:8766/
[2026-10-03 21:55:15] ksei Periode terbaru : 20260930
[2026-10-03 21:55:15] ksei Periode sebelumnya: 20260831
[2026-10-03 21:55:15] ksei Menyusun seri 24 bulan untuk estimasi harga rata-rata asing...
[2026-10-03 21:55:15] ksei Terbaca 1012 emiten EQUITY; seri 24 bulan
[2026-10-03 21:59:08] emiten [1/1] MAPA ok
[2026-10-03 21:59:13] scope stock gagal: SahamScope gagal total (MAPA: HTTP Error 429: Too Many Requests)
[2026-10-03 21:59:15] fund MAPA ok
[2026-10-03 22:23:48] ksei [cache] memakai ksei yang tersimpan (29 menit lalu)
[2026-10-03 22:30:16] emiten [1/1] ADRO ok
[2026-10-03 22:30:22] scope stock gagal: SahamScope gagal total (ADRO: HTTP Error 429: Too Many Requests)
[2026-10-03 22:30:24] fund ADRO ok
[2026-10-04 09:04:15] ==================================================
[2026-10-04 09:04:15] Aplikasi Screener dimulai
[2026-10-04 09:04:17] Melayani di http://127.0.0.1:8765/
[2026-10-04 09:04:17] Screener Praktis berjalan di http://127.0.0.1:8765/
[2026-10-04 09:04:36] ==================================================
[2026-10-04 09:04:36] Aplikasi Screener dimulai
[2026-10-04 09:04:38] Melayani di http://127.0.0.1:8765/
[2026-10-04 09:04:38] Screener Praktis berjalan di http://127.0.0.1:8765/
[2026-10-04 09:04:53] ksei Periode terbaru : 20260930
[2026-10-04 09:04:53] ksei Periode sebelumnya: 20260831
[2026-10-04 09:04:53] ksei Menyusun seri 24 bulan untuk estimasi harga rata-rata asing...
[2026-10-04 09:04:54] ksei Terbaca 1012 emiten EQUITY; seri 24 bulan
[2026-10-05 08:48:00] ==================================================
[2026-10-05 08:48:00] Aplikasi Screener dimulai
[2026-10-05 08:48:02] Melayani di http://127.0.0.1:8765/
[2026-10-05 08:48:02] Screener Praktis berjalan di http://127.0.0.1:8765/
[2026-10-05 08:48:46] ksei Periode terbaru : 20260930
[2026-10-05 08:48:46] ksei Periode sebelumnya: 20260831
[2026-10-05 08:48:46] ksei Menyusun seri 24 bulan untuk estimasi harga rata-rata asing...
[2026-10-05 08:48:47] ksei Terbaca 1012 emiten EQUITY; seri 24 bulan
[2026-10-05 10:07:40] konfigurasi disimpan: 19 emiten, 24 bulan KSEI
[2026-10-05 10:07:40] Daftar pantau: 19 emiten (BBCA, BBRI, BMRI, BBNI, TLKM, ASII, ANTM, ADRO...)
[2026-10-05 10:07:40] Mengunduh kepemilikan KSEI...
[2026-10-05 10:07:53] ksei Periode terbaru : 20260930
[2026-10-05 10:07:53] ksei Periode sebelumnya: 20260831
[2026-10-05 10:07:53] ksei Menyusun seri 24 bulan untuk estimasi harga rata-rata asing...
[2026-10-05 10:07:53] ksei Terbaca 1012 emiten EQUITY; seri 24 bulan
[2026-10-05 10:07:53] Mengunduh harga & fundamental (19 emiten)...
[2026-10-05 10:07:58] emiten [1/19] BBCA ok
[2026-10-05 10:07:59] emiten [2/19] BBRI ok
[2026-10-05 10:07:59] emiten [3/19] BMRI ok
[2026-10-05 10:08:00] emiten [4/19] BBNI ok
[2026-10-05 10:08:01] emiten [5/19] TLKM ok
[2026-10-05 10:08:01] emiten [6/19] ASII ok
[2026-10-05 10:08:02] emiten [7/19] ANTM ok
[2026-10-05 10:08:02] emiten [8/19] ADRO ok
[2026-10-05 10:08:03] emiten [9/19] ICBP ok
[2026-10-05 10:08:04] emiten [10/19] PTBA ok
[2026-10-05 10:08:04] emiten [11/19] BRMS ok
[2026-10-05 10:08:05] emiten [12/19] CBRE ok
[2026-10-05 10:08:05] emiten [13/19] ENRG ok
[2026-10-05 10:08:06] emiten [14/19] MEDC ok
[2026-10-05 10:08:06] emiten [15/19] VKTR ok
[2026-10-05 10:08:07] emiten [16/19] ULTJ ok
[2026-10-05 10:08:08] emiten [17/19] SEMA ok
[2026-10-05 10:08:08] emiten [18/19] SMAR ok
[2026-10-05 10:08:09] emiten [19/19] MBSS ok
[2026-10-05 10:08:09] Mengunduh broker & insider (SahamScope, watchlist)...
[2026-10-05 10:08:16] scope BBCA ok
[2026-10-05 10:08:18] scope BBRI ok
[2026-10-05 10:08:20] scope BMRI ok
[2026-10-05 10:08:23] scope BBNI ok
[2026-10-05 10:08:25] scope TLKM ok
[2026-10-05 10:08:27] scope ASII ok
[2026-10-05 10:08:30] scope ANTM ok
[2026-10-05 10:08:32] scope ADRO ok
[2026-10-05 10:08:34] scope ICBP ok
[2026-10-05 10:08:37] scope PTBA ok
[2026-10-05 10:08:39] scope BRMS ok
[2026-10-05 10:08:41] scope CBRE ok
[2026-10-05 10:08:44] scope ENRG ok
[2026-10-05 10:08:46] scope MEDC ok
[2026-10-05 10:08:48] scope VKTR ok
[2026-10-05 10:08:51] scope ULTJ ok
[2026-10-05 10:08:53] scope SEMA ok
[2026-10-05 10:08:55] scope SMAR ok
[2026-10-05 10:08:58] scope MBSS ok
[2026-10-05 10:08:58] Menambah avg broker IndoPremier (SQLite)...
[2026-10-05 10:09:47] Avg broker IndoPremier: 19 emiten.
[2026-10-05 10:09:47] Selesai. 19 emiten siap.
[2026-10-05 10:09:47] Memuat peta tema...
[2026-10-05 10:09:47] Memuat fundamental gabungan...
[2026-10-05 10:11:32] ksei [cache] memakai ksei yang tersimpan (4 menit lalu)
[2026-10-05 22:00:54] ==================================================
[2026-10-05 22:00:54] Aplikasi Screener dimulai
[2026-10-05 22:00:57] Melayani di http://127.0.0.1:8765/
[2026-10-05 22:00:57] Screener Praktis berjalan di http://127.0.0.1:8765/
[2026-10-05 22:30:17] ksei Periode terbaru : 20260930
[2026-10-05 22:30:17] ksei Periode sebelumnya: 20260831
[2026-10-05 22:30:17] ksei Menyusun seri 24 bulan untuk estimasi harga rata-rata asing...
[2026-10-05 22:30:18] ksei Terbaca 1012 emiten EQUITY; seri 24 bulan
[2026-10-05 23:26:09] emiten [1/1] MBSS ok
[2026-10-05 23:26:19] scope stock gagal: SahamScope gagal total (MBSS: HTTP Error 429: Too Many Requests)
[2026-10-05 23:26:20] fund MBSS ok
[2026-10-05 23:27:44] konfigurasi disimpan: 23 emiten, 24 bulan KSEI
[2026-10-05 23:27:44] Daftar pantau: 23 emiten (BBCA, BBRI, BMRI, BBNI, TLKM, ASII, ANTM, ADRO...)
[2026-10-05 23:27:44] Mengunduh kepemilikan KSEI...
[2026-10-05 23:27:55] ksei Periode terbaru : 20260930
[2026-10-05 23:27:55] ksei Periode sebelumnya: 20260831
[2026-10-05 23:27:55] ksei Menyusun seri 24 bulan untuk estimasi harga rata-rata asing...
[2026-10-05 23:27:56] ksei Terbaca 1012 emiten EQUITY; seri 24 bulan
[2026-10-05 23:27:56] Mengunduh harga & fundamental (23 emiten)...
[2026-10-05 23:28:01] emiten [1/23] BBCA ok
[2026-10-05 23:28:01] emiten [2/23] BBRI ok
[2026-10-05 23:28:02] emiten [3/23] BMRI ok
[2026-10-05 23:28:02] emiten [4/23] BBNI ok
[2026-10-05 23:28:03] emiten [5/23] TLKM ok
[2026-10-05 23:28:03] emiten [6/23] ASII ok
[2026-10-05 23:28:04] emiten [7/23] ANTM ok
[2026-10-05 23:28:05] emiten [8/23] ADRO ok
[2026-10-05 23:28:05] emiten [9/23] ICBP ok
[2026-10-05 23:28:06] emiten [10/23] PTBA ok
[2026-10-05 23:28:06] emiten [11/23] BRMS ok
[2026-10-05 23:28:07] emiten [12/23] CBRE ok
[2026-10-05 23:28:08] emiten [13/23] ENRG ok
[2026-10-05 23:28:08] emiten [14/23] MEDC ok
[2026-10-05 23:28:09] emiten [15/23] VKTR ok
[2026-10-05 23:28:09] emiten [16/23] ULTJ ok
[2026-10-05 23:28:10] emiten [17/23] SEMA ok
[2026-10-05 23:28:10] emiten [18/23] SMAR ok
[2026-10-05 23:28:11] emiten [19/23] MBSS ok
[2026-10-05 23:28:11] emiten [20/23] BUVA ok
[2026-10-05 23:28:12] emiten [21/23] CSMI ok
[2026-10-05 23:28:13] emiten [22/23] MITI ok
[2026-10-05 23:28:13] emiten [23/23] KDTN ok
[2026-10-05 23:28:13] Mengunduh broker & insider (SahamScope, watchlist)...
[2026-10-05 23:28:36] scope gagal: SahamScope gagal total (BBCA: HTTP Error 429: Too Many Requests; BBRI: HTTP Error 429: Too Many Requests; BMRI: HTTP Error 429: Too Many Requests; BBNI: HTTP Error 429: Too Many Reques)
[2026-10-05 23:28:36] SahamScope gagal — memakai cache lama bila ada.
[2026-10-05 23:28:36] Menambah avg broker IndoPremier (SQLite)...
[2026-10-05 23:28:46] Avg broker IndoPremier: 23 emiten.
[2026-10-05 23:28:46] Selesai. 23 emiten siap.
[2026-10-05 23:28:46] Memuat peta tema...
[2026-10-05 23:28:46] Memuat fundamental gabungan...
[2026-10-05 23:29:42] ksei [cache] memakai ksei yang tersimpan (2 menit lalu)
[2026-10-05 23:29:42] tv [cache] memakai tv yang tersimpan (59 menit lalu)
[2026-10-06 00:06:53] ==================================================
[2026-10-06 00:06:53] Aplikasi Screener dimulai
[2026-10-06 00:06:55] Melayani di http://127.0.0.1:8765/
[2026-10-06 00:06:55] Screener Praktis berjalan di http://127.0.0.1:8765/
[2026-10-06 00:07:06] ksei Periode terbaru : 20260930
[2026-10-06 00:07:06] ksei Periode sebelumnya: 20260831
[2026-10-06 00:07:06] ksei Menyusun seri 24 bulan untuk estimasi harga rata-rata asing...
[2026-10-06 00:07:07] ksei Terbaca 1012 emiten EQUITY; seri 24 bulan
[2026-10-06 00:13:37] ==================================================
[2026-10-06 00:13:37] Aplikasi Screener dimulai
[2026-10-06 00:13:39] Melayani di http://127.0.0.1:8765/
[2026-10-06 00:13:39] Screener Praktis berjalan di http://127.0.0.1:8765/
[2026-10-06 00:13:56] ksei Periode terbaru : 20260930
[2026-10-06 00:13:56] ksei Periode sebelumnya: 20260831
[2026-10-06 00:13:56] ksei Menyusun seri 24 bulan untuk estimasi harga rata-rata asing...
[2026-10-06 00:13:57] ksei Terbaca 1012 emiten EQUITY; seri 24 bulan
[2026-10-06 00:20:00] ==================================================
[2026-10-06 00:20:00] Aplikasi Screener dimulai
[2026-10-06 00:20:02] Melayani di http://127.0.0.1:8765/
[2026-10-06 00:20:02] Screener Praktis berjalan di http://127.0.0.1:8765/
[2026-10-06 00:20:13] ksei Periode terbaru : 20260930
[2026-10-06 00:20:13] ksei Periode sebelumnya: 20260831
[2026-10-06 00:20:13] ksei Menyusun seri 24 bulan untuk estimasi harga rata-rata asing...
[2026-10-06 00:20:13] ksei Terbaca 1012 emiten EQUITY; seri 24 bulan
[2026-10-06 14:32:51] ==================================================
[2026-10-06 14:32:51] Aplikasi Screener dimulai
[2026-10-06 14:32:53] Melayani di http://127.0.0.1:8765/
[2026-10-06 14:32:53] Screener Praktis berjalan di http://127.0.0.1:8765/
[2026-10-06 14:33:12] ksei Periode terbaru : 20260930
[2026-10-06 14:33:12] ksei Periode sebelumnya: 20260831
[2026-10-06 14:33:12] ksei Menyusun seri 24 bulan untuk estimasi harga rata-rata asing...
[2026-10-06 14:33:12] ksei Terbaca 1012 emiten EQUITY; seri 24 bulan
[2026-10-06 15:49:40] ==================================================
[2026-10-06 15:49:40] Aplikasi Screener dimulai
[2026-10-06 15:49:42] Melayani di http://127.0.0.1:8765/
[2026-10-06 15:49:42] Screener Praktis berjalan di http://127.0.0.1:8765/
[2026-10-06 15:49:46] ==================================================
[2026-10-06 15:49:46] Aplikasi Screener dimulai
[2026-10-06 15:49:48] Melayani di http://127.0.0.1:8766/
[2026-10-06 15:49:48] Screener Praktis berjalan di http://127.0.0.1:8766/
[2026-10-06 15:50:05] ksei Periode terbaru : 20260930
[2026-10-06 15:50:05] ksei Periode sebelumnya: 20260831
[2026-10-06 15:50:05] ksei Menyusun seri 24 bulan untuk estimasi harga rata-rata asing...
[2026-10-06 15:50:05] ksei Terbaca 1012 emiten EQUITY; seri 24 bulan
[2026-10-06 16:03:57] ksei Periode terbaru : 20260930
[2026-10-06 16:03:57] ksei Periode sebelumnya: 20260831
[2026-10-06 16:03:57] ksei Menyusun seri 24 bulan untuk estimasi harga rata-rata asing...
[2026-10-06 16:03:58] ksei Terbaca 1012 emiten EQUITY; seri 24 bulan
[2026-10-06 19:40:32] ==================================================
[2026-10-06 19:40:32] Aplikasi Screener dimulai
[2026-10-06 19:40:34] Melayani di http://127.0.0.1:8765/
[2026-10-06 19:40:34] Screener Praktis berjalan di http://127.0.0.1:8765/
[2026-10-06 19:42:12] ksei Periode terbaru : 20260930
[2026-10-06 19:42:12] ksei Periode sebelumnya: 20260831
[2026-10-06 19:42:12] ksei Menyusun seri 24 bulan untuk estimasi harga rata-rata asing...
[2026-10-06 19:42:12] ksei Terbaca 1012 emiten EQUITY; seri 24 bulan
[2026-10-06 22:37:46] ==================================================
[2026-10-06 22:37:46] Aplikasi Screener dimulai
[2026-10-06 22:37:49] Melayani di http://127.0.0.1:8765/
[2026-10-06 22:37:49] Screener Praktis berjalan di http://127.0.0.1:8765/
[2026-10-06 22:38:03] ksei Periode terbaru : 20260930
[2026-10-06 22:38:03] ksei Periode sebelumnya: 20260831
[2026-10-06 22:38:03] ksei Menyusun seri 24 bulan untuk estimasi harga rata-rata asing...
[2026-10-06 22:38:04] ksei Terbaca 1012 emiten EQUITY; seri 24 bulan
[2026-10-06 23:15:19] ==================================================
[2026-10-06 23:15:19] Aplikasi Screener dimulai
[2026-10-06 23:15:22] Melayani di http://127.0.0.1:8765/
[2026-10-06 23:15:22] Screener Praktis berjalan di http://127.0.0.1:8765/
[2026-10-06 23:15:36] ksei Periode terbaru : 20260930
[2026-10-06 23:15:36] ksei Periode sebelumnya: 20260831
[2026-10-06 23:15:36] ksei Menyusun seri 24 bulan untuk estimasi harga rata-rata asing...
[2026-10-06 23:15:36] ksei Terbaca 1012 emiten EQUITY; seri 24 bulan
[2026-10-06 23:17:22] ksei [cache] memakai ksei yang tersimpan (2 menit lalu)
[2026-10-06 23:17:22] tv [cache] memakai tv yang tersimpan (2 menit lalu)
[2026-10-06 23:18:10] ==================================================
[2026-10-06 23:18:10] Aplikasi Screener dimulai
[2026-10-06 23:18:12] Melayani di http://127.0.0.1:8765/
[2026-10-06 23:18:12] Screener Praktis berjalan di http://127.0.0.1:8765/
[2026-10-06 23:18:36] ksei Periode terbaru : 20260930
[2026-10-06 23:18:36] ksei Periode sebelumnya: 20260831
[2026-10-06 23:18:36] ksei Menyusun seri 24 bulan untuk estimasi harga rata-rata asing...
[2026-10-06 23:18:37] ksei Terbaca 1012 emiten EQUITY; seri 24 bulan
[2026-10-06 23:19:23] ksei [cache] memakai ksei yang tersimpan (1 menit lalu)
[2026-10-06 23:19:23] tv [cache] memakai tv yang tersimpan (1 menit lalu)
[2026-10-06 23:20:40] ksei [cache] memakai ksei yang tersimpan (2 menit lalu)
[2026-10-06 23:20:40] tv [cache] memakai tv yang tersimpan (2 menit lalu)
[2026-10-06 23:59:11] ==================================================
[2026-10-06 23:59:11] Aplikasi Screener dimulai
[2026-10-06 23:59:13] Melayani di http://127.0.0.1:8765/
[2026-10-06 23:59:13] Screener Praktis berjalan di http://127.0.0.1:8765/
[2026-10-06 23:59:30] ksei Periode terbaru : 20260930
[2026-10-06 23:59:30] ksei Periode sebelumnya: 20260831
[2026-10-06 23:59:30] ksei Menyusun seri 24 bulan untuk estimasi harga rata-rata asing...
[2026-10-06 23:59:30] ksei Terbaca 1012 emiten EQUITY; seri 24 bulan
[2026-10-07 00:19:09] ksei [cache] memakai ksei yang tersimpan (20 menit lalu)
[2026-10-07 00:19:09] tv [cache] memakai tv yang tersimpan (20 menit lalu)
[2026-10-07 00:25:50] emiten [1/1] ASII ok
[2026-10-07 00:26:00] scope ASII ok
[2026-10-07 00:26:01] fund ASII ok
[2026-10-07 00:26:22] emiten [1/1] ASII ok
[2026-10-07 00:26:23] scope ASII ok
[2026-10-07 01:42:42] ksei Periode terbaru : 20260930
[2026-10-07 01:42:42] ksei Periode sebelumnya: 20260831
[2026-10-07 01:42:42] ksei Menyusun seri 24 bulan untuk estimasi harga rata-rata asing...
[2026-10-07 01:42:42] ksei Terbaca 1012 emiten EQUITY; seri 24 bulan
[2026-10-07 09:50:15] ==================================================
[2026-10-07 09:50:15] Aplikasi Screener dimulai
[2026-10-07 09:50:18] Melayani di http://127.0.0.1:8765/
[2026-10-07 09:50:18] Screener Praktis berjalan di http://127.0.0.1:8765/
[2026-10-07 09:50:31] ksei Periode terbaru : 20260930
[2026-10-07 09:50:31] ksei Periode sebelumnya: 20260831
[2026-10-07 09:50:31] ksei Menyusun seri 24 bulan untuk estimasi harga rata-rata asing...
[2026-10-07 09:50:31] ksei Terbaca 1012 emiten EQUITY; seri 24 bulan
[2026-10-07 09:59:24] emiten [1/1] MPIX ok
[2026-10-07 09:59:34] scope MPIX ok
[2026-10-07 09:59:35] fund MPIX ok
[2026-10-07 12:17:45] ==================================================
[2026-10-07 12:17:45] Aplikasi Screener dimulai
[2026-10-07 12:17:47] Melayani di http://127.0.0.1:8765/
[2026-10-07 12:17:47] Screener Praktis berjalan di http://127.0.0.1:8765/
[2026-10-07 12:18:01] ksei Periode terbaru : 20260930
[2026-10-07 12:18:01] ksei Periode sebelumnya: 20260831
[2026-10-07 12:18:01] ksei Menyusun seri 24 bulan untuk estimasi harga rata-rata asing...
[2026-10-07 12:18:02] ksei Terbaca 1012 emiten EQUITY; seri 24 bulan
[2026-10-07 12:36:46] ==================================================
[2026-10-07 12:36:46] Aplikasi Screener dimulai
[2026-10-07 12:36:48] Melayani di http://127.0.0.1:8765/
[2026-10-07 12:36:48] Screener Praktis berjalan di http://127.0.0.1:8765/
[2026-10-07 12:37:00] ksei Periode terbaru : 20260930
[2026-10-07 12:37:00] ksei Periode sebelumnya: 20260831
[2026-10-07 12:37:00] ksei Menyusun seri 24 bulan untuk estimasi harga rata-rata asing...
[2026-10-07 12:37:00] ksei Terbaca 1012 emiten EQUITY; seri 24 bulan
[2026-10-07 12:38:24] emiten [1/1] ICBP ok
[2026-10-07 12:38:33] scope ICBP ok
[2026-10-07 12:38:34] fund ICBP ok
[2026-10-07 12:40:44] ksei [cache] memakai ksei yang tersimpan (4 menit lalu)
[2026-10-07 12:40:44] tv [cache] memakai tv yang tersimpan (4 menit lalu)
[2026-10-07 12:41:11] ==================================================
[2026-10-07 12:41:11] Aplikasi Screener dimulai
[2026-10-07 12:41:13] Melayani di http://127.0.0.1:8765/
[2026-10-07 12:41:13] Screener Praktis berjalan di http://127.0.0.1:8765/
[2026-10-07 12:41:29] ksei Periode terbaru : 20260930
[2026-10-07 12:41:29] ksei Periode sebelumnya: 20260831
[2026-10-07 12:41:29] ksei Menyusun seri 24 bulan untuk estimasi harga rata-rata asing...
[2026-10-07 12:41:29] ksei Terbaca 1012 emiten EQUITY; seri 24 bulan
[2026-10-07 12:42:20] Daftar pantau: 23 emiten (BBCA, BBRI, BMRI, BBNI, TLKM, ASII, ANTM, ADRO...)
[2026-10-07 12:42:20] Mengunduh kepemilikan KSEI...
[2026-10-07 12:42:20] [cache] memakai ksei yang tersimpan (1 menit lalu)
[2026-10-07 12:42:20] Mengunduh harga & fundamental (23 emiten)...
[2026-10-07 12:42:25] emiten [1/23] BBCA ok
[2026-10-07 12:42:25] emiten [2/23] BBRI ok
[2026-10-07 12:42:26] emiten [3/23] BMRI ok
[2026-10-07 12:42:26] emiten [4/23] BBNI ok
[2026-10-07 12:42:27] emiten [5/23] TLKM ok
[2026-10-07 12:42:28] emiten [6/23] ASII ok
[2026-10-07 12:42:28] emiten [7/23] ANTM ok
[2026-10-07 12:42:29] emiten [8/23] ADRO ok
[2026-10-07 12:42:29] emiten [9/23] ICBP ok
[2026-10-07 12:42:30] emiten [10/23] PTBA ok
[2026-10-07 12:42:31] emiten [11/23] BRMS ok
[2026-10-07 12:42:31] emiten [12/23] CBRE ok
[2026-10-07 12:42:32] emiten [13/23] ENRG ok
[2026-10-07 12:42:32] emiten [14/23] MEDC ok
[2026-10-07 12:42:33] emiten [15/23] VKTR ok
[2026-10-07 12:42:34] emiten [16/23] ULTJ ok
[2026-10-07 12:42:34] emiten [17/23] SEMA ok
[2026-10-07 12:42:35] emiten [18/23] SMAR ok
[2026-10-07 12:42:35] emiten [19/23] MBSS ok
[2026-10-07 12:42:36] emiten [20/23] BUVA ok
[2026-10-07 12:42:37] emiten [21/23] CSMI ok
[2026-10-07 12:42:37] emiten [22/23] MITI ok
[2026-10-07 12:42:38] emiten [23/23] KDTN ok
[2026-10-07 12:42:38] Mengunduh broker & insider (SahamScope, watchlist)...
[2026-10-07 12:42:38] [cache] memakai scope yang tersimpan (1 menit lalu)
[2026-10-07 12:42:38] Menambah avg broker IndoPremier (SQLite)...
[2026-10-07 12:43:30] Avg broker IndoPremier: 23 emiten.
[2026-10-07 12:43:30] Selesai. 23 emiten siap.
[2026-10-07 12:43:30] Memuat peta tema...
[2026-10-07 12:43:30] Memuat fundamental gabungan...
[2026-10-07 12:44:30] ksei [cache] memakai ksei yang tersimpan (3 menit lalu)
[2026-10-07 12:44:30] tv [cache] memakai tv yang tersimpan (3 menit lalu)
[2026-10-07 12:46:09] ==================================================
[2026-10-07 12:46:09] Aplikasi Screener dimulai
[2026-10-07 12:46:11] Melayani di http://127.0.0.1:8765/
[2026-10-07 12:46:11] Screener Praktis berjalan di http://127.0.0.1:8765/
[2026-10-07 12:46:24] ksei Periode terbaru : 20260930
[2026-10-07 12:46:24] ksei Periode sebelumnya: 20260831
[2026-10-07 12:46:24] ksei Menyusun seri 24 bulan untuk estimasi harga rata-rata asing...
[2026-10-07 12:46:24] ksei Terbaca 1012 emiten EQUITY; seri 24 bulan
[2026-10-07 12:46:33] emiten [1/40] BBCA ok
[2026-10-07 12:46:33] emiten [2/40] GOTO ok
[2026-10-07 12:46:34] emiten [3/40] TLKM ok
[2026-10-07 12:46:34] emiten [4/40] TEBE ok
[2026-10-07 12:46:35] emiten [5/40] DSSA ok
[2026-10-07 12:46:36] emiten [6/40] BBRI ok
[2026-10-07 12:46:36] emiten [7/40] AMMN ok
[2026-10-07 12:46:37] emiten [8/40] BUMI ok
[2026-10-07 12:46:37] emiten [9/40] FORU ok
[2026-10-07 12:46:38] emiten [10/40] ENRG ok
[2026-10-07 12:46:39] emiten [11/40] CUAN ok
[2026-10-07 12:46:39] emiten [12/40] PTRO ok
[2026-10-07 12:46:40] emiten [13/40] BMRI ok
[2026-10-07 12:46:41] emiten [14/40] PTBA ok
[2026-10-07 12:46:41] emiten [15/40] TINS ok
[2026-10-07 12:46:42] emiten [16/40] DEWA ok
[2026-10-07 12:46:42] emiten [17/40] ERAA ok
[2026-10-07 12:46:43] emiten [18/40] TRUE ok
[2026-10-07 12:46:44] emiten [19/40] BYAN ok
[2026-10-07 12:46:44] emiten [20/40] BDMN ok
[2026-10-07 12:46:45] emiten [21/40] CSMI ok
[2026-10-07 12:46:45] emiten [22/40] SQMI ok
[2026-10-07 12:46:46] emiten [23/40] BIPI ok
[2026-10-07 12:46:47] emiten [24/40] TPIA ok
[2026-10-07 12:46:48] emiten [25/40] PACK ok
[2026-10-07 12:46:48] emiten [26/40] MDIA ok
[2026-10-07 12:46:49] emiten [27/40] ADRO ok
[2026-10-07 12:46:49] emiten [28/40] UNTR ok
[2026-10-07 12:46:50] emiten [29/40] POLA ok
[2026-10-07 12:46:51] emiten [30/40] ANTM ok
[2026-10-07 12:46:51] emiten [31/40] DOOH ok
[2026-10-07 12:46:52] emiten [32/40] SINI ok
[2026-10-07 12:46:52] emiten [33/40] VKTR ok
[2026-10-07 12:46:53] emiten [34/40] BUVA ok
[2026-10-07 12:46:53] emiten [35/40] MEJA ok
[2026-10-07 12:46:54] emiten [36/40] ASII ok
[2026-10-07 12:46:55] emiten [37/40] IATA ok
[2026-10-07 12:46:55] emiten [38/40] AADI ok
[2026-10-07 12:46:56] emiten [39/40] ISAT ok
[2026-10-07 12:46:57] emiten [40/40] INET ok
[2026-10-07 12:48:12] konfigurasi disimpan: 43 emiten, 24 bulan KSEI
[2026-10-07 12:48:12] Daftar pantau: 43 emiten (BBCA, BBRI, BMRI, BBNI, TLKM, ASII, ANTM, ADRO...)
[2026-10-07 12:48:12] Mengunduh kepemilikan KSEI...
[2026-10-07 12:48:23] ksei Periode terbaru : 20260930
[2026-10-07 12:48:23] ksei Periode sebelumnya: 20260831
[2026-10-07 12:48:23] ksei Menyusun seri 24 bulan untuk estimasi harga rata-rata asing...
[2026-10-07 12:48:23] ksei Terbaca 1012 emiten EQUITY; seri 24 bulan
[2026-10-07 12:48:23] Mengunduh harga & fundamental (43 emiten)...
[2026-10-07 12:48:28] emiten [1/43] BBCA ok
[2026-10-07 12:48:29] emiten [2/43] BBRI ok
[2026-10-07 12:48:29] emiten [3/43] BMRI ok
[2026-10-07 12:48:30] emiten [4/43] BBNI ok
[2026-10-07 12:48:30] emiten [5/43] TLKM ok
[2026-10-07 12:48:31] emiten [6/43] ASII ok
[2026-10-07 12:48:32] emiten [7/43] ANTM ok
[2026-10-07 12:48:32] emiten [8/43] ADRO ok
[2026-10-07 12:48:33] emiten [9/43] ICBP ok
[2026-10-07 12:48:34] emiten [10/43] PTBA ok
[2026-10-07 12:48:34] emiten [11/43] BRMS ok
[2026-10-07 12:48:35] emiten [12/43] CBRE ok
[2026-10-07 12:48:35] emiten [13/43] ENRG ok
[2026-10-07 12:48:36] emiten [14/43] MEDC ok
[2026-10-07 12:48:36] emiten [15/43] VKTR ok
[2026-10-07 12:48:37] emiten [16/43] ULTJ ok
[2026-10-07 12:48:38] emiten [17/43] SEMA ok
[2026-10-07 12:48:38] emiten [18/43] SMAR ok
[2026-10-07 12:48:39] emiten [19/43] MBSS ok
[2026-10-07 12:48:39] emiten [20/43] BUVA ok
[2026-10-07 12:48:40] emiten [21/43] CSMI ok
[2026-10-07 12:48:41] emiten [22/43] MITI ok
[2026-10-07 12:48:41] emiten [23/43] KDTN ok
[2026-10-07 12:48:42] emiten [24/43] APLN ok
[2026-10-07 12:48:42] emiten [25/43] ASSA ok
[2026-10-07 12:48:43] emiten [26/43] BBYB ok
[2026-10-07 12:48:43] emiten [27/43] BMTR ok
[2026-10-07 12:48:44] emiten [28/43] BSDE ok
[2026-10-07 12:48:45] emiten [29/43] BUKA ok
[2026-10-07 12:48:45] emiten [30/43] CBDK ok
[2026-10-07 12:48:46] emiten [31/43] CPIN ok
[2026-10-07 12:48:47] emiten [32/43] DSNG ok
[2026-10-07 12:48:47] emiten [33/43] ENZO ok
[2026-10-07 12:48:48] emiten [34/43] GGRM ok
[2026-10-07 12:48:48] emiten [35/43] HMSP ok
[2026-10-07 12:48:49] emiten [36/43] INTP ok
[2026-10-07 12:48:50] emiten [37/43] JPFA ok
[2026-10-07 12:48:50] emiten [38/43] KPIG ok
[2026-10-07 12:48:51] emiten [39/43] LEAD ok
[2026-10-07 12:48:51] emiten [40/43] MAPA ok
[2026-10-07 12:48:52] emiten [41/43] SIMP ok
[2026-10-07 12:48:53] emiten [42/43] WIFI ok
[2026-10-07 12:48:53] emiten [43/43] WIIM ok
[2026-10-07 12:48:53] Mengunduh broker & insider (SahamScope, watchlist)...
[2026-10-07 12:48:53] [cache] memakai scope yang tersimpan (3 menit lalu)
[2026-10-07 12:48:53] Menambah avg broker IndoPremier (SQLite)...
[2026-10-07 12:49:42] Avg broker IndoPremier: 43 emiten.
[2026-10-07 12:49:42] Selesai. 43 emiten siap.
[2026-10-07 12:49:42] Memuat peta tema...
[2026-10-07 12:49:42] Memuat fundamental gabungan...
[2026-10-07 14:10:22] ==================================================
[2026-10-07 14:10:22] Aplikasi Screener dimulai
[2026-10-07 14:10:24] Melayani di http://127.0.0.1:8765/
[2026-10-07 14:10:24] Screener Praktis berjalan di http://127.0.0.1:8765/
[2026-10-07 14:10:39] ksei Periode terbaru : 20260930
[2026-10-07 14:10:39] ksei Periode sebelumnya: 20260831
[2026-10-07 14:10:39] ksei Menyusun seri 24 bulan untuk estimasi harga rata-rata asing...
[2026-10-07 14:10:39] ksei Terbaca 1012 emiten EQUITY; seri 24 bulan
[2026-10-07 14:10:45] emiten [1/40] BBCA ok
[2026-10-07 14:10:46] emiten [2/40] TLKM ok
[2026-10-07 14:10:46] emiten [3/40] GOTO ok
[2026-10-07 14:10:47] emiten [4/40] DSSA ok
[2026-10-07 14:10:48] emiten [5/40] TEBE ok
[2026-10-07 14:10:48] emiten [6/40] BBRI ok
[2026-10-07 14:10:49] emiten [7/40] AMMN ok
[2026-10-07 14:10:49] emiten [8/40] BUMI ok
[2026-10-07 14:10:50] emiten [9/40] ENRG ok
[2026-10-07 14:10:50] emiten [10/40] CUAN ok
[2026-10-07 14:10:51] emiten [11/40] FORU ok
[2026-10-07 14:10:52] emiten [12/40] PTRO ok
[2026-10-07 14:10:52] emiten [13/40] TINS ok
[2026-10-07 14:10:53] emiten [14/40] BMRI ok
[2026-10-07 14:10:53] emiten [15/40] PTBA ok
[2026-10-07 14:10:54] emiten [16/40] DEWA ok
[2026-10-07 14:10:55] emiten [17/40] ERAA ok
[2026-10-07 14:10:55] emiten [18/40] BYAN ok
[2026-10-07 14:10:56] emiten [19/40] TRUE ok
[2026-10-07 14:10:56] emiten [20/40] BDMN ok
[2026-10-07 14:10:57] emiten [21/40] TPIA ok
[2026-10-07 14:10:57] emiten [22/40] MDIA ok
[2026-10-07 14:10:58] emiten [23/40] PACK ok
[2026-10-07 14:10:59] emiten [24/40] SQMI ok
[2026-10-07 14:10:59] emiten [25/40] CSMI ok
[2026-10-07 14:11:00] emiten [26/40] BIPI ok
[2026-10-07 14:11:00] emiten [27/40] UNTR ok
[2026-10-07 14:11:01] emiten [28/40] ADRO ok
[2026-10-07 14:11:01] emiten [29/40] ANTM ok
[2026-10-07 14:11:02] emiten [30/40] POLA ok
[2026-10-07 14:11:03] emiten [31/40] DOOH ok
[2026-10-07 14:11:03] emiten [32/40] BULL ok
[2026-10-07 14:11:04] emiten [33/40] BUVA ok
[2026-10-07 14:11:04] emiten [34/40] MEJA ok
[2026-10-07 14:11:05] emiten [35/40] SINI ok
[2026-10-07 14:11:05] emiten [36/40] ASII ok
[2026-10-07 14:11:06] emiten [37/40] AADI ok
[2026-10-07 14:11:06] emiten [38/40] VKTR ok
[2026-10-07 14:11:07] emiten [39/40] IATA ok
[2026-10-07 14:11:08] emiten [40/40] ISAT ok
[2026-10-07 14:11:12] emiten [1/20] INET ok
[2026-10-07 14:11:13] emiten [2/20] BBNI ok
[2026-10-07 14:11:13] emiten [3/20] SRSN ok
[2026-10-07 14:11:14] emiten [4/20] BRPT ok
[2026-10-07 14:11:15] emiten [5/20] KETR ok
[2026-10-07 14:11:15] emiten [6/20] BRMS ok
[2026-10-07 14:11:16] emiten [7/20] ULTJ ok
[2026-10-07 14:11:16] emiten [8/20] ASLI ok
[2026-10-07 14:11:17] emiten [9/20] SGER ok
[2026-10-07 14:11:17] emiten [10/20] PKPK ok
[2026-10-07 14:11:18] emiten [11/20] INDY ok
[2026-10-07 14:11:19] emiten [12/20] MEDC ok
[2026-10-07 14:11:19] emiten [13/20] BRIS ok
[2026-10-07 14:11:20] emiten [14/20] KOTA ok
[2026-10-07 14:11:20] emiten [15/20] MAPI ok
[2026-10-07 14:11:21] emiten [16/20] DPUM ok
[2026-10-07 14:11:22] emiten [17/20] PSAB ok
[2026-10-07 14:11:22] emiten [18/20] PPRI ok
[2026-10-07 14:11:23] emiten [19/20] SMIL ok
[2026-10-07 14:11:23] emiten [20/20] INCO ok
[2026-10-07 15:58:34] konfigurasi disimpan: 0 emiten, 24 bulan KSEI
[2026-10-07 21:25:26] ==================================================
[2026-10-07 21:25:26] Aplikasi Screener dimulai
[2026-10-07 21:25:28] Melayani di http://127.0.0.1:8765/
[2026-10-07 21:25:28] Screener Praktis berjalan di http://127.0.0.1:8765/
[2026-10-07 21:28:25] ksei Periode terbaru : 20260930
[2026-10-07 21:28:25] ksei Periode sebelumnya: 20260831
[2026-10-07 21:28:25] ksei Menyusun seri 24 bulan untuk estimasi harga rata-rata asing...
[2026-10-07 21:28:25] ksei Terbaca 1012 emiten EQUITY; seri 24 bulan
[2026-10-07 21:28:32] emiten [1/40] BBCA ok
[2026-10-07 21:28:33] emiten [2/40] BBRI ok
[2026-10-07 21:28:33] emiten [3/40] FORU ok
[2026-10-07 21:28:34] emiten [4/40] BMRI ok
[2026-10-07 21:28:34] emiten [5/40] CUAN ok
[2026-10-07 21:28:35] emiten [6/40] SQMI ok
[2026-10-07 21:28:36] emiten [7/40] PACK ok
[2026-10-07 21:28:36] emiten [8/40] BDMN ok
[2026-10-07 21:28:37] emiten [9/40] TRUE ok
[2026-10-07 21:28:37] emiten [10/40] BIPI ok
[2026-10-07 21:28:38] emiten [11/40] BBNI ok
[2026-10-07 21:28:38] emiten [12/40] MEJA ok
[2026-10-07 21:28:39] emiten [13/40] EMAS ok
[2026-10-07 21:28:39] emiten [14/40] COCO ok
[2026-10-07 21:28:40] emiten [15/40] MMIX ok
[2026-10-07 21:28:41] emiten [16/40] ITMG ok
[2026-10-07 21:28:41] emiten [17/40] MBMA ok
[2026-10-07 21:28:42] emiten [18/40] SGER ok
[2026-10-07 21:28:42] emiten [19/40] WIFI ok
[2026-10-07 21:28:43] emiten [20/40] MDKA ok
[2026-10-07 21:28:43] emiten [21/40] MBSS ok
[2026-10-07 21:28:44] emiten [22/40] MPXL ok
[2026-10-07 21:28:44] emiten [23/40] KKES ok
[2026-10-07 21:28:45] emiten [24/40] KLBF ok
[2026-10-07 21:28:46] emiten [25/40] ASMI ok
[2026-10-07 21:28:46] emiten [26/40] PPRI ok
[2026-10-07 21:28:47] emiten [27/40] REAL ok
[2026-10-07 21:28:47] emiten [28/40] JARR ok
[2026-10-07 21:28:48] emiten [29/40] BNBR ok
[2026-10-07 21:28:49] emiten [30/40] LUCY ok
[2026-10-07 21:28:49] emiten [31/40] AMRT ok
[2026-10-07 21:28:50] emiten [32/40] KIJA ok
[2026-10-07 21:28:50] emiten [33/40] RAJA ok
[2026-10-07 21:28:51] emiten [34/40] TOWR ok
[2026-10-07 21:28:51] emiten [35/40] BDKR ok
[2026-10-07 21:28:52] emiten [36/40] VICI ok
[2026-10-07 21:28:53] emiten [37/40] INDF ok
[2026-10-07 21:28:53] emiten [38/40] EXCL ok
[2026-10-07 21:28:54] emiten [39/40] KDTN ok
[2026-10-07 21:28:54] emiten [40/40] MYOR ok
[2026-10-07 21:28:59] emiten [1/20] ASPI ok
[2026-10-07 21:28:59] emiten [2/20] RSCH ok
[2026-10-07 21:29:00] emiten [3/20] MSJA ok
[2026-10-07 21:29:01] emiten [4/20] CYBR ok
[2026-10-07 21:29:01] emiten [5/20] ASGR ok
[2026-10-07 21:29:02] emiten [6/20] PGAS ok
[2026-10-07 21:29:02] emiten [7/20] CPIN ok
[2026-10-07 21:29:03] emiten [8/20] ADMR ok
[2026-10-07 21:29:03] emiten [9/20] SMDR ok
[2026-10-07 21:29:04] emiten [10/20] SSIA ok
[2026-10-07 21:29:05] emiten [11/20] OILS ok
[2026-10-07 21:29:05] emiten [12/20] AYAM ok
[2026-10-07 21:29:06] emiten [13/20] VIVA ok
[2026-10-07 21:29:06] emiten [14/20] COIN ok
[2026-10-07 21:29:07] emiten [15/20] BUKA ok
[2026-10-07 21:29:07] emiten [16/20] BSDE ok
[2026-10-07 21:29:08] emiten [17/20] EPAC ok
[2026-10-07 21:29:08] emiten [18/20] PCAR ok
[2026-10-07 21:29:09] emiten [19/20] ESSA ok
[2026-10-07 21:29:09] emiten [20/20] BBKP ok
[2026-10-07 22:21:36] ==================================================
[2026-10-07 22:21:36] Aplikasi Screener dimulai
[2026-10-07 22:21:38] Melayani di http://127.0.0.1:8765/
[2026-10-07 22:21:38] Screener Praktis berjalan di http://127.0.0.1:8765/
[2026-10-07 22:21:54] ksei Periode terbaru : 20260930
[2026-10-07 22:21:54] ksei Periode sebelumnya: 20260831
[2026-10-07 22:21:54] ksei Menyusun seri 24 bulan untuk estimasi harga rata-rata asing...
[2026-10-07 22:21:54] ksei Terbaca 1012 emiten EQUITY; seri 24 bulan
[2026-10-07 22:22:01] emiten [1/40] BBCA ok
[2026-10-07 22:22:01] emiten [2/40] BBRI ok
[2026-10-07 22:22:02] emiten [3/40] FORU ok
[2026-10-07 22:22:02] emiten [4/40] BMRI ok
[2026-10-07 22:22:03] emiten [5/40] CUAN ok
[2026-10-07 22:22:04] emiten [6/40] SQMI ok
[2026-10-07 22:22:04] emiten [7/40] PACK ok
[2026-10-07 22:22:05] emiten [8/40] BDMN ok
[2026-10-07 22:22:05] emiten [9/40] TRUE ok
[2026-10-07 22:22:06] emiten [10/40] BIPI ok
[2026-10-07 22:22:06] emiten [11/40] BBNI ok
[2026-10-07 22:22:07] emiten [12/40] MEJA ok
[2026-10-07 22:22:07] emiten [13/40] EMAS ok
[2026-10-07 22:22:08] emiten [14/40] COCO ok
[2026-10-07 22:22:08] emiten [15/40] SGER ok
[2026-10-07 22:22:09] emiten [16/40] WIFI ok
[2026-10-07 22:22:09] emiten [17/40] KKES ok
[2026-10-07 22:22:10] emiten [18/40] PPRI ok
[2026-10-07 22:22:10] emiten [19/40] REAL ok
[2026-10-07 22:22:11] emiten [20/40] BNBR ok
[2026-10-07 22:22:12] emiten [21/40] LUCY ok
[2026-10-07 22:22:12] emiten [22/40] ASPI ok
[2026-10-07 22:22:13] emiten [23/40] CYBR ok
[2026-10-07 22:22:13] emiten [24/40] ADMR ok
[2026-10-07 22:22:14] emiten [25/40] AYAM ok
[2026-10-07 22:22:14] emiten [26/40] COIN ok
[2026-10-07 22:22:15] emiten [27/40] BSDE ok
[2026-10-07 22:22:15] emiten [28/40] PCAR ok
[2026-10-07 22:22:16] emiten [29/40] BBKP ok
[2026-10-07 22:22:16] emiten [30/40] NCKL ok
[2026-10-07 22:22:17] emiten [31/40] UVCR ok
[2026-10-07 22:22:17] emiten [32/40] AYLS ok
[2026-10-07 22:22:18] emiten [33/40] SMGR ok
[2026-10-07 22:22:19] emiten [34/40] NASI ok
[2026-10-07 22:22:19] emiten [35/40] AALI ok
[2026-10-07 22:22:20] emiten [36/40] JPFA ok
[2026-10-07 22:22:20] emiten [37/40] PANI ok
[2026-10-07 22:22:21] emiten [38/40] UNVR ok
[2026-10-07 22:22:21] emiten [39/40] DMAS ok
[2026-10-07 22:22:22] emiten [40/40] BREN ok
[2026-10-07 22:22:26] emiten [1/20] RMKE ok
[2026-10-07 22:22:27] emiten [2/20] SMLE ok
[2026-10-07 22:22:28] emiten [3/20] TAPG ok
[2026-10-07 22:22:28] emiten [4/20] GULA ok
[2026-10-07 22:22:29] emiten [5/20] RATU ok
[2026-10-07 22:22:29] emiten [6/20] CMNT ok
[2026-10-07 22:22:30] emiten [7/20] MAPA ok
[2026-10-07 22:22:30] emiten [8/20] CDIA ok
[2026-10-07 22:22:31] emiten [9/20] IRSX ok
[2026-10-07 22:22:31] emiten [10/20] ELTY ok
[2026-10-07 22:22:32] emiten [11/20] FUTR ok
[2026-10-07 22:22:33] emiten [12/20] JSMR ok
[2026-10-07 22:22:33] emiten [13/20] MARK ok
[2026-10-07 22:22:34] emiten [14/20] IMPC ok
[2026-10-07 22:22:34] emiten [15/20] SSMS ok
[2026-10-07 22:22:35] emiten [16/20] ENAK ok
[2026-10-07 22:22:35] emiten [17/20] AKRA ok
[2026-10-07 22:22:36] emiten [18/20] LSIP ok
[2026-10-07 22:22:37] emiten [19/20] BSSR ok
[2026-10-07 22:22:37] emiten [20/20] BEKS ok
[2026-10-07 22:58:40] konfigurasi disimpan: 12 emiten, 24 bulan KSEI
[2026-10-07 22:58:40] Daftar pantau: 12 emiten (BBCA, BBRI, BMRI, BBNI, TLKM, ASII, ANTM, ADRO...)
[2026-10-07 22:58:40] Mengunduh kepemilikan KSEI...
[2026-10-07 22:58:52] ksei Periode terbaru : 20260930
[2026-10-07 22:58:52] ksei Periode sebelumnya: 20260831
[2026-10-07 22:58:52] ksei Menyusun seri 24 bulan untuk estimasi harga rata-rata asing...
[2026-10-07 22:58:53] ksei Terbaca 1012 emiten EQUITY; seri 24 bulan
[2026-10-07 22:58:53] Mengunduh harga & fundamental (12 emiten)...
[2026-10-07 22:58:57] emiten [1/12] BBCA ok
[2026-10-07 22:58:58] emiten [2/12] BBRI ok
[2026-10-07 22:58:59] emiten [3/12] BMRI ok
[2026-10-07 22:58:59] emiten [4/12] BBNI ok
[2026-10-07 22:59:00] emiten [5/12] TLKM ok
[2026-10-07 22:59:00] emiten [6/12] ASII ok
[2026-10-07 22:59:01] emiten [7/12] ANTM ok
[2026-10-07 22:59:02] emiten [8/12] ADRO ok
[2026-10-07 22:59:02] emiten [9/12] ICBP ok
[2026-10-07 22:59:03] emiten [10/12] PTBA ok
[2026-10-07 22:59:03] emiten [11/12] CPIN ok
[2026-10-07 22:59:04] emiten [12/12] JPFA ok
[2026-10-07 22:59:04] Mengunduh broker & insider (SahamScope, watchlist)...
[2026-10-07 22:59:04] [cache] memakai scope yang tersimpan (37 menit lalu)
[2026-10-07 22:59:04] Menambah avg broker IndoPremier (SQLite)...
[2026-10-07 22:59:04] Avg broker IndoPremier: 12 emiten.
[2026-10-07 22:59:04] Selesai. 12 emiten siap.
[2026-10-07 22:59:04] Memuat peta tema...
[2026-10-07 22:59:04] Memuat fundamental gabungan...
[2026-10-07 23:00:09] emiten [1/1] CPIN ok
[2026-10-07 23:00:16] scope stock gagal: SahamScope gagal total (CPIN: HTTP Error 429: Too Many Requests)
[2026-10-07 23:00:18] fund CPIN ok
[2026-10-07 23:25:03] ==================================================
[2026-10-07 23:25:03] Aplikasi Screener dimulai
[2026-10-07 23:25:05] Melayani di http://127.0.0.1:8765/
[2026-10-07 23:25:05] Screener Praktis berjalan di http://127.0.0.1:8765/
[2026-10-07 23:25:21] ksei Periode terbaru : 20260930
[2026-10-07 23:25:21] ksei Periode sebelumnya: 20260831
[2026-10-07 23:25:21] ksei Menyusun seri 24 bulan untuk estimasi harga rata-rata asing...
[2026-10-07 23:25:21] ksei Terbaca 1012 emiten EQUITY; seri 24 bulan
[2026-10-07 23:25:27] emiten [1/40] BBCA ok
[2026-10-07 23:25:28] emiten [2/40] BBRI ok
[2026-10-07 23:25:29] emiten [3/40] FORU ok
[2026-10-07 23:25:29] emiten [4/40] BMRI ok
[2026-10-07 23:25:30] emiten [5/40] CUAN ok
[2026-10-07 23:25:30] emiten [6/40] SQMI ok
[2026-10-07 23:25:31] emiten [7/40] PACK ok
[2026-10-07 23:25:31] emiten [8/40] BDMN ok
[2026-10-07 23:25:32] emiten [9/40] TRUE ok
[2026-10-07 23:25:32] emiten [10/40] BIPI ok
[2026-10-07 23:25:33] emiten [11/40] BBNI ok
[2026-10-07 23:25:34] emiten [12/40] MEJA ok
[2026-10-07 23:25:34] emiten [13/40] EMAS ok
[2026-10-07 23:25:35] emiten [14/40] COCO ok
[2026-10-07 23:25:35] emiten [15/40] SGER ok
[2026-10-07 23:25:36] emiten [16/40] WIFI ok
[2026-10-07 23:25:36] emiten [17/40] KKES ok
[2026-10-07 23:25:37] emiten [18/40] PPRI ok
[2026-10-07 23:25:37] emiten [19/40] REAL ok
[2026-10-07 23:25:38] emiten [20/40] BNBR ok
[2026-10-07 23:25:38] emiten [21/40] LUCY ok
[2026-10-07 23:25:39] emiten [22/40] ASPI ok
[2026-10-07 23:25:39] emiten [23/40] CYBR ok
[2026-10-07 23:25:40] emiten [24/40] ADMR ok
[2026-10-07 23:25:41] emiten [25/40] AYAM ok
[2026-10-07 23:25:41] emiten [26/40] COIN ok
[2026-10-07 23:25:42] emiten [27/40] BSDE ok
[2026-10-07 23:25:42] emiten [28/40] PCAR ok
[2026-10-07 23:25:43] emiten [29/40] BBKP ok
[2026-10-07 23:25:43] emiten [30/40] AYLS ok
[2026-10-07 23:25:44] emiten [31/40] PANI ok
[2026-10-07 23:25:44] emiten [32/40] GULA ok
[2026-10-07 23:25:45] emiten [33/40] CDIA ok
[2026-10-07 23:25:45] emiten [34/40] FUTR ok
[2026-10-07 23:25:46] emiten [35/40] SSMS ok
[2026-10-07 23:25:46] emiten [36/40] ENAK ok
[2026-10-07 23:25:47] emiten [37/40] BEKS ok
[2026-10-07 23:25:48] emiten [38/40] PGEO ok
[2026-10-07 23:25:48] emiten [39/40] HELI ok
[2026-10-07 23:25:49] emiten [40/40] HRTA ok
[2026-10-07 23:25:53] emiten [1/20] INKP ok
[2026-10-07 23:25:54] emiten [2/20] ELIT ok
[2026-10-07 23:25:54] emiten [3/20] CMRY ok
[2026-10-07 23:25:55] emiten [4/20] TRIN ok
[2026-10-07 23:25:56] emiten [5/20] BTEK ok
[2026-10-07 23:25:56] emiten [6/20] PART ok
[2026-10-07 23:25:57] emiten [7/20] ARCI ok
[2026-10-07 23:25:57] emiten [8/20] MITI ok
[2026-10-07 23:25:58] emiten [9/20] PADI ok
[2026-10-07 23:25:58] emiten [10/20] BBTN ok
[2026-10-07 23:25:59] emiten [11/20] EMTK ok
[2026-10-07 23:25:59] emiten [12/20] SEMA ok
[2026-10-07 23:26:00] emiten [13/20] PIPA ok
[2026-10-07 23:26:00] emiten [14/20] PWON ok
[2026-10-07 23:26:01] emiten [15/20] KPIG ok
[2026-10-07 23:26:01] emiten [16/20] AIMS ok
[2026-10-07 23:26:02] emiten [17/20] VERN ok
[2026-10-07 23:26:03] emiten [18/20] MGLV ok
[2026-10-07 23:26:03] emiten [19/20] NICL ok
[2026-10-07 23:26:04] emiten [20/20] ICBP ok
[2026-10-07 23:32:17] konfigurasi disimpan: 0 emiten, 24 bulan KSEI
[2026-10-07 23:32:33] ksei Periode terbaru : 20260930
[2026-10-07 23:32:33] ksei Periode sebelumnya: 20260831
[2026-10-07 23:32:33] ksei Menyusun seri 24 bulan untuk estimasi harga rata-rata asing...
[2026-10-07 23:32:33] ksei Terbaca 1012 emiten EQUITY; seri 24 bulan
[2026-10-07 23:32:33] tv [cache] memakai tv yang tersimpan (7 menit lalu)
[2026-10-07 23:32:39] emiten [1/40] BBCA ok
[2026-10-07 23:32:39] emiten [2/40] BBRI ok
[2026-10-07 23:32:40] emiten [3/40] FORU ok
[2026-10-07 23:32:40] emiten [4/40] BMRI ok
[2026-10-07 23:32:41] emiten [5/40] CUAN ok
[2026-10-07 23:32:42] emiten [6/40] SQMI ok
[2026-10-07 23:32:42] emiten [7/40] PACK ok
[2026-10-07 23:32:43] emiten [8/40] BDMN ok
[2026-10-07 23:32:43] emiten [9/40] TRUE ok
[2026-10-07 23:32:44] emiten [10/40] BIPI ok
[2026-10-07 23:32:44] emiten [11/40] BBNI ok
[2026-10-07 23:32:45] emiten [12/40] MEJA ok
[2026-10-07 23:32:45] emiten [13/40] EMAS ok
[2026-10-07 23:32:46] emiten [14/40] COCO ok
[2026-10-07 23:32:46] emiten [15/40] SGER ok
[2026-10-07 23:32:47] emiten [16/40] WIFI ok
[2026-10-07 23:32:48] emiten [17/40] KKES ok
[2026-10-07 23:32:48] emiten [18/40] PPRI ok
[2026-10-07 23:32:49] emiten [19/40] REAL ok
[2026-10-07 23:32:49] emiten [20/40] BNBR ok
[2026-10-07 23:32:50] emiten [21/40] LUCY ok
[2026-10-07 23:32:50] emiten [22/40] ASPI ok
[2026-10-07 23:32:51] emiten [23/40] CYBR ok
[2026-10-07 23:32:51] emiten [24/40] ADMR ok
[2026-10-07 23:32:52] emiten [25/40] AYAM ok
[2026-10-07 23:32:52] emiten [26/40] COIN ok
[2026-10-07 23:32:53] emiten [27/40] BSDE ok
[2026-10-07 23:32:53] emiten [28/40] PCAR ok
[2026-10-07 23:32:54] emiten [29/40] BBKP ok
[2026-10-07 23:32:55] emiten [30/40] AYLS ok
[2026-10-07 23:32:55] emiten [31/40] PANI ok
[2026-10-07 23:32:56] emiten [32/40] GULA ok
[2026-10-07 23:32:56] emiten [33/40] CDIA ok
[2026-10-07 23:32:57] emiten [34/40] FUTR ok
[2026-10-07 23:32:57] emiten [35/40] SSMS ok
[2026-10-07 23:32:58] emiten [36/40] ENAK ok
[2026-10-07 23:32:58] emiten [37/40] BEKS ok
[2026-10-07 23:32:59] emiten [38/40] TRIN ok
[2026-10-07 23:32:59] emiten [39/40] BTEK ok
[2026-10-07 23:33:00] emiten [40/40] BBTN ok
[2026-10-07 23:33:05] emiten [1/20] PIPA ok
[2026-10-07 23:33:05] emiten [2/20] VERN ok
[2026-10-07 23:33:06] emiten [3/20] MGLV ok
[2026-10-07 23:33:06] emiten [4/20] GEMS ok
[2026-10-07 23:33:07] emiten [5/20] INDO ok
[2026-10-07 23:33:07] emiten [6/20] CBRE ok
[2026-10-07 23:33:08] emiten [7/20] UNSP ok
[2026-10-07 23:33:08] emiten [8/20] BFIN ok
[2026-10-07 23:33:09] emiten [9/20] ACES ok
[2026-10-07 23:33:09] emiten [10/20] UNIQ ok
[2026-10-07 23:33:10] emiten [11/20] BKSL ok
[2026-10-07 23:33:10] emiten [12/20] NASA ok
[2026-10-07 23:33:11] emiten [13/20] RANS ok
[2026-10-07 23:33:12] emiten [14/20] ESTA ok
[2026-10-07 23:33:12] emiten [15/20] NEST ok
[2026-10-07 23:33:13] emiten [16/20] BWPT ok
[2026-10-07 23:33:13] emiten [17/20] MINA ok
[2026-10-07 23:33:14] emiten [18/20] SOCI ok
[2026-10-07 23:33:14] emiten [19/20] ALKA ok
[2026-10-07 23:33:15] emiten [20/20] JGLE ok
[2026-10-07 23:34:08] konfigurasi disimpan: 14 emiten, 24 bulan KSEI
[2026-10-07 23:34:08] Daftar pantau: 14 emiten (BBCA, BBRI, BMRI, BBNI, TLKM, ASII, ANTM, ADRO...)
[2026-10-07 23:34:08] Mengunduh kepemilikan KSEI...
[2026-10-07 23:34:19] ksei Periode terbaru : 20260930
[2026-10-07 23:34:19] ksei Periode sebelumnya: 20260831
[2026-10-07 23:34:19] ksei Menyusun seri 24 bulan untuk estimasi harga rata-rata asing...
[2026-10-07 23:34:20] ksei Terbaca 1012 emiten EQUITY; seri 24 bulan
[2026-10-07 23:34:20] Mengunduh harga & fundamental (14 emiten)...
[2026-10-07 23:34:24] emiten [1/14] BBCA ok
[2026-10-07 23:34:25] emiten [2/14] BBRI ok
[2026-10-07 23:34:25] emiten [3/14] BMRI ok
[2026-10-07 23:34:26] emiten [4/14] BBNI ok
[2026-10-07 23:34:26] emiten [5/14] TLKM ok
[2026-10-07 23:34:27] emiten [6/14] ASII ok
[2026-10-07 23:34:28] emiten [7/14] ANTM ok
[2026-10-07 23:34:28] emiten [8/14] ADRO ok
[2026-10-07 23:34:29] emiten [9/14] ICBP ok
[2026-10-07 23:34:29] emiten [10/14] PTBA ok
[2026-10-07 23:34:30] emiten [11/14] CPIN ok
[2026-10-07 23:34:31] emiten [12/14] ACES ok
[2026-10-07 23:34:31] emiten [13/14] AMRT ok
[2026-10-07 23:34:32] emiten [14/14] MAPA ok
[2026-10-07 23:34:32] Mengunduh broker & insider (SahamScope, watchlist)...
[2026-10-07 23:34:32] [cache] memakai scope yang tersimpan (9 menit lalu)
[2026-10-07 23:34:32] Menambah avg broker IndoPremier (SQLite)...
[2026-10-07 23:34:37] Avg broker IndoPremier: 14 emiten.
[2026-10-07 23:34:37] Selesai. 14 emiten siap.
[2026-10-07 23:34:37] Memuat peta tema...
[2026-10-07 23:34:37] Memuat fundamental gabungan...
[2026-10-08 08:11:57] ==================================================
[2026-10-08 08:11:57] Aplikasi Screener dimulai
[2026-10-08 08:11:59] Melayani di http://127.0.0.1:8765/
[2026-10-08 08:11:59] Screener Praktis berjalan di http://127.0.0.1:8765/
[2026-10-08 09:34:12] ksei Periode terbaru : 20260930
[2026-10-08 09:34:12] ksei Periode sebelumnya: 20260831
[2026-10-08 09:34:12] ksei Menyusun seri 24 bulan untuk estimasi harga rata-rata asing...
[2026-10-08 09:34:12] ksei Terbaca 1012 emiten EQUITY; seri 24 bulan
[2026-10-08 09:34:20] emiten [1/40] FORU ok
[2026-10-08 09:34:21] emiten [2/40] BBCA ok
[2026-10-08 09:34:22] emiten [3/40] BMRI ok
[2026-10-08 09:34:22] emiten [4/40] BBRI ok
[2026-10-08 09:34:23] emiten [5/40] SQMI ok
[2026-10-08 09:34:23] emiten [6/40] ASPI ok
[2026-10-08 09:34:24] emiten [7/40] PACK ok
[2026-10-08 09:34:24] emiten [8/40] IDEA ok
[2026-10-08 09:34:25] emiten [9/40] CUAN ok
[2026-10-08 09:34:25] emiten [10/40] GULA ok
[2026-10-08 09:34:26] emiten [11/40] BBNI ok
[2026-10-08 09:34:27] emiten [12/40] KREN ok
[2026-10-08 09:34:27] emiten [13/40] KIOS ok
[2026-10-08 09:34:28] emiten [14/40] FILM ok
[2026-10-08 09:34:28] emiten [15/40] AKKU ok
[2026-10-08 09:34:29] emiten [16/40] MEJA ok
[2026-10-08 09:34:29] emiten [17/40] SGER ok
[2026-10-08 09:34:30] emiten [18/40] BTEK ok
[2026-10-08 09:34:30] emiten [19/40] COIN ok
[2026-10-08 09:34:31] emiten [20/40] NEST ok
[2026-10-08 09:34:31] emiten [21/40] COCO ok
[2026-10-08 09:34:32] emiten [22/40] PPRI ok
[2026-10-08 09:34:33] emiten [23/40] SSMS ok
[2026-10-08 09:34:33] emiten [24/40] TRUE ok
[2026-10-08 09:34:34] emiten [25/40] EMAS ok
[2026-10-08 09:34:34] emiten [26/40] KKES ok
[2026-10-08 09:34:35] emiten [27/40] HOPE ok
[2026-10-08 09:34:35] emiten [28/40] PPRO ok
[2026-10-08 09:34:36] emiten [29/40] GGRM ok
[2026-10-08 09:34:36] emiten [30/40] WIFI ok
[2026-10-08 09:34:37] emiten [31/40] PGLI ok
[2026-10-08 09:34:37] emiten [32/40] LUCY ok
[2026-10-08 09:34:38] emiten [33/40] TAXI ok
[2026-10-08 09:34:39] emiten [34/40] WBSA ok
[2026-10-08 09:34:39] emiten [35/40] BIPI ok
[2026-10-08 09:34:40] emiten [36/40] BIKE ok
[2026-10-08 09:34:40] emiten [37/40] SMMT ok
[2026-10-08 09:34:41] emiten [38/40] BLUE ok
[2026-10-08 09:34:41] emiten [39/40] REAL ok
[2026-10-08 09:34:42] emiten [40/40] DADA ok
[2026-10-08 09:34:46] emiten [1/20] ARII ok
[2026-10-08 09:34:47] emiten [2/20] JELI ok
[2026-10-08 09:34:48] emiten [3/20] TGUK ok
[2026-10-08 09:34:48] emiten [4/20] AYAM ok
[2026-10-08 09:34:49] emiten [5/20] BDMN ok
[2026-10-08 09:34:49] emiten [6/20] CDIA ok
[2026-10-08 09:34:50] emiten [7/20] IFSH ok
[2026-10-08 09:34:50] emiten [8/20] MKAP ok
[2026-10-08 09:34:51] emiten [9/20] GMFI ok
[2026-10-08 09:34:51] emiten [10/20] BNBR ok
[2026-10-08 09:34:52] emiten [11/20] FUTR ok
[2026-10-08 09:34:52] emiten [12/20] SOFA ok
[2026-10-08 09:34:53] emiten [13/20] BBTN ok
[2026-10-08 09:34:54] emiten [14/20] BSDE ok
[2026-10-08 09:34:54] emiten [15/20] GRPM ok
[2026-10-08 09:34:55] emiten [16/20] NANO ok
[2026-10-08 09:34:55] emiten [17/20] DGWG ok
[2026-10-08 09:34:56] emiten [18/20] AHAP ok
[2026-10-08 09:34:56] emiten [19/20] MCAS ok
[2026-10-08 09:34:57] emiten [20/20] ARKO ok
[2026-10-08 14:20:33] ksei Periode terbaru : 20260930
[2026-10-08 14:20:33] ksei Periode sebelumnya: 20260831
[2026-10-08 14:20:33] ksei Menyusun seri 24 bulan untuk estimasi harga rata-rata asing...
[2026-10-08 14:20:34] ksei Terbaca 1012 emiten EQUITY; seri 24 bulan
[2026-10-08 14:20:48] emiten [1/40] FORU ok
[2026-10-08 14:20:48] emiten [2/40] BBCA ok
[2026-10-08 14:20:49] emiten [3/40] CUAN ok
[2026-10-08 14:20:50] emiten [4/40] BMRI ok
[2026-10-08 14:20:51] emiten [5/40] INCO ok
[2026-10-08 14:20:52] emiten [6/40] BBRI ok
[2026-10-08 14:20:55] emiten [7/40] PACK ok
[2026-10-08 14:21:05] emiten [8/40] JARR ok
[2026-10-08 14:21:07] emiten [9/40] SQMI ok
[2026-10-08 14:21:08] emiten [10/40] MBSS ok
[2026-10-08 14:21:11] emiten [11/40] BIPI ok
[2026-10-08 14:21:12] emiten [12/40] MMIX ok
[2026-10-08 14:21:15] emiten [13/40] BBNI ok
[2026-10-08 14:21:22] emiten [14/40] WIFI ok
[2026-10-08 14:21:26] emiten [15/40] LUCY ok
[2026-10-08 14:21:53] emiten [16/40] AMRT ok
[2026-10-08 14:21:54] emiten [17/40] ASMI ok
[2026-10-08 14:21:55] emiten [18/40] DIVA ok
[2026-10-08 14:21:57] emiten [19/40] BFIN ok
[2026-10-08 14:21:57] emiten [20/40] EMAS ok
[2026-10-08 14:21:58] emiten [21/40] RAJA ok
[2026-10-08 14:21:59] emiten [22/40] MDKA ok
[2026-10-08 14:22:00] emiten [23/40] COCO ok
[2026-10-08 14:22:01] emiten [24/40] BREN ok
[2026-10-08 14:22:01] emiten [25/40] IDEA ok
[2026-10-08 14:22:02] emiten [26/40] KREN ok
[2026-10-08 14:22:03] emiten [27/40] INDF ok
[2026-10-08 14:22:04] emiten [28/40] KLBF ok
[2026-10-08 14:22:05] emiten [29/40] MEJA ok
[2026-10-08 14:22:05] emiten [30/40] MBMA ok
[2026-10-08 14:22:06] emiten [31/40] CPIN ok
[2026-10-08 14:22:07] emiten [32/40] ASPI ok
[2026-10-08 14:22:08] emiten [33/40] TOWR ok
[2026-10-08 14:22:09] emiten [34/40] COIN ok
[2026-10-08 14:22:13] emiten [35/40] RATU ok
[2026-10-08 14:22:15] emiten [36/40] BNBR ok
[2026-10-08 14:22:24] emiten [37/40] SGER ok
[2026-10-08 14:22:25] emiten [38/40] NEST ok
[2026-10-08 14:22:26] emiten [39/40] PPRI ok
[2026-10-08 14:22:27] emiten [40/40] DMAS ok
[2026-10-08 14:22:33] emiten [1/20] FILM ok
[2026-10-08 14:22:34] emiten [2/20] AKKU ok
[2026-10-08 14:22:35] emiten [3/20] JECX ok
[2026-10-08 14:22:36] emiten [4/20] ESSA ok
[2026-10-08 14:22:36] emiten [5/20] CYBR ok
[2026-10-08 14:22:37] emiten [6/20] PURA ok
[2026-10-08 14:22:38] emiten [7/20] GULA ok
[2026-10-08 14:22:39] emiten [8/20] SMLE ok
[2026-10-08 14:22:40] emiten [9/20] BLTA ok
[2026-10-08 14:22:40] emiten [10/20] KKES ok
[2026-10-08 14:22:41] emiten [11/20] SMGR ok
[2026-10-08 14:22:42] emiten [12/20] NCKL ok
[2026-10-08 14:22:43] emiten [13/20] CDIA ok
[2026-10-08 14:22:43] emiten [14/20] VICI ok
[2026-10-08 14:22:44] emiten [15/20] INKP ok
[2026-10-08 14:22:45] emiten [16/20] SSIA ok
[2026-10-08 14:22:46] emiten [17/20] ICBP ok
[2026-10-08 14:22:47] emiten [18/20] BDMN ok
[2026-10-08 14:22:48] emiten [19/20] ITMG ok
[2026-10-08 14:22:49] emiten [20/20] GGRM ok
[2026-10-08 18:14:56] ==================================================
[2026-10-08 18:14:56] Aplikasi Screener dimulai
[2026-10-08 18:14:58] Melayani di http://127.0.0.1:8765/
[2026-10-08 18:14:58] Screener Praktis berjalan di http://127.0.0.1:8765/
[2026-10-08 18:16:28] ksei Periode terbaru : 20260930
[2026-10-08 18:16:28] ksei Periode sebelumnya: 20260831
[2026-10-08 18:16:28] ksei Menyusun seri 24 bulan untuk estimasi harga rata-rata asing...
[2026-10-08 18:16:29] ksei Terbaca 1012 emiten EQUITY; seri 24 bulan
[2026-10-08 18:16:35] emiten [1/40] FORU ok
[2026-10-08 18:16:36] emiten [2/40] BBCA ok
[2026-10-08 18:16:37] emiten [3/40] BMRI ok
[2026-10-08 18:16:38] emiten [4/40] BBRI ok
[2026-10-08 18:16:39] emiten [5/40] CUAN ok
[2026-10-08 18:16:39] emiten [6/40] BBNI ok
[2026-10-08 18:16:40] emiten [7/40] PACK ok
[2026-10-08 18:16:41] emiten [8/40] SQMI ok
[2026-10-08 18:16:46] emiten [9/40] EMAS ok
[2026-10-08 18:16:47] emiten [10/40] WIFI ok
[2026-10-08 18:16:48] emiten [11/40] BIPI ok
[2026-10-08 18:16:49] emiten [12/40] PURA ok
[2026-10-08 18:16:50] emiten [13/40] COCO ok
[2026-10-08 18:16:51] emiten [14/40] LUCY ok
[2026-10-08 18:16:51] emiten [15/40] UVCR ok
[2026-10-08 18:16:52] emiten [16/40] AALI ok
[2026-10-08 18:16:53] emiten [17/40] KREN ok
[2026-10-08 18:16:54] emiten [18/40] COIN ok
[2026-10-08 18:16:55] emiten [19/40] ADMR ok
[2026-10-08 18:16:56] emiten [20/40] SGER ok
[2026-10-08 18:16:56] emiten [21/40] NEST ok
[2026-10-08 18:16:57] emiten [22/40] BNBR ok
[2026-10-08 18:16:58] emiten [23/40] CDIA ok
[2026-10-08 18:16:59] emiten [24/40] MEJA ok
[2026-10-08 18:17:00] emiten [25/40] PGAS ok
[2026-10-08 18:17:01] emiten [26/40] FILM ok
[2026-10-08 18:17:01] emiten [27/40] JPFA ok
[2026-10-08 18:17:02] emiten [28/40] ASPI ok
[2026-10-08 18:17:03] emiten [29/40] PPRI ok
[2026-10-08 18:17:04] emiten [30/40] AKKU ok
[2026-10-08 18:17:05] emiten [31/40] HRTA ok
[2026-10-08 18:17:05] emiten [32/40] GULA ok
[2026-10-08 18:17:06] emiten [33/40] KIJA ok
[2026-10-08 18:17:07] emiten [34/40] BDMN ok
[2026-10-08 18:17:08] emiten [35/40] KKES ok
[2026-10-08 18:17:08] emiten [1/1] BRMS ok
[2026-10-08 18:17:09] emiten [36/40] CYBR ok
[2026-10-08 18:17:09] emiten [37/40] MARK ok
[2026-10-08 18:17:10] emiten [38/40] EXCL ok
[2026-10-08 18:17:11] emiten [39/40] ARCI ok
[2026-10-08 18:17:12] emiten [40/40] ARKO ok
[2026-10-08 18:17:14] scope stock gagal: SahamScope gagal total (BRMS: HTTP Error 429: Too Many Requests)
[2026-10-08 18:17:16] fund BRMS ok
[2026-10-08 18:17:17] emiten [1/20] IMPC ok
[2026-10-08 18:17:18] emiten [2/20] AKRA ok
[2026-10-08 18:17:18] emiten [3/20] BTEK ok
[2026-10-08 18:17:19] emiten [4/20] SMMT ok
[2026-10-08 18:17:20] emiten [5/20] EMTK ok
[2026-10-08 18:17:21] emiten [6/20] RSCH ok
[2026-10-08 18:17:21] emiten [7/20] IRSX ok
[2026-10-08 18:17:22] emiten [8/20] SMDR ok
[2026-10-08 18:17:23] emiten [9/20] BIKE ok
[2026-10-08 18:17:24] emiten [10/20] ASGR ok
[2026-10-08 18:17:25] emiten [11/20] BSDE ok
[2026-10-08 18:17:26] emiten [12/20] MSJA ok
[2026-10-08 18:17:26] emiten [13/20] PANI ok
[2026-10-08 18:17:27] emiten [14/20] TRUE ok
[2026-10-08 18:17:28] emiten [15/20] OILS ok
[2026-10-08 18:17:29] emiten [16/20] IKAI ok
[2026-10-08 18:17:30] emiten [17/20] LSIP ok
[2026-10-08 18:17:30] emiten [18/20] TAPG ok
[2026-10-08 18:17:31] emiten [19/20] SOCI ok
[2026-10-08 18:17:32] emiten [20/20] HOPE ok
[2026-10-08 18:53:57] ==================================================
[2026-10-08 18:53:57] Aplikasi Screener dimulai
[2026-10-08 18:53:59] Melayani di http://127.0.0.1:8765/
[2026-10-08 18:53:59] Screener Praktis berjalan di http://127.0.0.1:8765/
[2026-10-08 18:54:19] ksei Periode terbaru : 20260930
[2026-10-08 18:54:19] ksei Periode sebelumnya: 20260831
[2026-10-08 18:54:19] ksei Menyusun seri 24 bulan untuk estimasi harga rata-rata asing...
[2026-10-08 18:54:20] ksei Terbaca 1012 emiten EQUITY; seri 24 bulan
[2026-10-08 18:54:28] emiten [1/40] FORU ok
[2026-10-08 18:54:28] emiten [2/40] BBCA ok
[2026-10-08 18:54:29] emiten [3/40] BMRI ok
[2026-10-08 18:54:30] emiten [4/40] BBRI ok
[2026-10-08 18:54:31] emiten [5/40] CUAN ok
[2026-10-08 18:54:32] emiten [6/40] BBNI ok
[2026-10-08 18:54:32] emiten [7/40] PACK ok
[2026-10-08 18:54:33] emiten [8/40] SQMI ok
[2026-10-08 18:54:34] emiten [9/40] EMAS ok
[2026-10-08 18:54:35] emiten [10/40] WIFI ok
[2026-10-08 18:54:35] emiten [11/40] BIPI ok
[2026-10-08 18:54:36] emiten [12/40] PURA ok
[2026-10-08 18:54:37] emiten [13/40] COCO ok
[2026-10-08 18:54:38] emiten [14/40] LUCY ok
[2026-10-08 18:54:39] emiten [15/40] KREN ok
[2026-10-08 18:54:39] emiten [16/40] COIN ok
[2026-10-08 18:54:40] emiten [17/40] ADMR ok
[2026-10-08 18:54:41] emiten [18/40] SGER ok
[2026-10-08 18:54:42] emiten [19/40] NEST ok
[2026-10-08 18:54:43] emiten [20/40] BNBR ok
[2026-10-08 18:54:44] emiten [21/40] CDIA ok
[2026-10-08 18:54:44] emiten [22/40] MEJA ok
[2026-10-08 18:54:45] emiten [23/40] FILM ok
[2026-10-08 18:54:46] emiten [24/40] ASPI ok
[2026-10-08 18:54:47] emiten [25/40] PPRI ok
[2026-10-08 18:54:48] emiten [26/40] AKKU ok
[2026-10-08 18:54:49] emiten [27/40] GULA ok
[2026-10-08 18:54:49] emiten [28/40] BDMN ok
[2026-10-08 18:54:50] emiten [29/40] KKES ok
[2026-10-08 18:54:51] emiten [30/40] CYBR ok
[2026-10-08 18:54:52] emiten [31/40] ARKO ok
[2026-10-08 18:54:53] emiten [32/40] BTEK ok
[2026-10-08 18:54:53] emiten [33/40] BSDE ok
[2026-10-08 18:54:54] emiten [34/40] PANI ok
[2026-10-08 18:54:55] emiten [35/40] TRUE ok
[2026-10-08 18:54:56] emiten [36/40] IKAI ok
[2026-10-08 18:54:57] emiten [37/40] KIOS ok
[2026-10-08 18:54:57] emiten [38/40] EPAC ok
[2026-10-08 18:54:58] emiten [39/40] SEMA ok
[2026-10-08 18:54:59] emiten [40/40] TRIN ok
[2026-10-08 18:55:04] emiten [1/20] RANS ok
[2026-10-08 18:55:05] emiten [2/20] PICO ok
[2026-10-08 18:55:06] emiten [3/20] GEMS ok
[2026-10-08 18:55:06] emiten [4/20] CMNT ok
[2026-10-08 18:55:07] emiten [5/20] BUKA ok
[2026-10-08 18:55:08] emiten [6/20] SSMS ok
[2026-10-08 18:55:09] emiten [7/20] JGLE ok
[2026-10-08 18:55:09] emiten [8/20] PGEO ok
[2026-10-08 18:55:10] emiten [9/20] RMKE ok
[2026-10-08 18:55:11] emiten [10/20] MITI ok
[2026-10-08 18:55:12] emiten [11/20] PPRO ok
[2026-10-08 18:55:13] emiten [12/20] BDKR ok
[2026-10-08 18:55:13] emiten [13/20] AUTO ok
[2026-10-08 18:55:14] emiten [14/20] KDTN ok
[2026-10-08 18:55:15] emiten [15/20] ELTY ok
[2026-10-08 18:55:16] emiten [16/20] TCPI ok
[2026-10-08 18:55:17] emiten [17/20] FUTR ok
[2026-10-08 18:55:17] emiten [18/20] UNVR ok
[2026-10-08 18:55:18] emiten [19/20] BBTN ok
[2026-10-08 18:55:19] emiten [20/20] DADA ok
[2026-10-08 19:37:11] ==================================================
[2026-10-08 19:37:11] Aplikasi Screener dimulai
[2026-10-08 19:37:13] Melayani di http://127.0.0.1:8765/
[2026-10-08 19:37:13] Screener Praktis berjalan di http://127.0.0.1:8765/
[2026-10-08 19:37:41] ksei Periode terbaru : 20260930
[2026-10-08 19:37:41] ksei Periode sebelumnya: 20260831
[2026-10-08 19:37:41] ksei Menyusun seri 24 bulan untuk estimasi harga rata-rata asing...
[2026-10-08 19:37:42] ksei Terbaca 1012 emiten EQUITY; seri 24 bulan
[2026-10-08 19:37:50] emiten [1/40] FORU ok
[2026-10-08 19:37:50] emiten [2/40] BBCA ok
[2026-10-08 19:37:51] emiten [3/40] BMRI ok
[2026-10-08 19:37:52] emiten [4/40] BBRI ok
[2026-10-08 19:37:53] emiten [5/40] CUAN ok
[2026-10-08 19:37:53] emiten [6/40] BBNI ok
[2026-10-08 19:37:54] emiten [7/40] PACK ok
[2026-10-08 19:37:55] emiten [8/40] SQMI ok
[2026-10-08 19:37:56] emiten [9/40] EMAS ok
[2026-10-08 19:37:57] emiten [10/40] WIFI ok
[2026-10-08 19:37:57] emiten [11/40] BIPI ok
[2026-10-08 19:37:58] emiten [12/40] PURA ok
[2026-10-08 19:37:59] emiten [13/40] COCO ok
[2026-10-08 19:38:00] emiten [14/40] LUCY ok
[2026-10-08 19:38:01] emiten [15/40] KREN ok
[2026-10-08 19:38:01] emiten [16/40] COIN ok
[2026-10-08 19:38:02] emiten [17/40] ADMR ok
[2026-10-08 19:38:03] emiten [18/40] SGER ok
[2026-10-08 19:38:04] emiten [19/40] NEST ok
[2026-10-08 19:38:04] emiten [20/40] BNBR ok
[2026-10-08 19:38:05] emiten [21/40] CDIA ok
[2026-10-08 19:38:08] emiten [22/40] MEJA ok
[2026-10-08 19:38:09] emiten [23/40] FILM ok
[2026-10-08 19:38:09] emiten [24/40] ASPI ok
[2026-10-08 19:38:10] emiten [25/40] PPRI ok
[2026-10-08 19:38:11] emiten [26/40] AKKU ok
[2026-10-08 19:38:12] emiten [27/40] GULA ok
[2026-10-08 19:38:13] emiten [28/40] BDMN ok
[2026-10-08 19:38:13] emiten [29/40] KKES ok
[2026-10-08 19:38:14] emiten [30/40] CYBR ok
[2026-10-08 19:38:15] emiten [31/40] ARKO ok
[2026-10-08 19:38:16] emiten [32/40] BTEK ok
[2026-10-08 19:38:17] emiten [33/40] BSDE ok
[2026-10-08 19:38:17] emiten [34/40] PANI ok
[2026-10-08 19:38:18] emiten [35/40] TRUE ok
[2026-10-08 19:38:19] emiten [36/40] IKAI ok
[2026-10-08 19:38:20] emiten [37/40] KIOS ok
[2026-10-08 19:38:21] emiten [38/40] TRIN ok
[2026-10-08 19:38:22] emiten [39/40] PICO ok
[2026-10-08 19:38:23] emiten [40/40] SSMS ok
[2026-10-08 19:38:27] emiten [1/20] FUTR ok
[2026-10-08 19:38:28] emiten [2/20] BBTN ok
[2026-10-08 19:38:29] emiten [3/20] REAL ok
[2026-10-08 19:38:30] emiten [4/20] MCAS ok
[2026-10-08 19:38:30] emiten [5/20] NICL ok
[2026-10-08 19:38:31] emiten [6/20] PART ok
[2026-10-08 19:38:32] emiten [7/20] ASSA ok
[2026-10-08 19:38:33] emiten [8/20] AIMS ok
[2026-10-08 19:38:34] emiten [9/20] DEWI ok
[2026-10-08 19:38:34] emiten [10/20] AHAP ok
[2026-10-08 19:38:35] emiten [11/20] INDO ok
[2026-10-08 19:38:36] emiten [12/20] AYAM ok
[2026-10-08 19:38:38] emiten [13/20] PCAR ok
[2026-10-08 19:38:39] emiten [14/20] ALKA ok
[2026-10-08 19:38:40] emiten [15/20] UNSP ok
[2026-10-08 19:38:40] emiten [16/20] HELI ok
[2026-10-08 19:38:41] emiten [17/20] MGLV ok
[2026-10-08 19:38:42] emiten [18/20] TAXI ok
[2026-10-08 19:38:43] emiten [19/20] HATM ok
[2026-10-08 19:38:43] emiten [20/20] NISP ok
[2026-10-08 19:55:24] ==================================================
[2026-10-08 19:55:24] Aplikasi Screener dimulai
[2026-10-08 19:55:26] Melayani di http://127.0.0.1:8765/
[2026-10-08 19:55:26] Screener Praktis berjalan di http://127.0.0.1:8765/
[2026-10-08 19:55:46] ksei Periode terbaru : 20260930
[2026-10-08 19:55:46] ksei Periode sebelumnya: 20260831
[2026-10-08 19:55:46] ksei Menyusun seri 24 bulan untuk estimasi harga rata-rata asing...
[2026-10-08 19:55:46] ksei Terbaca 1012 emiten EQUITY; seri 24 bulan
[2026-10-08 19:55:52] emiten [1/40] FORU ok
[2026-10-08 19:55:53] emiten [2/40] BBCA ok
[2026-10-08 19:55:54] emiten [3/40] BMRI ok
[2026-10-08 19:55:55] emiten [4/40] BBRI ok
[2026-10-08 19:55:56] emiten [5/40] CUAN ok
[2026-10-08 19:55:57] emiten [6/40] BBNI ok
[2026-10-08 19:55:58] emiten [7/40] PACK ok
[2026-10-08 19:55:58] emiten [8/40] SQMI ok
[2026-10-08 19:55:59] emiten [9/40] EMAS ok
[2026-10-08 19:56:00] emiten [10/40] WIFI ok
[2026-10-08 19:56:01] emiten [11/40] BIPI ok
[2026-10-08 19:56:02] emiten [12/40] PURA ok
[2026-10-08 19:56:02] emiten [13/40] COCO ok
[2026-10-08 19:56:03] emiten [14/40] LUCY ok
[2026-10-08 19:56:04] emiten [15/40] KREN ok
[2026-10-08 19:56:05] emiten [16/40] COIN ok
[2026-10-08 19:56:06] emiten [17/40] ADMR ok
[2026-10-08 19:56:07] emiten [18/40] SGER ok
[2026-10-08 19:56:08] emiten [19/40] NEST ok
[2026-10-08 19:56:09] emiten [20/40] BNBR ok
[2026-10-08 19:56:10] emiten [21/40] CDIA ok
[2026-10-08 19:56:10] emiten [22/40] MEJA ok
[2026-10-08 19:56:11] emiten [23/40] FILM ok
[2026-10-08 19:56:12] emiten [24/40] ASPI ok
[2026-10-08 19:56:13] emiten [25/40] PPRI ok
[2026-10-08 19:56:14] emiten [26/40] AKKU ok
[2026-10-08 19:56:14] emiten [27/40] GULA ok
[2026-10-08 19:56:15] emiten [28/40] BDMN ok
[2026-10-08 19:56:16] emiten [29/40] KKES ok
[2026-10-08 19:56:17] emiten [30/40] CYBR ok
[2026-10-08 19:56:18] emiten [31/40] ARKO ok
[2026-10-08 19:56:19] emiten [32/40] BTEK ok
[2026-10-08 19:56:19] emiten [33/40] BSDE ok
[2026-10-08 19:56:20] emiten [34/40] PANI ok
[2026-10-08 19:56:21] emiten [35/40] TRUE ok
[2026-10-08 19:56:22] emiten [36/40] IKAI ok
[2026-10-08 19:56:22] emiten [37/40] KIOS ok
[2026-10-08 19:56:23] emiten [38/40] TRIN ok
[2026-10-08 19:56:24] emiten [39/40] PICO ok
[2026-10-08 19:56:25] emiten [40/40] SSMS ok
[2026-10-08 19:56:30] emiten [1/20] FUTR ok
[2026-10-08 19:56:30] emiten [2/20] BBTN ok
[2026-10-08 19:56:31] emiten [3/20] REAL ok
[2026-10-08 19:56:32] emiten [4/20] MCAS ok
[2026-10-08 19:56:33] emiten [5/20] AHAP ok
[2026-10-08 19:56:37] emiten [6/20] AYAM ok
[2026-10-08 19:56:37] emiten [7/20] PCAR ok
[2026-10-08 19:56:38] emiten [8/20] MGLV ok
[2026-10-08 19:56:39] emiten [9/20] TAXI ok
[2026-10-08 19:56:41] emiten [10/20] NISP ok
[2026-10-08 19:56:42] emiten [11/20] BBKP ok
[2026-10-08 19:56:42] emiten [12/20] CLEO ok
[2026-10-08 19:56:43] emiten [13/20] MINA ok
[2026-10-08 19:56:44] emiten [14/20] MAIN ok
[2026-10-08 19:56:45] emiten [15/20] TAMU ok
[2026-10-08 19:56:46] emiten [16/20] BEKS ok
[2026-10-08 19:56:47] emiten [17/20] BLUE ok
[2026-10-08 19:56:47] emiten [18/20] MAPA ok
[2026-10-08 19:56:48] emiten [19/20] KPIG ok
[2026-10-08 19:56:49] emiten [20/20] SAFE ok
[2026-10-08 20:33:12] ==================================================
[2026-10-08 20:33:12] Aplikasi Screener dimulai
[2026-10-08 20:33:14] Melayani di http://127.0.0.1:8765/
[2026-10-08 20:33:14] Screener Praktis berjalan di http://127.0.0.1:8765/
[2026-10-08 20:35:39] ksei Periode terbaru : 20260930
[2026-10-08 20:35:39] ksei Periode sebelumnya: 20260831
[2026-10-08 20:35:39] ksei Menyusun seri 24 bulan untuk estimasi harga rata-rata asing...
[2026-10-08 20:35:39] ksei Terbaca 1012 emiten EQUITY; seri 24 bulan
[2026-10-08 20:35:46] emiten [1/40] FORU ok
[2026-10-08 20:35:47] emiten [2/40] BBCA ok
[2026-10-08 20:35:48] emiten [3/40] BMRI ok
[2026-10-08 20:35:49] emiten [4/40] BBRI ok
[2026-10-08 20:35:49] emiten [5/40] CUAN ok
[2026-10-08 20:35:50] emiten [6/40] BBNI ok
[2026-10-08 20:35:52] emiten [7/40] PACK ok
[2026-10-08 20:35:52] emiten [8/40] SQMI ok
[2026-10-08 20:35:53] emiten [9/40] EMAS ok
[2026-10-08 20:35:54] emiten [10/40] WIFI ok
[2026-10-08 20:35:55] emiten [11/40] BIPI ok
[2026-10-08 20:35:55] emiten [12/40] PURA ok
[2026-10-08 20:35:56] emiten [13/40] COCO ok
[2026-10-08 20:35:57] emiten [14/40] LUCY ok
[2026-10-08 20:35:57] emiten [15/40] KREN ok
[2026-10-08 20:35:58] emiten [16/40] COIN ok
[2026-10-08 20:35:59] emiten [17/40] ADMR ok
[2026-10-08 20:36:00] emiten [18/40] SGER ok
[2026-10-08 20:36:01] emiten [19/40] NEST ok
[2026-10-08 20:36:02] emiten [20/40] BNBR ok
[2026-10-08 20:36:03] emiten [21/40] CDIA ok
[2026-10-08 20:36:04] emiten [22/40] MEJA ok
[2026-10-08 20:36:05] emiten [23/40] FILM ok
[2026-10-08 20:36:05] emiten [24/40] ASPI ok
[2026-10-08 20:36:06] emiten [25/40] PPRI ok
[2026-10-08 20:36:07] emiten [26/40] AKKU ok
[2026-10-08 20:36:08] emiten [27/40] GULA ok
[2026-10-08 20:36:09] emiten [28/40] BDMN ok
[2026-10-08 20:36:10] emiten [29/40] KKES ok
[2026-10-08 20:36:11] emiten [30/40] CYBR ok
[2026-10-08 20:36:12] emiten [31/40] ARKO ok
[2026-10-08 20:36:13] emiten [32/40] BTEK ok
[2026-10-08 20:36:18] emiten [33/40] BSDE ok
[2026-10-08 20:36:19] emiten [34/40] PANI ok
[2026-10-08 20:36:20] emiten [35/40] TRUE ok
[2026-10-08 20:36:21] emiten [36/40] IKAI ok
[2026-10-08 20:36:21] emiten [37/40] KIOS ok
[2026-10-08 20:36:22] emiten [38/40] TRIN ok
[2026-10-08 20:36:23] emiten [39/40] PICO ok
[2026-10-08 20:36:24] emiten [40/40] SSMS ok
[2026-10-08 20:36:29] emiten [1/20] FUTR ok
[2026-10-08 20:36:30] emiten [2/20] BBTN ok
[2026-10-08 20:36:30] emiten [3/20] REAL ok
[2026-10-08 20:36:31] emiten [4/20] MCAS ok
[2026-10-08 20:36:32] emiten [5/20] AHAP ok
[2026-10-08 20:36:33] emiten [6/20] AYAM ok
[2026-10-08 20:36:33] emiten [7/20] PCAR ok
[2026-10-08 20:36:34] emiten [8/20] MGLV ok
[2026-10-08 20:36:35] emiten [9/20] TAXI ok
[2026-10-08 20:36:36] emiten [10/20] NISP ok
[2026-10-08 20:36:36] emiten [11/20] BBKP ok
[2026-10-08 20:36:37] emiten [12/20] TAMU ok
[2026-10-08 20:36:38] emiten [13/20] BEKS ok
[2026-10-08 20:36:39] emiten [14/20] CBRE ok
[2026-10-08 20:36:40] emiten [15/20] INTP ok
[2026-10-08 20:36:40] emiten [16/20] ARII ok
[2026-10-08 20:36:41] emiten [17/20] ARTO ok
[2026-10-08 20:36:42] emiten [18/20] TOTL ok
[2026-10-08 20:36:44] emiten [19/20] BBYB ok
[2026-10-08 20:36:45] emiten [20/20] MYOR ok
[2026-10-08 20:44:31] ==================================================
[2026-10-08 20:44:31] Aplikasi Screener dimulai
[2026-10-08 20:44:33] Melayani di http://127.0.0.1:8765/
[2026-10-08 20:44:33] Screener Praktis berjalan di http://127.0.0.1:8765/
[2026-10-08 20:44:51] ksei Periode terbaru : 20260930
[2026-10-08 20:44:51] ksei Periode sebelumnya: 20260831
[2026-10-08 20:44:51] ksei Menyusun seri 24 bulan untuk estimasi harga rata-rata asing...
[2026-10-08 20:44:51] ksei Terbaca 1012 emiten EQUITY; seri 24 bulan
[2026-10-08 20:44:58] emiten [1/40] FORU ok
[2026-10-08 20:44:59] emiten [2/40] BBCA ok
[2026-10-08 20:45:00] emiten [3/40] BMRI ok
[2026-10-08 20:45:00] emiten [4/40] BBRI ok
[2026-10-08 20:45:01] emiten [5/40] CUAN ok
[2026-10-08 20:45:02] emiten [6/40] BBNI ok
[2026-10-08 20:45:03] emiten [7/40] PACK ok
[2026-10-08 20:45:03] emiten [8/40] SQMI ok
[2026-10-08 20:45:04] emiten [9/40] EMAS ok
[2026-10-08 20:45:05] emiten [10/40] WIFI ok
[2026-10-08 20:45:06] emiten [11/40] BIPI ok
[2026-10-08 20:45:07] emiten [12/40] PURA ok
[2026-10-08 20:45:07] emiten [13/40] COCO ok
[2026-10-08 20:45:08] emiten [14/40] LUCY ok
[2026-10-08 20:45:09] emiten [15/40] KREN ok
[2026-10-08 20:45:09] emiten [16/40] COIN ok
[2026-10-08 20:45:11] emiten [17/40] ADMR ok
[2026-10-08 20:45:11] emiten [18/40] SGER ok
[2026-10-08 20:45:12] emiten [19/40] NEST ok
[2026-10-08 20:45:13] emiten [20/40] BNBR ok
[2026-10-08 20:45:14] emiten [21/40] CDIA ok
[2026-10-08 20:45:15] emiten [22/40] MEJA ok
[2026-10-08 20:45:15] emiten [23/40] FILM ok
[2026-10-08 20:45:16] emiten [24/40] ASPI ok
[2026-10-08 20:45:17] emiten [25/40] PPRI ok
[2026-10-08 20:45:18] emiten [26/40] AKKU ok
[2026-10-08 20:45:19] emiten [27/40] GULA ok
[2026-10-08 20:45:19] emiten [28/40] BDMN ok
[2026-10-08 20:45:20] emiten [29/40] KKES ok
[2026-10-08 20:45:21] emiten [30/40] CYBR ok
[2026-10-08 20:45:22] emiten [31/40] ARKO ok
[2026-10-08 20:45:22] emiten [32/40] BTEK ok
[2026-10-08 20:45:23] emiten [33/40] BSDE ok
[2026-10-08 20:45:24] emiten [34/40] PANI ok
[2026-10-08 20:45:24] emiten [35/40] TRUE ok
[2026-10-08 20:45:25] emiten [36/40] IKAI ok
[2026-10-08 20:45:26] emiten [37/40] KIOS ok
[2026-10-08 20:45:27] emiten [38/40] TRIN ok
[2026-10-08 20:45:27] emiten [39/40] PICO ok
[2026-10-08 20:45:28] emiten [40/40] SSMS ok
[2026-10-08 20:45:33] emiten [1/20] FUTR ok
[2026-10-08 20:45:34] emiten [2/20] BBTN ok
[2026-10-08 20:45:35] emiten [3/20] REAL ok
[2026-10-08 20:45:35] emiten [4/20] MCAS ok
[2026-10-08 20:45:36] emiten [5/20] AHAP ok
[2026-10-08 20:45:37] emiten [6/20] AYAM ok
[2026-10-08 20:45:38] emiten [7/20] PCAR ok
[2026-10-08 20:45:39] emiten [8/20] MGLV ok
[2026-10-08 20:45:39] emiten [9/20] TAXI ok
[2026-10-08 20:45:40] emiten [10/20] NISP ok
[2026-10-08 20:45:41] emiten [11/20] BBKP ok
[2026-10-08 20:45:42] emiten [12/20] TAMU ok
[2026-10-08 20:45:42] emiten [13/20] BEKS ok
[2026-10-08 20:45:43] emiten [14/20] CBRE ok
[2026-10-08 20:45:44] emiten [15/20] ARTO ok
[2026-10-08 20:45:45] emiten [16/20] SMRA ok
[2026-10-08 20:45:46] emiten [17/20] HMSP ok
[2026-10-08 20:45:46] emiten [18/20] SCMA ok
[2026-10-08 20:45:47] emiten [19/20] GMFI ok
[2026-10-08 20:45:48] emiten [20/20] LPKR ok
[2026-10-08 20:50:20] ==================================================
[2026-10-08 20:50:20] Aplikasi Screener dimulai
[2026-10-08 20:50:22] Melayani di http://127.0.0.1:8765/
[2026-10-08 20:50:22] Screener Praktis berjalan di http://127.0.0.1:8765/
[2026-10-08 20:51:01] ==================================================
[2026-10-08 20:51:01] Aplikasi Screener dimulai
[2026-10-08 20:51:03] Melayani di http://127.0.0.1:8765/
[2026-10-08 20:51:03] Screener Praktis berjalan di http://127.0.0.1:8765/
[2026-10-08 20:52:41] ksei Periode terbaru : 20260930
[2026-10-08 20:52:41] ksei Periode sebelumnya: 20260831
[2026-10-08 20:52:41] ksei Menyusun seri 24 bulan untuk estimasi harga rata-rata asing...
[2026-10-08 20:52:41] ksei Terbaca 1012 emiten EQUITY; seri 24 bulan
[2026-10-08 20:52:49] emiten [1/40] FORU ok
[2026-10-08 20:52:49] emiten [2/40] BBCA ok
[2026-10-08 20:52:50] emiten [3/40] BMRI ok
[2026-10-08 20:52:51] emiten [4/40] BBRI ok
[2026-10-08 20:52:52] emiten [5/40] CUAN ok
[2026-10-08 20:52:53] emiten [6/40] BBNI ok
[2026-10-08 20:52:53] emiten [7/40] PACK ok
[2026-10-08 20:52:54] emiten [8/40] SQMI ok
[2026-10-08 20:52:55] emiten [9/40] EMAS ok
[2026-10-08 20:52:55] emiten [10/40] WIFI ok
[2026-10-08 20:52:56] emiten [11/40] BIPI ok
[2026-10-08 20:52:57] emiten [12/40] PURA ok
[2026-10-08 20:52:58] emiten [13/40] COCO ok
[2026-10-08 20:52:59] emiten [14/40] LUCY ok
[2026-10-08 20:52:59] konfigurasi disimpan: 18 emiten, 24 bulan KSEI
[2026-10-08 20:52:59] Daftar pantau: 18 emiten (BBCA, BBRI, BMRI, BBNI, TLKM, ASII, ANTM, ADRO...)
[2026-10-08 20:52:59] Mengunduh kepemilikan KSEI...
[2026-10-08 20:52:59] emiten [15/40] KREN ok
[2026-10-08 20:53:00] emiten [16/40] COIN ok
[2026-10-08 20:53:01] emiten [17/40] ADMR ok
[2026-10-08 20:53:02] emiten [18/40] SGER ok
[2026-10-08 20:53:03] emiten [19/40] NEST ok
[2026-10-08 20:53:03] emiten [20/40] BNBR ok
[2026-10-08 20:53:04] emiten [21/40] CDIA ok
[2026-10-08 20:53:05] emiten [22/40] MEJA ok
[2026-10-08 20:53:06] emiten [23/40] FILM ok
[2026-10-08 20:53:06] emiten [24/40] ASPI ok
[2026-10-08 20:53:07] emiten [25/40] PPRI ok
[2026-10-08 20:53:09] emiten [26/40] AKKU ok
[2026-10-08 20:53:10] emiten [27/40] GULA ok
[2026-10-08 20:53:11] emiten [28/40] BDMN ok
[2026-10-08 20:53:12] emiten [29/40] KKES ok
[2026-10-08 20:53:12] emiten [30/40] CYBR ok
[2026-10-08 20:53:13] ksei Periode terbaru : 20260930
[2026-10-08 20:53:13] ksei Periode sebelumnya: 20260831
[2026-10-08 20:53:13] ksei Menyusun seri 24 bulan untuk estimasi harga rata-rata asing...
[2026-10-08 20:53:13] ksei Terbaca 1012 emiten EQUITY; seri 24 bulan
[2026-10-08 20:53:13] Mengunduh harga & fundamental (18 emiten)...
[2026-10-08 20:53:13] emiten [31/40] ARKO ok
[2026-10-08 20:53:14] emiten [32/40] BTEK ok
[2026-10-08 20:53:15] emiten [33/40] BSDE ok
[2026-10-08 20:53:16] emiten [34/40] PANI ok
[2026-10-08 20:53:16] emiten [35/40] TRUE ok
[2026-10-08 20:53:17] emiten [36/40] IKAI ok
[2026-10-08 20:53:18] emiten [1/18] BBCA ok
[2026-10-08 20:53:18] emiten [37/40] KIOS ok
[2026-10-08 20:53:19] emiten [38/40] TRIN ok
[2026-10-08 20:53:19] emiten [2/18] BBRI ok
[2026-10-08 20:53:19] emiten [39/40] PICO ok
[2026-10-08 20:53:19] emiten [3/18] BMRI ok
[2026-10-08 20:53:20] emiten [40/40] SSMS ok
[2026-10-08 20:53:20] emiten [4/18] BBNI ok
[2026-10-08 20:53:21] emiten [5/18] TLKM ok
[2026-10-08 20:53:22] emiten [6/18] ASII ok
[2026-10-08 20:53:23] emiten [7/18] ANTM ok
[2026-10-08 20:53:24] emiten [8/18] ADRO ok
[2026-10-08 20:53:24] emiten [9/18] ICBP ok
[2026-10-08 20:53:25] emiten [1/20] FUTR ok
[2026-10-08 20:53:25] emiten [10/18] PTBA ok
[2026-10-08 20:53:26] emiten [2/20] BBTN ok
[2026-10-08 20:53:26] emiten [11/18] CPIN ok
[2026-10-08 20:53:27] emiten [3/20] REAL ok
[2026-10-08 20:53:27] emiten [12/18] ACES ok
[2026-10-08 20:53:27] emiten [4/20] MCAS ok
[2026-10-08 20:53:28] emiten [13/18] AMRT ok
[2026-10-08 20:53:28] emiten [5/20] AHAP ok
[2026-10-08 20:53:29] emiten [14/18] MAPA ok
[2026-10-08 20:53:29] emiten [6/20] AYAM ok
[2026-10-08 20:53:29] emiten [15/18] DMAS ok
[2026-10-08 20:53:30] emiten [7/20] PCAR ok
[2026-10-08 20:53:30] emiten [16/18] ERAA ok
[2026-10-08 20:53:31] emiten [8/20] MGLV ok
[2026-10-08 20:53:31] emiten [17/18] LSIP ok
[2026-10-08 20:53:31] emiten [9/20] TAXI ok
[2026-10-08 20:53:32] emiten [18/18] CLPI ok
[2026-10-08 20:53:32] Mengunduh broker & insider (SahamScope, watchlist)...
[2026-10-08 20:53:32] [cache] memakai scope yang tersimpan (2 menit lalu)
[2026-10-08 20:53:32] Menambah avg broker IndoPremier (SQLite)...
[2026-10-08 20:53:32] emiten [10/20] NISP ok
[2026-10-08 20:53:33] emiten [11/20] BBKP ok
[2026-10-08 20:53:34] emiten [12/20] TAMU ok
[2026-10-08 20:53:35] emiten [13/20] BEKS ok
[2026-10-08 20:53:36] emiten [14/20] CBRE ok
[2026-10-08 20:53:36] emiten [15/20] ARTO ok
[2026-10-08 20:53:37] emiten [16/20] LPKR ok
[2026-10-08 20:53:38] emiten [17/20] PTSN ok
[2026-10-08 20:53:39] emiten [18/20] MSIN ok
[2026-10-08 20:53:40] emiten [19/20] WBSA ok
[2026-10-08 20:53:41] emiten [20/20] VERN ok
[2026-10-08 20:54:22] Avg broker IndoPremier: 18 emiten.
[2026-10-08 20:54:22] Selesai. 18 emiten siap.
[2026-10-08 20:54:22] Memuat peta tema...
[2026-10-08 20:54:22] Memuat fundamental gabungan...
[2026-10-08 21:57:21] konfigurasi disimpan: 9 emiten, 24 bulan KSEI
[2026-10-08 21:58:53] konfigurasi disimpan: 13 emiten, 24 bulan KSEI
[2026-10-08 21:58:57] Daftar pantau: 13 emiten (ICBP, PTBA, CPIN, MAPA, DMAS, ERAA, LSIP, CLPI...)
[2026-10-08 21:58:57] Mengunduh kepemilikan KSEI...
[2026-10-08 21:59:10] ksei Periode terbaru : 20260930
[2026-10-08 21:59:10] ksei Periode sebelumnya: 20260831
[2026-10-08 21:59:10] ksei Menyusun seri 24 bulan untuk estimasi harga rata-rata asing...
[2026-10-08 21:59:11] ksei Terbaca 1012 emiten EQUITY; seri 24 bulan
[2026-10-08 21:59:11] Mengunduh harga & fundamental (13 emiten)...
[2026-10-08 21:59:16] emiten [1/13] ICBP ok
[2026-10-08 21:59:17] emiten [2/13] PTBA ok
[2026-10-08 21:59:18] emiten [3/13] CPIN ok
[2026-10-08 21:59:19] emiten [4/13] MAPA ok
[2026-10-08 21:59:19] emiten [5/13] DMAS ok
[2026-10-08 21:59:20] emiten [6/13] ERAA ok
[2026-10-08 21:59:21] emiten [7/13] LSIP ok
[2026-10-08 21:59:22] emiten [8/13] CLPI ok
[2026-10-08 21:59:22] emiten [9/13] KLBF ok
[2026-10-08 21:59:23] emiten [10/13] KIJA ok
[2026-10-08 21:59:24] emiten [11/13] ISAT ok
[2026-10-08 21:59:25] emiten [12/13] KETR ok
[2026-10-08 21:59:26] emiten [13/13] ENRG ok
[2026-10-08 21:59:26] Mengunduh broker & insider (SahamScope, watchlist)...
[2026-10-08 22:00:22] scope gagal: SahamScope gagal total (ICBP: HTTP Error 429: Too Many Requests; PTBA: HTTP Error 429: Too Many Requests; CPIN: HTTP Error 429: Too Many Requests; MAPA: HTTP Error 429: Too Many Reques)
[2026-10-08 22:00:22] SahamScope gagal — memakai cache lama bila ada.
[2026-10-08 22:00:22] Menambah avg broker IndoPremier (SQLite)...
[2026-10-08 22:00:35] Avg broker IndoPremier: 13 emiten.
[2026-10-08 22:00:35] Selesai. 13 emiten siap.
[2026-10-08 22:00:35] Memuat peta tema...
[2026-10-08 22:00:35] Memuat fundamental gabungan...
[2026-10-08 22:36:35] konfigurasi disimpan: 14 emiten, 24 bulan KSEI
[2026-10-08 22:37:42] Daftar pantau: 14 emiten (ICBP, PTBA, CPIN, MAPA, DMAS, ERAA, LSIP, CLPI...)
[2026-10-08 22:37:42] Mengunduh kepemilikan KSEI...
[2026-10-08 22:37:55] ksei Periode terbaru : 20260930
[2026-10-08 22:37:55] ksei Periode sebelumnya: 20260831
[2026-10-08 22:37:55] ksei Menyusun seri 24 bulan untuk estimasi harga rata-rata asing...
[2026-10-08 22:37:56] ksei Terbaca 1012 emiten EQUITY; seri 24 bulan
[2026-10-08 22:37:56] Mengunduh harga & fundamental (14 emiten)...
[2026-10-08 22:37:56] [cache] memakai emiten yang tersimpan (39 menit lalu)
[2026-10-08 22:37:56] Mengunduh broker & insider (SahamScope, watchlist)...
[2026-10-08 22:38:56] scope gagal: SahamScope gagal total (ICBP: HTTP Error 429: Too Many Requests; PTBA: HTTP Error 429: Too Many Requests; CPIN: HTTP Error 429: Too Many Requests; MAPA: HTTP Error 429: Too Many Reques)
[2026-10-08 22:38:56] SahamScope gagal — memakai cache lama bila ada.
[2026-10-08 22:38:56] Menambah avg broker IndoPremier (SQLite)...
[2026-10-08 22:38:56] Avg broker IndoPremier: 14 emiten.
[2026-10-08 22:38:56] Selesai. 13 emiten siap.
[2026-10-08 22:38:56] Memuat peta tema...
[2026-10-08 22:38:56] Memuat fundamental gabungan...
[2026-10-09 07:43:18] ==================================================
[2026-10-09 07:43:18] Aplikasi Screener dimulai
[2026-10-09 07:43:20] Melayani di http://127.0.0.1:8765/
[2026-10-09 07:43:20] Screener Praktis berjalan di http://127.0.0.1:8765/
[2026-10-09 07:43:40] ksei Periode terbaru : 20260930
[2026-10-09 07:43:40] ksei Periode sebelumnya: 20260831
[2026-10-09 07:43:40] ksei Menyusun seri 24 bulan untuk estimasi harga rata-rata asing...
[2026-10-09 07:43:40] ksei Terbaca 1012 emiten EQUITY; seri 24 bulan
[2026-10-09 07:43:48] emiten [1/40] FORU ok
[2026-10-09 07:43:49] emiten [2/40] BBCA ok
[2026-10-09 07:43:51] emiten [3/40] BMRI ok
[2026-10-09 07:43:52] emiten [4/40] BBRI ok
[2026-10-09 07:43:53] emiten [5/40] CUAN ok
[2026-10-09 07:43:54] emiten [6/40] BBNI ok
[2026-10-09 07:43:55] emiten [7/40] PACK ok
[2026-10-09 07:43:56] emiten [8/40] SQMI ok
[2026-10-09 07:43:57] emiten [9/40] EMAS ok
[2026-10-09 07:43:58] emiten [10/40] WIFI ok
[2026-10-09 07:43:59] emiten [11/40] BIPI ok
[2026-10-09 07:44:00] emiten [12/40] PURA ok
[2026-10-09 07:44:01] emiten [13/40] COCO ok
[2026-10-09 07:44:01] emiten [14/40] LUCY ok
[2026-10-09 07:44:02] emiten [15/40] KREN ok
[2026-10-09 07:44:03] emiten [16/40] COIN ok
[2026-10-09 07:44:04] emiten [17/40] ADMR ok
[2026-10-09 07:44:05] emiten [18/40] SGER ok
[2026-10-09 07:44:05] emiten [19/40] NEST ok
[2026-10-09 07:44:06] emiten [20/40] BNBR ok
[2026-10-09 07:44:07] emiten [21/40] CDIA ok
[2026-10-09 07:44:08] emiten [22/40] MEJA ok
[2026-10-09 07:44:08] emiten [23/40] FILM ok
[2026-10-09 07:44:09] emiten [24/40] ASPI ok
[2026-10-09 07:44:11] emiten [25/40] PPRI ok
[2026-10-09 07:44:12] emiten [26/40] AKKU ok
[2026-10-09 07:44:13] emiten [27/40] GULA ok
[2026-10-09 07:44:14] emiten [28/40] BDMN ok
[2026-10-09 07:44:15] emiten [29/40] KKES ok
[2026-10-09 07:44:16] emiten [30/40] CYBR ok
[2026-10-09 07:44:17] emiten [31/40] ARKO ok
[2026-10-09 07:44:18] emiten [32/40] BTEK ok
[2026-10-09 07:44:19] emiten [33/40] BSDE ok
[2026-10-09 07:44:20] emiten [34/40] PANI ok
[2026-10-09 07:44:20] emiten [35/40] TRUE ok
[2026-10-09 07:44:21] emiten [36/40] IKAI ok
[2026-10-09 07:44:22] emiten [37/40] KIOS ok
[2026-10-09 07:44:23] emiten [38/40] TRIN ok
[2026-10-09 07:44:24] emiten [39/40] PICO ok
[2026-10-09 07:44:25] emiten [40/40] SSMS ok
[2026-10-09 07:44:31] emiten [1/20] FUTR ok
[2026-10-09 07:44:32] emiten [2/20] BBTN ok
[2026-10-09 07:44:33] emiten [3/20] REAL ok
[2026-10-09 07:44:34] emiten [4/20] MCAS ok
[2026-10-09 07:44:35] emiten [5/20] AHAP ok
[2026-10-09 07:44:36] emiten [6/20] AYAM ok
[2026-10-09 07:44:37] emiten [7/20] PCAR ok
[2026-10-09 07:44:38] emiten [8/20] MGLV ok
[2026-10-09 07:44:39] emiten [9/20] TAXI ok
[2026-10-09 07:44:40] emiten [10/20] NISP ok
[2026-10-09 07:44:41] emiten [11/20] BBKP ok
[2026-10-09 07:44:42] emiten [12/20] TAMU ok
[2026-10-09 07:44:43] emiten [13/20] BEKS ok
[2026-10-09 07:44:43] emiten [14/20] CBRE ok
[2026-10-09 07:44:44] emiten [15/20] ARTO ok
[2026-10-09 07:44:45] emiten [16/20] LPKR ok
[2026-10-09 07:44:46] emiten [17/20] VERN ok
[2026-10-09 07:44:47] emiten [18/20] PIPA ok
[2026-10-09 07:44:48] emiten [19/20] TKIM ok
[2026-10-09 07:44:50] emiten [20/20] DSNG ok
[2026-10-09 08:05:14] ksei [cache] memakai ksei yang tersimpan (22 menit lalu)
[2026-10-09 08:05:14] tv [cache] memakai tv yang tersimpan (22 menit lalu)
[2026-10-09 08:05:20] emiten [1/40] FORU ok
[2026-10-09 08:05:21] emiten [2/40] BBCA ok
[2026-10-09 08:05:22] emiten [3/40] BMRI ok
[2026-10-09 08:05:23] emiten [4/40] BBRI ok
[2026-10-09 08:05:24] emiten [5/40] CUAN ok
[2026-10-09 08:05:25] emiten [6/40] BBNI ok
[2026-10-09 08:05:27] emiten [7/40] PACK ok
[2026-10-09 08:05:28] emiten [8/40] SQMI ok
[2026-10-09 08:05:29] emiten [9/40] EMAS ok
[2026-10-09 08:05:30] emiten [10/40] WIFI ok
[2026-10-09 08:05:31] emiten [11/40] BIPI ok
[2026-10-09 08:05:32] emiten [12/40] PURA ok
[2026-10-09 08:05:32] emiten [13/40] COCO ok
[2026-10-09 08:05:33] emiten [14/40] LUCY ok
[2026-10-09 08:05:35] emiten [15/40] KREN ok
[2026-10-09 08:05:36] emiten [16/40] COIN ok
[2026-10-09 08:05:37] emiten [17/40] ADMR ok
[2026-10-09 08:05:38] emiten [18/40] SGER ok
[2026-10-09 08:05:39] emiten [19/40] NEST ok
[2026-10-09 08:05:41] emiten [20/40] BNBR ok
[2026-10-09 08:05:42] emiten [21/40] CDIA ok
[2026-10-09 08:05:43] emiten [22/40] MEJA ok
[2026-10-09 08:05:44] emiten [23/40] FILM ok
[2026-10-09 08:05:45] emiten [24/40] ASPI ok
[2026-10-09 08:05:46] emiten [25/40] PPRI ok
[2026-10-09 08:05:46] emiten [26/40] AKKU ok
[2026-10-09 08:05:47] emiten [27/40] GULA ok
[2026-10-09 08:05:48] emiten [28/40] BDMN ok
[2026-10-09 08:05:49] emiten [29/40] KKES ok
[2026-10-09 08:05:50] emiten [30/40] CYBR ok
[2026-10-09 08:05:50] emiten [31/40] ARKO ok
[2026-10-09 08:05:51] emiten [32/40] BTEK ok
[2026-10-09 08:05:52] emiten [33/40] BSDE ok
[2026-10-09 08:05:53] emiten [34/40] PANI ok
[2026-10-09 08:05:54] emiten [35/40] TRUE ok
[2026-10-09 08:05:54] emiten [36/40] IKAI ok
[2026-10-09 08:05:55] emiten [37/40] KIOS ok
[2026-10-09 08:05:56] emiten [38/40] TRIN ok
[2026-10-09 08:05:58] emiten [39/40] PICO ok
[2026-10-09 08:05:59] emiten [40/40] SSMS ok
[2026-10-09 08:06:04] emiten [1/20] FUTR ok
[2026-10-09 08:06:05] emiten [2/20] BBTN ok
[2026-10-09 08:06:06] emiten [3/20] REAL ok
[2026-10-09 08:06:07] emiten [4/20] MCAS ok
[2026-10-09 08:06:08] emiten [5/20] AHAP ok
[2026-10-09 08:06:08] emiten [6/20] AYAM ok
[2026-10-09 08:06:09] emiten [7/20] PCAR ok
[2026-10-09 08:06:10] emiten [8/20] MGLV ok
[2026-10-09 08:06:11] emiten [9/20] TAXI ok
[2026-10-09 08:06:12] emiten [10/20] NISP ok
[2026-10-09 08:06:12] emiten [11/20] BBKP ok
[2026-10-09 08:06:13] emiten [12/20] TAMU ok
[2026-10-09 08:06:14] emiten [13/20] BEKS ok
[2026-10-09 08:06:15] emiten [14/20] CBRE ok
[2026-10-09 08:06:16] emiten [15/20] ARTO ok
[2026-10-09 08:06:16] emiten [16/20] LPKR ok
[2026-10-09 08:06:17] emiten [17/20] VERN ok
[2026-10-09 08:06:18] emiten [18/20] PIPA ok
[2026-10-09 08:06:19] emiten [19/20] TKIM ok
[2026-10-09 08:06:20] emiten [20/20] BACH ok
[2026-10-09 14:08:40] ksei Periode terbaru : 20260930
[2026-10-09 14:08:40] ksei Periode sebelumnya: 20260831
[2026-10-09 14:08:40] ksei Menyusun seri 24 bulan untuk estimasi harga rata-rata asing...
[2026-10-09 14:08:41] ksei Terbaca 1012 emiten EQUITY; seri 24 bulan
[2026-10-09 14:08:48] emiten [1/40] BBCA ok
[2026-10-09 14:08:49] emiten [2/40] FORU ok
[2026-10-09 14:08:50] emiten [3/40] BBRI ok
[2026-10-09 14:08:50] emiten [4/40] CUAN ok
[2026-10-09 14:08:51] emiten [5/40] BMRI ok
[2026-10-09 14:08:52] emiten [6/40] PACK ok
[2026-10-09 14:08:53] emiten [7/40] EMAS ok
[2026-10-09 14:08:54] emiten [8/40] NAYZ ok
[2026-10-09 14:08:55] emiten [9/40] AHAP ok
[2026-10-09 14:08:56] emiten [10/40] COCO ok
[2026-10-09 14:08:57] emiten [11/40] LUCY ok
[2026-10-09 14:08:58] emiten [12/40] SQMI ok
[2026-10-09 14:08:58] emiten [13/40] ASPI ok
[2026-10-09 14:08:59] emiten [14/40] WIFI ok
[2026-10-09 14:09:00] emiten [15/40] BEKS ok
[2026-10-09 14:09:01] emiten [16/40] BBNI ok
[2026-10-09 14:09:01] emiten [17/40] ADMR ok
[2026-10-09 14:09:02] emiten [18/40] PCAR ok
[2026-10-09 14:09:03] emiten [19/40] CYBR ok
[2026-10-09 14:09:03] emiten [20/40] MEJA ok
[2026-10-09 14:09:04] emiten [21/40] BDMN ok
[2026-10-09 14:09:05] emiten [22/40] ESTI ok
[2026-10-09 14:09:05] emiten [23/40] BNBR ok
[2026-10-09 14:09:06] emiten [24/40] GULA ok
[2026-10-09 14:09:07] emiten [25/40] SGER ok
[2026-10-09 14:09:07] emiten [26/40] BIPI ok
[2026-10-09 14:09:08] emiten [27/40] TRUE ok
[2026-10-09 14:09:09] emiten [28/40] ASPR ok
[2026-10-09 14:09:10] emiten [29/40] MCAS ok
[2026-10-09 14:09:11] emiten [30/40] SSMS ok
[2026-10-09 14:09:11] emiten [31/40] BSDE ok
[2026-10-09 14:09:12] emiten [32/40] BTEK ok
[2026-10-09 14:09:13] emiten [33/40] NEST ok
[2026-10-09 14:09:14] emiten [34/40] ARKO ok
[2026-10-09 14:09:14] emiten [35/40] BSML ok
[2026-10-09 14:09:15] emiten [36/40] FILM ok
[2026-10-09 14:09:16] emiten [37/40] KREN ok
[2026-10-09 14:09:17] emiten [38/40] MAHA ok
[2026-10-09 14:09:18] emiten [39/40] CDIA ok
[2026-10-09 14:09:18] emiten [40/40] IKAI ok
[2026-10-09 14:09:24] emiten [1/20] ARTO ok
[2026-10-09 14:09:25] emiten [2/20] FUTR ok
[2026-10-09 14:09:25] emiten [3/20] NASA ok
[2026-10-09 14:09:26] emiten [4/20] PURA ok
[2026-10-09 14:09:27] emiten [5/20] TRIN ok
[2026-10-09 14:09:28] emiten [6/20] COIN ok
[2026-10-09 14:09:29] emiten [7/20] MGLV ok
[2026-10-09 14:09:30] emiten [8/20] AKKU ok
[2026-10-09 14:09:30] emiten [9/20] KKES ok
[2026-10-09 14:09:31] emiten [10/20] BELL ok
[2026-10-09 14:09:32] emiten [11/20] UDNG ok
[2026-10-09 14:09:33] emiten [12/20] SUPA ok
[2026-10-09 14:09:34] emiten [13/20] JSMR ok
[2026-10-09 14:09:35] emiten [14/20] AREA ok
[2026-10-09 14:09:35] emiten [15/20] GPSO ok
[2026-10-09 14:09:36] emiten [16/20] FWCT ok
[2026-10-09 14:09:37] emiten [17/20] PANI ok
[2026-10-09 14:09:38] emiten [18/20] HAJJ ok
[2026-10-09 14:09:39] emiten [19/20] DGWG ok
[2026-10-09 14:09:39] emiten [20/20] PPRI ok
[2026-10-09 14:43:32] ksei [cache] memakai ksei yang tersimpan (35 menit lalu)
[2026-10-09 14:43:32] tv [cache] memakai tv yang tersimpan (35 menit lalu)
[2026-10-09 14:43:38] emiten [1/40] BBCA ok
[2026-10-09 14:43:39] emiten [2/40] FORU ok
[2026-10-09 14:43:40] emiten [3/40] BBRI ok
[2026-10-09 14:43:41] emiten [4/40] CUAN ok
[2026-10-09 14:43:42] emiten [5/40] BMRI ok
[2026-10-09 14:43:42] emiten [6/40] PACK ok
[2026-10-09 14:43:43] emiten [7/40] EMAS ok
[2026-10-09 14:43:44] emiten [8/40] AHAP ok
[2026-10-09 14:43:45] emiten [9/40] COCO ok
[2026-10-09 14:43:45] emiten [10/40] LUCY ok
[2026-10-09 14:43:46] emiten [11/40] SQMI ok
[2026-10-09 14:43:47] emiten [12/40] ASPI ok
[2026-10-09 14:43:48] emiten [13/40] WIFI ok
[2026-10-09 14:43:48] ksei [cache] memakai ksei yang tersimpan (35 menit lalu)
[2026-10-09 14:43:48] tv [cache] memakai tv yang tersimpan (35 menit lalu)
[2026-10-09 14:43:48] emiten [14/40] BEKS ok
[2026-10-09 14:43:49] emiten [15/40] BBNI ok
[2026-10-09 14:43:50] emiten [16/40] ADMR ok
[2026-10-09 14:43:51] emiten [17/40] PCAR ok
[2026-10-09 14:43:51] emiten [18/40] CYBR ok
[2026-10-09 14:43:52] emiten [19/40] MEJA ok
[2026-10-09 14:43:53] emiten [20/40] BDMN ok
[2026-10-09 14:43:54] emiten [21/40] BNBR ok
[2026-10-09 14:43:54] emiten [22/40] GULA ok
[2026-10-09 14:43:55] emiten [23/40] SGER ok
[2026-10-09 14:43:56] emiten [24/40] BIPI ok
[2026-10-09 14:43:56] emiten [25/40] TRUE ok
[2026-10-09 14:43:57] emiten [26/40] MCAS ok
[2026-10-09 14:43:58] emiten [27/40] SSMS ok
[2026-10-09 14:43:59] emiten [28/40] BSDE ok
[2026-10-09 14:43:59] emiten [29/40] BTEK ok
[2026-10-09 14:44:00] emiten [30/40] NEST ok
[2026-10-09 14:44:01] emiten [31/40] ARKO ok
[2026-10-09 14:44:02] emiten [32/40] FILM ok
[2026-10-09 14:44:02] emiten [33/40] KREN ok
[2026-10-09 14:44:03] emiten [34/40] CDIA ok
[2026-10-09 14:44:04] emiten [35/40] IKAI ok
[2026-10-09 14:44:05] emiten [36/40] ARTO ok
[2026-10-09 14:44:05] emiten [37/40] FUTR ok
[2026-10-09 14:44:06] emiten [38/40] NASA ok
[2026-10-09 14:44:07] emiten [39/40] PURA ok
[2026-10-09 14:44:08] emiten [40/40] TRIN ok
[2026-10-09 14:44:13] emiten [1/20] COIN ok
[2026-10-09 14:44:13] emiten [1/40] BBCA ok
[2026-10-09 14:44:13] emiten [2/40] FORU ok
[2026-10-09 14:44:13] emiten [2/20] MGLV ok
[2026-10-09 14:44:14] emiten [3/20] AKKU ok
[2026-10-09 14:44:14] emiten [3/40] BBRI ok
[2026-10-09 14:44:15] emiten [4/20] KKES ok
[2026-10-09 14:44:15] emiten [4/40] CUAN ok
[2026-10-09 14:44:16] emiten [5/20] SUPA ok
[2026-10-09 14:44:16] emiten [5/40] BMRI ok
[2026-10-09 14:44:17] emiten [6/40] PACK ok
[2026-10-09 14:44:17] emiten [6/20] GPSO ok
[2026-10-09 14:44:17] emiten [7/40] EMAS ok
[2026-10-09 14:44:17] emiten [7/20] PANI ok
[2026-10-09 14:44:18] emiten [8/40] AHAP ok
[2026-10-09 14:44:18] emiten [8/20] HAJJ ok
[2026-10-09 14:44:20] emiten [9/20] PPRI ok
[2026-10-09 14:44:20] emiten [9/40] COCO ok
[2026-10-09 14:44:20] emiten [10/20] DAAZ ok
[2026-10-09 14:44:20] emiten [10/40] LUCY ok
[2026-10-09 14:44:21] emiten [11/40] SQMI ok
[2026-10-09 14:44:21] emiten [11/20] HEAL ok
[2026-10-09 14:44:22] emiten [12/40] ASPI ok
[2026-10-09 14:44:22] emiten [12/20] WIDI ok
[2026-10-09 14:44:23] emiten [13/20] BWPT ok
[2026-10-09 14:44:23] emiten [13/40] WIFI ok
[2026-10-09 14:44:24] emiten [14/40] BEKS ok
[2026-10-09 14:44:24] emiten [14/20] DOID ok
[2026-10-09 14:44:24] emiten [15/20] AYAM ok
[2026-10-09 14:44:24] emiten [15/40] BBNI ok
[2026-10-09 14:44:25] emiten [16/20] REAL ok
[2026-10-09 14:44:25] emiten [16/40] ADMR ok
[2026-10-09 14:44:26] emiten [17/40] PCAR ok
[2026-10-09 14:44:26] emiten [17/20] ACES ok
[2026-10-09 14:44:27] emiten [18/40] CYBR ok
[2026-10-09 14:44:27] emiten [18/20] TKIM ok
[2026-10-09 14:44:27] emiten [19/40] MEJA ok
[2026-10-09 14:44:28] emiten [19/20] HRUM ok
[2026-10-09 14:44:28] emiten [20/40] BDMN ok
[2026-10-09 14:44:28] emiten [20/20] STAA ok
[2026-10-09 14:44:29] emiten [21/40] BNBR ok
[2026-10-09 14:44:30] emiten [22/40] GULA ok
[2026-10-09 14:44:31] emiten [23/40] SGER ok
[2026-10-09 14:44:31] emiten [24/40] BIPI ok
[2026-10-09 14:44:32] emiten [25/40] TRUE ok
[2026-10-09 14:44:33] emiten [26/40] MCAS ok
[2026-10-09 14:44:33] emiten [27/40] SSMS ok
[2026-10-09 14:44:34] emiten [28/40] BSDE ok
[2026-10-09 14:44:35] emiten [29/40] BTEK ok
[2026-10-09 14:44:36] emiten [30/40] NEST ok
[2026-10-09 14:44:37] emiten [31/40] ARKO ok
[2026-10-09 14:44:37] emiten [32/40] FILM ok
[2026-10-09 14:44:38] emiten [33/40] KREN ok
[2026-10-09 14:44:39] emiten [34/40] CDIA ok
[2026-10-09 14:44:40] emiten [35/40] IKAI ok
[2026-10-09 14:44:41] emiten [36/40] ARTO ok
[2026-10-09 14:44:43] emiten [37/40] FUTR ok
[2026-10-09 14:44:44] emiten [38/40] NASA ok
[2026-10-09 14:44:45] emiten [39/40] PURA ok
[2026-10-09 14:44:46] emiten [40/40] TRIN ok
[2026-10-09 14:44:53] emiten [1/20] COIN ok
[2026-10-09 14:44:54] emiten [2/20] MGLV ok
[2026-10-09 14:44:55] emiten [3/20] AKKU ok
[2026-10-09 14:44:55] emiten [4/20] KKES ok
[2026-10-09 14:44:58] emiten [5/20] SUPA ok
[2026-10-09 14:44:58] emiten [6/20] GPSO ok
[2026-10-09 14:44:59] emiten [7/20] PANI ok
[2026-10-09 14:45:00] emiten [8/20] HAJJ ok
[2026-10-09 14:45:01] emiten [9/20] PPRI ok
[2026-10-09 14:45:01] emiten [10/20] DAAZ ok
[2026-10-09 14:45:02] emiten [11/20] HEAL ok
[2026-10-09 14:45:04] emiten [12/20] WIDI ok
[2026-10-09 14:45:05] emiten [13/20] BWPT ok
[2026-10-09 14:45:06] emiten [14/20] DOID ok
[2026-10-09 14:45:07] emiten [15/20] AYAM ok
[2026-10-09 14:45:08] emiten [16/20] REAL ok
[2026-10-09 14:45:08] emiten [17/20] ACES ok
[2026-10-09 14:45:09] emiten [18/20] TKIM ok
[2026-10-09 14:45:10] emiten [19/20] HRUM ok
[2026-10-09 14:45:11] emiten [20/20] STAA ok
[2026-10-09 14:49:59] ksei [cache] memakai ksei yang tersimpan (41 menit lalu)
[2026-10-09 14:49:59] tv [cache] memakai tv yang tersimpan (41 menit lalu)
[2026-10-09 14:50:05] emiten [1/40] BBCA ok
[2026-10-09 14:50:06] emiten [2/40] FORU ok
[2026-10-09 14:50:07] emiten [3/40] BBRI ok
[2026-10-09 14:50:08] emiten [4/40] CUAN ok
[2026-10-09 14:50:08] emiten [5/40] BMRI ok
[2026-10-09 14:50:09] emiten [6/40] PACK ok
[2026-10-09 14:50:10] emiten [7/40] EMAS ok
[2026-10-09 14:50:11] emiten [8/40] AHAP ok
[2026-10-09 14:50:11] emiten [9/40] COCO ok
[2026-10-09 14:50:12] emiten [10/40] LUCY ok
[2026-10-09 14:50:13] emiten [11/40] SQMI ok
[2026-10-09 14:50:14] emiten [12/40] ASPI ok
[2026-10-09 14:50:15] emiten [13/40] WIFI ok
[2026-10-09 14:50:15] emiten [14/40] BEKS ok
[2026-10-09 14:50:16] emiten [15/40] BBNI ok
[2026-10-09 14:50:17] emiten [16/40] ADMR ok
[2026-10-09 14:50:18] emiten [17/40] PCAR ok
[2026-10-09 14:50:18] emiten [18/40] CYBR ok
[2026-10-09 14:50:19] emiten [19/40] MEJA ok
[2026-10-09 14:50:20] emiten [20/40] BDMN ok
[2026-10-09 14:50:21] emiten [21/40] BNBR ok
[2026-10-09 14:50:22] emiten [22/40] GULA ok
[2026-10-09 14:50:23] emiten [23/40] SGER ok
[2026-10-09 14:50:24] emiten [24/40] BIPI ok
[2026-10-09 14:50:25] emiten [25/40] TRUE ok
[2026-10-09 14:50:26] emiten [26/40] MCAS ok
[2026-10-09 14:50:26] emiten [27/40] SSMS ok
[2026-10-09 14:50:27] emiten [28/40] BSDE ok
[2026-10-09 14:50:28] emiten [29/40] BTEK ok
[2026-10-09 14:50:29] emiten [30/40] NEST ok
[2026-10-09 14:50:30] emiten [31/40] ARKO ok
[2026-10-09 14:50:33] emiten [32/40] FILM ok
[2026-10-09 14:50:33] emiten [33/40] KREN ok
[2026-10-09 14:50:34] emiten [34/40] CDIA ok
[2026-10-09 14:50:35] emiten [35/40] IKAI ok
[2026-10-09 14:50:36] emiten [36/40] ARTO ok
[2026-10-09 14:50:37] emiten [37/40] FUTR ok
[2026-10-09 14:50:37] emiten [38/40] NASA ok
[2026-10-09 14:50:38] emiten [39/40] PURA ok
[2026-10-09 14:50:39] emiten [40/40] TRIN ok
[2026-10-09 14:50:44] emiten [1/20] COIN ok
[2026-10-09 14:50:45] emiten [2/20] MGLV ok
[2026-10-09 14:50:46] emiten [3/20] AKKU ok
[2026-10-09 14:50:46] emiten [4/20] KKES ok
[2026-10-09 14:50:47] emiten [5/20] SUPA ok
[2026-10-09 14:50:48] emiten [6/20] GPSO ok
[2026-10-09 14:50:48] emiten [7/20] PANI ok
[2026-10-09 14:50:49] emiten [8/20] HAJJ ok
[2026-10-09 14:50:50] emiten [9/20] PPRI ok
[2026-10-09 14:50:51] emiten [10/20] DAAZ ok
[2026-10-09 14:50:52] emiten [11/20] AYAM ok
[2026-10-09 14:50:53] emiten [12/20] REAL ok
[2026-10-09 14:50:53] emiten [13/20] TKIM ok
[2026-10-09 14:50:55] emiten [14/20] KEEN ok
[2026-10-09 14:50:56] emiten [15/20] ELSA ok
[2026-10-09 14:50:57] emiten [16/20] SICO ok
[2026-10-09 14:50:58] emiten [17/20] BSSR ok
[2026-10-09 14:50:59] emiten [18/20] JAWA ok
[2026-10-09 14:51:00] emiten [19/20] ELIT ok
[2026-10-09 14:51:00] emiten [20/20] MUTU ok
[2026-10-09 14:52:01] ==================================================
[2026-10-09 14:52:01] Aplikasi Screener dimulai
[2026-10-09 14:52:03] Melayani di http://127.0.0.1:8765/
[2026-10-09 14:52:03] Screener Praktis berjalan di http://127.0.0.1:8765/
[2026-10-09 14:52:11] berita CNBC-Market: 15 berita
[2026-10-09 14:52:12] berita BBCA: 9 berita, sentimen 50
[2026-10-09 14:52:14] berita TLKM: 9 berita, sentimen 56
[2026-10-09 14:56:50] ksei Periode terbaru : 20260930
[2026-10-09 14:56:50] ksei Periode sebelumnya: 20260831
[2026-10-09 14:56:50] ksei Menyusun seri 24 bulan untuk estimasi harga rata-rata asing...
[2026-10-09 14:56:50] ksei Terbaca 1012 emiten EQUITY; seri 24 bulan
[2026-10-09 14:56:52] berita [cache] memakai berita yang tersimpan (5 menit lalu)
[2026-10-09 14:57:04] emiten [1/40] BBCA ok
[2026-10-09 14:57:06] emiten [2/40] BBRI ok
[2026-10-09 14:57:07] emiten [3/40] FORU ok
[2026-10-09 14:57:09] emiten [4/40] CUAN ok
[2026-10-09 14:57:11] emiten [5/40] BMRI ok
[2026-10-09 14:57:12] emiten [6/40] PACK ok
[2026-10-09 14:57:13] emiten [7/40] EMAS ok
[2026-10-09 14:57:15] emiten [8/40] AHAP ok
[2026-10-09 14:57:20] emiten [9/40] COCO ok
[2026-10-09 14:57:23] emiten [10/40] LUCY ok
[2026-10-09 14:57:24] emiten [11/40] SQMI ok
[2026-10-09 14:57:24] emiten [12/40] PCAR ok
[2026-10-09 14:57:25] emiten [13/40] BBNI ok
[2026-10-09 14:57:28] emiten [14/40] WIFI ok
[2026-10-09 14:57:28] emiten [15/40] ASPI ok
[2026-10-09 14:57:29] emiten [16/40] ADMR ok
[2026-10-09 14:57:30] emiten [17/40] BEKS ok
[2026-10-09 14:57:31] emiten [18/40] MEJA ok
[2026-10-09 14:57:32] emiten [19/40] BNBR ok
[2026-10-09 14:57:32] emiten [20/40] SGER ok
[2026-10-09 14:57:37] emiten [21/40] BDMN ok
[2026-10-09 14:57:37] emiten [22/40] CYBR ok
[2026-10-09 14:57:38] emiten [23/40] BSDE ok
[2026-10-09 14:57:39] emiten [24/40] GULA ok
[2026-10-09 14:57:40] emiten [25/40] BIPI ok
[2026-10-09 14:57:41] emiten [26/40] TRUE ok
[2026-10-09 14:57:42] emiten [27/40] STRK ok
[2026-10-09 14:57:43] emiten [28/40] NEST ok
[2026-10-09 14:57:43] emiten [29/40] SSMS ok
[2026-10-09 14:57:44] emiten [30/40] ARKO ok
[2026-10-09 14:57:45] emiten [31/40] MCAS ok
[2026-10-09 14:57:46] emiten [32/40] TRIN ok
[2026-10-09 14:57:46] emiten [33/40] BTEK ok
[2026-10-09 14:57:49] emiten [34/40] PURA ok
[2026-10-09 14:57:51] emiten [35/40] COIN ok
[2026-10-09 14:57:54] emiten [36/40] KKES ok
[2026-10-09 14:57:54] emiten [37/40] NASA ok
[2026-10-09 14:57:55] emiten [38/40] CDIA ok
[2026-10-09 14:57:56] emiten [39/40] FILM ok
[2026-10-09 14:57:56] emiten [40/40] KREN ok
[2026-10-09 14:58:04] emiten [1/20] AKKU ok
[2026-10-09 14:58:05] emiten [2/20] MGLV ok
[2026-10-09 14:58:06] emiten [3/20] ARTO ok
[2026-10-09 14:58:07] emiten [4/20] FUTR ok
[2026-10-09 14:58:08] emiten [5/20] IKAI ok
[2026-10-09 14:58:09] emiten [6/20] DAAZ ok
[2026-10-09 14:58:10] emiten [7/20] PANI ok
[2026-10-09 14:58:12] emiten [8/20] BBTN ok
[2026-10-09 14:58:13] emiten [9/20] BKSL ok
[2026-10-09 14:58:13] emiten [10/20] CBRE ok
[2026-10-09 14:58:14] emiten [11/20] SUPA ok
[2026-10-09 14:58:15] emiten [12/20] AYAM ok
[2026-10-09 14:58:16] emiten [13/20] CTRA ok
[2026-10-09 14:58:16] emiten [14/20] DKHH ok
[2026-10-09 14:58:17] emiten [15/20] PRDA ok
[2026-10-09 14:58:18] emiten [16/20] HAJJ ok
[2026-10-09 14:58:19] emiten [17/20] TKIM ok
[2026-10-09 14:58:20] emiten [18/20] PPRI ok
[2026-10-09 14:58:20] emiten [19/20] GPSO ok
[2026-10-09 14:58:21] emiten [20/20] PWON ok
[2026-10-09 14:59:34] ksei [cache] memakai ksei yang tersimpan (3 menit lalu)
[2026-10-09 14:59:34] tv [cache] memakai tv yang tersimpan (3 menit lalu)
[2026-10-09 14:59:34] berita [cache] memakai berita yang tersimpan (7 menit lalu)
[2026-10-09 14:59:39] emiten [1/40] BBCA ok
[2026-10-09 14:59:40] ksei [cache] memakai ksei yang tersimpan (3 menit lalu)
[2026-10-09 14:59:40] tv [cache] memakai tv yang tersimpan (3 menit lalu)
[2026-10-09 14:59:40] berita [cache] memakai berita yang tersimpan (7 menit lalu)
[2026-10-09 14:59:40] emiten [2/40] BBRI ok
[2026-10-09 14:59:41] emiten [3/40] FORU ok
[2026-10-09 14:59:42] emiten [4/40] CUAN ok
[2026-10-09 14:59:42] emiten [5/40] BMRI ok
[2026-10-09 14:59:43] emiten [6/40] PACK ok
[2026-10-09 14:59:44] emiten [7/40] EMAS ok
[2026-10-09 14:59:45] emiten [8/40] AHAP ok
[2026-10-09 14:59:46] emiten [9/40] COCO ok
[2026-10-09 14:59:46] emiten [10/40] LUCY ok
[2026-10-09 14:59:47] emiten [11/40] SQMI ok
[2026-10-09 14:59:48] emiten [12/40] PCAR ok
[2026-10-09 14:59:49] emiten [13/40] BBNI ok
[2026-10-09 14:59:50] emiten [14/40] WIFI ok
[2026-10-09 14:59:50] emiten [15/40] ASPI ok
[2026-10-09 14:59:51] emiten [16/40] ADMR ok
[2026-10-09 14:59:52] emiten [17/40] BEKS ok
[2026-10-09 14:59:53] emiten [18/40] MEJA ok
[2026-10-09 14:59:53] emiten [19/40] BNBR ok
[2026-10-09 14:59:54] emiten [20/40] SGER ok
[2026-10-09 14:59:55] emiten [21/40] BDMN ok
[2026-10-09 14:59:56] emiten [22/40] CYBR ok
[2026-10-09 14:59:57] emiten [23/40] BSDE ok
[2026-10-09 14:59:57] emiten [24/40] GULA ok
[2026-10-09 14:59:58] emiten [25/40] BIPI ok
[2026-10-09 14:59:59] emiten [26/40] TRUE ok
[2026-10-09 15:00:00] emiten [27/40] STRK ok
[2026-10-09 15:00:00] emiten [28/40] NEST ok
[2026-10-09 15:00:01] emiten [29/40] SSMS ok
[2026-10-09 15:00:02] emiten [30/40] ARKO ok
[2026-10-09 15:00:03] emiten [31/40] MCAS ok
[2026-10-09 15:00:03] emiten [32/40] TRIN ok
[2026-10-09 15:00:06] emiten [33/40] BTEK ok
[2026-10-09 15:00:07] emiten [34/40] PURA ok
[2026-10-09 15:00:08] emiten [35/40] COIN ok
[2026-10-09 15:00:08] emiten [1/40] BBCA ok
[2026-10-09 15:00:10] emiten [36/40] KKES ok
[2026-10-09 15:00:10] emiten [2/40] BBRI ok
[2026-10-09 15:00:11] emiten [37/40] NASA ok
[2026-10-09 15:00:11] emiten [3/40] FORU ok
[2026-10-09 15:00:12] emiten [38/40] CDIA ok
[2026-10-09 15:00:12] emiten [4/40] CUAN ok
[2026-10-09 15:00:13] emiten [39/40] FILM ok
[2026-10-09 15:00:13] emiten [5/40] BMRI ok
[2026-10-09 15:00:13] emiten [40/40] KREN ok
[2026-10-09 15:00:13] emiten [6/40] PACK ok
[2026-10-09 15:00:14] emiten [7/40] EMAS ok
[2026-10-09 15:00:15] emiten [8/40] AHAP ok
[2026-10-09 15:00:16] emiten [9/40] COCO ok
[2026-10-09 15:00:17] emiten [10/40] LUCY ok
[2026-10-09 15:00:17] emiten [11/40] SQMI ok
[2026-10-09 15:00:18] emiten [1/20] AKKU ok
[2026-10-09 15:00:18] emiten [12/40] PCAR ok
[2026-10-09 15:00:19] emiten [2/20] MGLV ok
[2026-10-09 15:00:19] emiten [13/40] BBNI ok
[2026-10-09 15:00:19] emiten [3/20] ARTO ok
[2026-10-09 15:00:20] emiten [14/40] WIFI ok
[2026-10-09 15:00:20] emiten [4/20] FUTR ok
[2026-10-09 15:00:21] emiten [15/40] ASPI ok
[2026-10-09 15:00:21] emiten [5/20] IKAI ok
[2026-10-09 15:00:21] emiten [16/40] ADMR ok
[2026-10-09 15:00:22] emiten [6/20] DAAZ ok
[2026-10-09 15:00:22] emiten [17/40] BEKS ok
[2026-10-09 15:00:22] emiten [7/20] PANI ok
[2026-10-09 15:00:23] emiten [18/40] MEJA ok
[2026-10-09 15:00:23] emiten [8/20] BBTN ok
[2026-10-09 15:00:24] emiten [19/40] BNBR ok
[2026-10-09 15:00:24] emiten [9/20] CBRE ok
[2026-10-09 15:00:25] emiten [20/40] SGER ok
[2026-10-09 15:00:25] emiten [10/20] SUPA ok
[2026-10-09 15:00:26] emiten [11/20] AYAM ok
[2026-10-09 15:00:26] emiten [21/40] BDMN ok
[2026-10-09 15:00:26] emiten [12/20] HAJJ ok
[2026-10-09 15:00:27] emiten [22/40] CYBR ok
[2026-10-09 15:00:27] emiten [23/40] BSDE ok
[2026-10-09 15:00:27] emiten [13/20] TKIM ok
[2026-10-09 15:00:28] emiten [24/40] GULA ok
[2026-10-09 15:00:28] emiten [14/20] PPRI ok
[2026-10-09 15:00:29] emiten [25/40] BIPI ok
[2026-10-09 15:00:29] emiten [15/20] GPSO ok
[2026-10-09 15:00:30] emiten [16/20] SLIS ok
[2026-10-09 15:00:30] emiten [26/40] TRUE ok
[2026-10-09 15:00:33] emiten [17/20] REAL ok
[2026-10-09 15:00:34] emiten [27/40] STRK ok
[2026-10-09 15:00:34] emiten [18/20] BEER ok
[2026-10-09 15:00:35] emiten [28/40] NEST ok
[2026-10-09 15:00:35] emiten [19/20] MNCN ok
[2026-10-09 15:00:36] emiten [29/40] SSMS ok
[2026-10-09 15:00:36] emiten [20/20] CBDK ok
[2026-10-09 15:00:36] emiten [30/40] ARKO ok
[2026-10-09 15:00:39] emiten [31/40] MCAS ok
[2026-10-09 15:00:40] emiten [32/40] TRIN ok
[2026-10-09 15:00:41] emiten [33/40] BTEK ok
[2026-10-09 15:00:41] emiten [34/40] PURA ok
[2026-10-09 15:00:42] emiten [35/40] COIN ok
[2026-10-09 15:00:45] emiten [36/40] KKES ok
[2026-10-09 15:00:45] emiten [37/40] NASA ok
[2026-10-09 15:00:46] emiten [38/40] CDIA ok
[2026-10-09 15:00:47] emiten [39/40] FILM ok
[2026-10-09 15:00:47] emiten [40/40] KREN ok
[2026-10-09 15:00:54] emiten [1/20] AKKU ok
[2026-10-09 15:00:55] emiten [2/20] MGLV ok
[2026-10-09 15:00:55] emiten [3/20] ARTO ok
[2026-10-09 15:00:56] emiten [4/20] FUTR ok
[2026-10-09 15:00:59] emiten [5/20] IKAI ok
[2026-10-09 15:01:00] emiten [6/20] DAAZ ok
[2026-10-09 15:01:00] emiten [7/20] PANI ok
[2026-10-09 15:01:01] emiten [8/20] BBTN ok
[2026-10-09 15:01:02] emiten [9/20] CBRE ok
[2026-10-09 15:01:03] emiten [10/20] SUPA ok
[2026-10-09 15:01:04] emiten [11/20] AYAM ok
[2026-10-09 15:01:07] emiten [12/20] HAJJ ok
[2026-10-09 15:01:08] emiten [13/20] TKIM ok
[2026-10-09 15:01:08] emiten [14/20] PPRI ok
[2026-10-09 15:01:09] emiten [15/20] GPSO ok
[2026-10-09 15:01:10] emiten [16/20] SLIS ok
[2026-10-09 15:01:11] emiten [17/20] REAL ok
[2026-10-09 15:01:11] emiten [18/20] BEER ok
[2026-10-09 15:01:12] emiten [19/20] MNCN ok
[2026-10-09 15:01:13] emiten [20/20] CBDK ok
[2026-10-09 15:01:24] ksei [cache] memakai ksei yang tersimpan (5 menit lalu)
[2026-10-09 15:01:24] tv [cache] memakai tv yang tersimpan (5 menit lalu)
[2026-10-09 15:01:24] berita [cache] memakai berita yang tersimpan (9 menit lalu)
[2026-10-09 15:01:30] emiten [1/40] BBCA ok
[2026-10-09 15:01:31] emiten [2/40] BBRI ok
[2026-10-09 15:01:31] emiten [3/40] FORU ok
[2026-10-09 15:01:32] emiten [4/40] CUAN ok
[2026-10-09 15:01:33] emiten [5/40] BMRI ok
[2026-10-09 15:01:34] emiten [6/40] PACK ok
[2026-10-09 15:01:35] emiten [7/40] EMAS ok
[2026-10-09 15:01:36] emiten [8/40] AHAP ok
[2026-10-09 15:01:37] emiten [9/40] COCO ok
[2026-10-09 15:01:37] emiten [10/40] LUCY ok
[2026-10-09 15:01:38] emiten [11/40] SQMI ok
[2026-10-09 15:01:39] emiten [12/40] PCAR ok
[2026-10-09 15:01:40] emiten [13/40] BBNI ok
[2026-10-09 15:01:41] emiten [14/40] WIFI ok
[2026-10-09 15:01:42] emiten [15/40] ASPI ok
[2026-10-09 15:01:42] emiten [16/40] ADMR ok
[2026-10-09 15:01:43] emiten [17/40] BEKS ok
[2026-10-09 15:01:47] emiten [18/40] MEJA ok
[2026-10-09 15:01:48] emiten [19/40] BNBR ok
[2026-10-09 15:01:49] emiten [20/40] SGER ok
[2026-10-09 15:01:50] emiten [21/40] BDMN ok
[2026-10-09 15:01:51] emiten [22/40] CYBR ok
[2026-10-09 15:01:51] emiten [23/40] BSDE ok
[2026-10-09 15:01:52] emiten [24/40] GULA ok
[2026-10-09 15:01:53] emiten [25/40] BIPI ok
[2026-10-09 15:01:54] emiten [26/40] TRUE ok
[2026-10-09 15:01:55] emiten [27/40] STRK ok
[2026-10-09 15:01:55] emiten [28/40] NEST ok
[2026-10-09 15:01:56] emiten [29/40] SSMS ok
[2026-10-09 15:01:57] emiten [30/40] ARKO ok
[2026-10-09 15:01:58] emiten [31/40] MCAS ok
[2026-10-09 15:01:59] emiten [32/40] TRIN ok
[2026-10-09 15:01:59] emiten [33/40] BTEK ok
[2026-10-09 15:02:00] emiten [34/40] PURA ok
[2026-10-09 15:02:01] emiten [35/40] COIN ok
[2026-10-09 15:02:02] emiten [36/40] KKES ok
[2026-10-09 15:02:02] emiten [37/40] NASA ok
[2026-10-09 15:02:03] emiten [38/40] CDIA ok
[2026-10-09 15:02:04] emiten [39/40] FILM ok
[2026-10-09 15:02:05] emiten [40/40] KREN ok
[2026-10-09 15:02:13] emiten [1/20] AKKU ok
[2026-10-09 15:02:13] emiten [2/20] MGLV ok
[2026-10-09 15:02:14] emiten [3/20] ARTO ok
[2026-10-09 15:02:15] emiten [4/20] FUTR ok
[2026-10-09 15:02:16] emiten [5/20] IKAI ok
[2026-10-09 15:02:19] emiten [6/20] DAAZ ok
[2026-10-09 15:02:20] emiten [7/20] PANI ok
[2026-10-09 15:02:20] emiten [8/20] BBTN ok
[2026-10-09 15:02:24] emiten [9/20] CBRE ok
[2026-10-09 15:02:25] emiten [10/20] SUPA ok
[2026-10-09 15:02:26] emiten [11/20] AYAM ok
[2026-10-09 15:02:31] emiten [12/20] HAJJ ok
[2026-10-09 15:02:31] emiten [13/20] TKIM ok
[2026-10-09 15:02:32] emiten [14/20] PPRI ok
[2026-10-09 15:02:33] emiten [15/20] GPSO ok
[2026-10-09 15:02:34] emiten [16/20] SLIS ok
[2026-10-09 15:02:35] emiten [17/20] REAL ok
[2026-10-09 15:02:35] emiten [18/20] BEER ok
[2026-10-09 15:02:36] emiten [19/20] BMTR ok
[2026-10-09 15:02:38] emiten [20/20] RISE ok
[2026-10-09 15:04:34] ==================================================
[2026-10-09 15:04:34] Aplikasi Screener dimulai
[2026-10-09 15:04:36] Melayani di http://127.0.0.1:8765/
[2026-10-09 15:04:36] Screener Praktis berjalan di http://127.0.0.1:8765/
[2026-10-09 15:04:43] berita CNBC-Market: 15 berita
[2026-10-09 15:04:44] berita BBCA: 9 berita, sentimen 50
[2026-10-09 15:06:14] ksei Periode terbaru : 20260930
[2026-10-09 15:06:14] ksei Periode sebelumnya: 20260831
[2026-10-09 15:06:14] ksei Menyusun seri 24 bulan untuk estimasi harga rata-rata asing...
[2026-10-09 15:06:15] ksei Terbaca 1012 emiten EQUITY; seri 24 bulan
[2026-10-09 15:06:16] berita CNBC-Market: 15 berita
[2026-10-09 15:06:17] berita GOTO: 10 berita, sentimen 55
[2026-10-09 15:06:18] berita BBCA: 9 berita, sentimen 50
[2026-10-09 15:06:19] berita TLKM: 9 berita, sentimen 56
[2026-10-09 15:06:20] berita BUMI: 10 berita, sentimen 51
[2026-10-09 15:06:22] berita BBRI: 10 berita, sentimen 59
[2026-10-09 15:06:23] berita FORU: 10 berita, sentimen 54
[2026-10-09 15:06:24] berita SINI: 10 berita, sentimen 50
[2026-10-09 15:06:25] berita AMMN: 10 berita, sentimen 55
[2026-10-09 15:06:27] berita PTRO: 10 berita, sentimen 51
[2026-10-09 15:06:28] berita CUAN: 10 berita, sentimen 60
[2026-10-09 15:06:29] berita TEBE: 10 berita, sentimen 52
[2026-10-09 15:06:30] berita BMRI: 10 berita, sentimen 56
[2026-10-09 15:06:31] berita DEWA: 10 berita, sentimen 55
[2026-10-09 15:06:33] berita ENRG: 10 berita, sentimen 51
[2026-10-09 15:06:34] berita TINS: 10 berita, sentimen 56
[2026-10-09 15:06:35] berita DSSA: 10 berita, sentimen 48
[2026-10-09 15:06:37] berita PACK: 10 berita, sentimen 51
[2026-10-09 15:06:38] berita ANTM: 10 berita, sentimen 51
[2026-10-09 15:06:39] berita EMAS: 10 berita, sentimen 50
[2026-10-09 15:06:40] berita ASII: 10 berita, sentimen 56
[2026-10-09 15:06:41] berita IATA: 10 berita, sentimen 49
[2026-10-09 15:06:43] berita TPIA: 10 berita, sentimen 58
[2026-10-09 15:06:44] berita PTBA: 9 berita, sentimen 54
[2026-10-09 15:06:45] berita CSMI: 10 berita, sentimen 52
[2026-10-09 15:06:47] berita INCO: 10 berita, sentimen 52
[2026-10-09 15:06:54] emiten [1/40] BBCA ok
[2026-10-09 15:06:54] emiten [2/40] BBRI ok
[2026-10-09 15:06:55] emiten [3/40] FORU ok
[2026-10-09 15:06:56] emiten [4/40] CUAN ok
[2026-10-09 15:06:57] emiten [5/40] BMRI ok
[2026-10-09 15:07:00] emiten [6/40] PACK ok
[2026-10-09 15:07:01] emiten [7/40] EMAS ok
[2026-10-09 15:07:02] emiten [8/40] AHAP ok
[2026-10-09 15:07:03] emiten [9/40] COCO ok
[2026-10-09 15:07:03] emiten [10/40] LUCY ok
[2026-10-09 15:07:04] emiten [11/40] SQMI ok
[2026-10-09 15:07:05] emiten [12/40] BBNI ok
[2026-10-09 15:07:06] emiten [13/40] PCAR ok
[2026-10-09 15:07:07] emiten [14/40] WIFI ok
[2026-10-09 15:07:07] emiten [15/40] ADMR ok
[2026-10-09 15:07:08] emiten [16/40] BEKS ok
[2026-10-09 15:07:09] emiten [17/40] ASPI ok
[2026-10-09 15:07:10] emiten [18/40] MEJA ok
[2026-10-09 15:07:11] emiten [19/40] BNBR ok
[2026-10-09 15:07:12] emiten [20/40] SGER ok
[2026-10-09 15:07:12] emiten [21/40] BDMN ok
[2026-10-09 15:07:13] emiten [22/40] CYBR ok
[2026-10-09 15:07:14] emiten [23/40] BIPI ok
[2026-10-09 15:07:15] emiten [24/40] BSDE ok
[2026-10-09 15:07:16] emiten [25/40] STRK ok
[2026-10-09 15:07:16] emiten [26/40] GULA ok
[2026-10-09 15:07:17] emiten [27/40] TRUE ok
[2026-10-09 15:07:18] emiten [28/40] NEST ok
[2026-10-09 15:07:19] emiten [29/40] SSMS ok
[2026-10-09 15:07:20] emiten [30/40] BTEK ok
[2026-10-09 15:07:20] emiten [31/40] TRIN ok
[2026-10-09 15:07:21] emiten [32/40] ARKO ok
[2026-10-09 15:07:22] emiten [33/40] MCAS ok
[2026-10-09 15:07:23] emiten [34/40] PURA ok
[2026-10-09 15:07:23] emiten [35/40] KKES ok
[2026-10-09 15:07:24] emiten [36/40] COIN ok
[2026-10-09 15:07:25] emiten [37/40] CDIA ok
[2026-10-09 15:07:26] emiten [38/40] NASA ok
[2026-10-09 15:07:27] emiten [39/40] FILM ok
[2026-10-09 15:07:27] emiten [40/40] OMED ok
[2026-10-09 15:07:32] emiten [1/20] KREN ok
[2026-10-09 15:07:33] emiten [2/20] AKKU ok
[2026-10-09 15:07:34] emiten [3/20] MGLV ok
[2026-10-09 15:07:35] emiten [4/20] ARTO ok
[2026-10-09 15:07:35] emiten [5/20] FUTR ok
[2026-10-09 15:07:36] emiten [6/20] IKAI ok
[2026-10-09 15:07:37] emiten [7/20] DAAZ ok
[2026-10-09 15:07:38] emiten [8/20] BBTN ok
[2026-10-09 15:07:38] emiten [9/20] PANI ok
[2026-10-09 15:07:39] emiten [10/20] CBRE ok
[2026-10-09 15:07:40] emiten [11/20] SUPA ok
[2026-10-09 15:07:41] emiten [12/20] AYAM ok
[2026-10-09 15:07:41] emiten [13/20] TKIM ok
[2026-10-09 15:07:42] emiten [14/20] HAJJ ok
[2026-10-09 15:07:43] emiten [15/20] PPRI ok
[2026-10-09 15:07:44] emiten [16/20] SLIS ok
[2026-10-09 15:07:44] emiten [17/20] BEER ok
[2026-10-09 15:07:45] emiten [18/20] GPSO ok
[2026-10-09 15:07:46] emiten [19/20] REAL ok
[2026-10-09 15:07:47] emiten [20/20] MGRO ok
[2026-10-09 15:13:46] ksei [cache] memakai ksei yang tersimpan (8 menit lalu)
[2026-10-09 15:13:46] tv [cache] memakai tv yang tersimpan (8 menit lalu)
[2026-10-09 15:13:47] berita CNBC-Market: 15 berita
[2026-10-09 15:13:48] berita GOTO: 10 berita, sentimen 55
[2026-10-09 15:13:49] berita BBCA: 9 berita, sentimen 50
[2026-10-09 15:13:51] berita TLKM: 9 berita, sentimen 56
[2026-10-09 15:13:52] berita BUMI: 9 berita, sentimen 49
[2026-10-09 15:13:53] berita BBRI: 10 berita, sentimen 59
[2026-10-09 15:13:54] berita FORU: 10 berita, sentimen 54
[2026-10-09 15:13:56] berita SINI: 10 berita, sentimen 50
[2026-10-09 15:13:57] berita AMMN: 10 berita, sentimen 55
[2026-10-09 15:13:58] berita PTRO: 10 berita, sentimen 51
[2026-10-09 15:13:59] berita CUAN: 10 berita, sentimen 60
[2026-10-09 15:14:00] berita TEBE: 10 berita, sentimen 52
[2026-10-09 15:14:02] berita BMRI: 10 berita, sentimen 56
[2026-10-09 15:14:03] berita DEWA: 10 berita, sentimen 56
[2026-10-09 15:14:07] berita ENRG: 10 berita, sentimen 51
[2026-10-09 15:14:08] berita TINS: 10 berita, sentimen 56
[2026-10-09 15:14:09] berita DSSA: 10 berita, sentimen 48
[2026-10-09 15:14:10] berita PACK: 10 berita, sentimen 51
[2026-10-09 15:14:11] berita ANTM: 10 berita, sentimen 51
[2026-10-09 15:14:13] berita EMAS: 10 berita, sentimen 50
[2026-10-09 15:14:14] berita ASII: 10 berita, sentimen 56
[2026-10-09 15:14:16] berita IATA: 10 berita, sentimen 49
[2026-10-09 15:14:17] berita TPIA: 10 berita, sentimen 58
[2026-10-09 15:14:18] berita PTBA: 9 berita, sentimen 54
[2026-10-09 15:14:20] berita CSMI: 10 berita, sentimen 52
[2026-10-09 15:14:21] berita INCO: 10 berita, sentimen 52
[2026-10-09 15:27:18] ==================================================
[2026-10-09 15:27:18] Aplikasi Screener dimulai
[2026-10-09 15:27:20] Melayani di http://127.0.0.1:8765/
[2026-10-09 15:27:20] Screener Praktis berjalan di http://127.0.0.1:8765/
[2026-10-09 15:27:53] ksei Periode terbaru : 20260930
[2026-10-09 15:27:53] ksei Periode sebelumnya: 20260831
[2026-10-09 15:27:53] ksei Menyusun seri 24 bulan untuk estimasi harga rata-rata asing...
[2026-10-09 15:27:54] ksei Terbaca 1012 emiten EQUITY; seri 24 bulan
[2026-10-09 15:27:55] berita CNBC-Market: 15 berita
[2026-10-09 15:27:57] berita GOTO: 33 berita segar, sentimen 75 (Positif), buzz Ramai
[2026-10-09 15:27:58] berita BBCA: 19 berita segar, sentimen 70 (Positif), buzz Ramai
[2026-10-09 15:27:59] berita TLKM: 7 berita segar, sentimen 70 (Positif), buzz Normal
[2026-10-09 15:28:00] berita BUMI: 1 berita segar, sentimen 50 (Netral), buzz Sepi
[2026-10-09 15:28:02] berita BBRI: 19 berita segar, sentimen 85 (Positif), buzz Ramai
[2026-10-09 15:28:04] berita SINI: 0 berita segar (6 berita segar tanpa sebutan kode)
[2026-10-09 15:28:09] berita FORU: 8 berita segar, sentimen 30 (Negatif), buzz Normal
[2026-10-09 15:28:24] berita CUAN: 9 berita segar, sentimen 94 (Positif), buzz Normal
[2026-10-09 15:28:25] berita AMMN: 12 berita segar, sentimen 81 (Positif), buzz Ramai
[2026-10-09 15:28:27] berita PTRO: 0 berita segar (1 berita segar tanpa sebutan kode)
[2026-10-09 15:28:28] berita TEBE: 2 berita segar, sentimen 75 (Positif), buzz Sepi
[2026-10-09 15:28:29] berita BMRI: 5 berita segar, sentimen 88 (Positif), buzz Normal
[2026-10-09 15:28:39] berita DEWA: 4 berita segar, sentimen 88 (Positif), buzz Normal
[2026-10-09 15:28:40] berita ENRG: 11 berita segar, sentimen 62 (Positif), buzz Ramai
[2026-10-09 15:28:41] berita TINS: 0 berita segar (1 berita segar tanpa sebutan kode)
[2026-10-09 15:28:42] berita DSSA: 11 berita segar, sentimen 50 (Netral), buzz Ramai
[2026-10-09 15:28:43] berita PACK: 0 berita segar (0 berita segar tanpa sebutan kode)
[2026-10-09 15:28:45] berita ANTM: 3 berita segar, sentimen 50 (Netral), buzz Normal
[2026-10-09 15:28:46] berita ASII: 9 berita segar, sentimen 93 (Positif), buzz Normal
[2026-10-09 15:28:48] berita EMAS: 0 berita segar (0 berita segar tanpa sebutan kode)
[2026-10-09 15:28:49] berita IATA: 1 berita segar, sentimen 50 (Netral), buzz Sepi
[2026-10-09 15:28:50] berita TPIA: 0 berita segar (1 berita segar tanpa sebutan kode)
[2026-10-09 15:28:52] berita PTBA: 8 berita segar, sentimen 90 (Positif), buzz Normal
[2026-10-09 15:28:53] berita INCO: 6 berita segar, sentimen 70 (Positif), buzz Normal
[2026-10-09 15:28:54] berita BRMS: 8 berita segar, sentimen 58 (Netral), buzz Normal
[2026-10-09 15:29:05] emiten [1/40] GOTO ok
[2026-10-09 15:29:06] emiten [2/40] BBCA ok
[2026-10-09 15:29:07] emiten [3/40] TLKM ok
[2026-10-09 15:29:08] emiten [4/40] BUMI ok
[2026-10-09 15:29:08] emiten [5/40] BBRI ok
[2026-10-09 15:29:09] emiten [6/40] SINI ok
[2026-10-09 15:29:10] emiten [7/40] FORU ok
[2026-10-09 15:29:11] emiten [8/40] CUAN ok
[2026-10-09 15:29:12] emiten [9/40] AMMN ok
[2026-10-09 15:29:12] emiten [10/40] PTRO ok
[2026-10-09 15:29:13] emiten [11/40] TEBE ok
[2026-10-09 15:29:14] emiten [12/40] BMRI ok
[2026-10-09 15:29:15] emiten [13/40] DEWA ok
[2026-10-09 15:29:16] emiten [14/40] ENRG ok
[2026-10-09 15:29:17] emiten [15/40] TINS ok
[2026-10-09 15:29:18] emiten [16/40] DSSA ok
[2026-10-09 15:29:19] emiten [17/40] PACK ok
[2026-10-09 15:29:19] emiten [18/40] ANTM ok
[2026-10-09 15:29:20] emiten [19/40] ASII ok
[2026-10-09 15:29:21] emiten [20/40] EMAS ok
[2026-10-09 15:29:22] emiten [21/40] IATA ok
[2026-10-09 15:29:22] emiten [22/40] TPIA ok
[2026-10-09 15:29:23] emiten [23/40] PTBA ok
[2026-10-09 15:29:24] emiten [24/40] INCO ok
[2026-10-09 15:29:25] emiten [25/40] BRMS ok
[2026-10-09 15:29:25] emiten [26/40] CSMI ok
[2026-10-09 15:29:26] emiten [27/40] NAYZ ok
[2026-10-09 15:29:27] emiten [28/40] DOOH ok
[2026-10-09 15:29:29] emiten [29/40] JARR ok
[2026-10-09 15:29:30] emiten [30/40] ISAT ok
[2026-10-09 15:29:31] emiten [31/40] AHAP ok
[2026-10-09 15:29:32] emiten [32/40] TOWR ok
[2026-10-09 15:29:33] emiten [33/40] ADRO ok
[2026-10-09 15:29:34] emiten [34/40] KOTA ok
[2026-10-09 15:29:35] emiten [35/40] AADI ok
[2026-10-09 15:29:36] emiten [36/40] ITMG ok
[2026-10-09 15:29:37] emiten [37/40] BUVA ok
[2026-10-09 15:29:38] emiten [38/40] SEMA ok
[2026-10-09 15:29:39] emiten [39/40] MMIX ok
[2026-10-09 15:29:40] emiten [40/40] COCO ok
[2026-10-09 15:29:40] ERROR /api/lengkapi: [WinError 10054] An existing connection was forcibly closed by the remote host
[2026-10-09 15:31:43] ==================================================
[2026-10-09 15:31:43] Aplikasi Screener dimulai
[2026-10-09 15:31:46] Melayani di http://127.0.0.1:8765/
[2026-10-09 15:31:46] Screener Praktis berjalan di http://127.0.0.1:8765/
[2026-10-09 15:32:19] ksei Periode terbaru : 20260930
[2026-10-09 15:32:19] ksei Periode sebelumnya: 20260831
[2026-10-09 15:32:19] ksei Menyusun seri 24 bulan untuk estimasi harga rata-rata asing...
[2026-10-09 15:32:19] ksei Terbaca 1012 emiten EQUITY; seri 24 bulan
[2026-10-09 15:32:22] berita CNBC-Market: 15 berita
[2026-10-09 15:32:24] berita BBCA: 19 berita segar, sentimen 70 (Positif), buzz Ramai
[2026-10-09 15:32:25] berita GOTO: 33 berita segar, sentimen 75 (Positif), buzz Ramai
[2026-10-09 15:32:28] berita TLKM: 7 berita segar, sentimen 70 (Positif), buzz Normal
[2026-10-09 15:32:29] berita BUMI: 1 berita segar, sentimen 50 (Netral), buzz Sepi
[2026-10-09 15:32:31] berita BBRI: 14 berita segar, sentimen 75 (Positif), buzz Ramai
[2026-10-09 15:32:33] berita FORU: 8 berita segar, sentimen 30 (Negatif), buzz Normal
[2026-10-09 15:32:34] berita SINI: 0 berita segar (6 berita segar tanpa sebutan kode)
[2026-10-09 15:32:37] berita CUAN: 9 berita segar, sentimen 94 (Positif), buzz Normal
[2026-10-09 15:32:41] berita AMMN: 12 berita segar, sentimen 81 (Positif), buzz Ramai
[2026-10-09 15:32:42] berita PTRO: 0 berita segar (1 berita segar tanpa sebutan kode)
[2026-10-09 15:32:43] berita TEBE: 2 berita segar, sentimen 75 (Positif), buzz Sepi
[2026-10-09 15:32:45] berita BMRI: 5 berita segar, sentimen 88 (Positif), buzz Normal
[2026-10-09 15:32:46] berita DEWA: 4 berita segar, sentimen 88 (Positif), buzz Normal
[2026-10-09 15:32:48] berita ENRG: 11 berita segar, sentimen 62 (Positif), buzz Ramai
[2026-10-09 15:32:49] berita TINS: 0 berita segar (1 berita segar tanpa sebutan kode)
[2026-10-09 15:32:50] ksei [cache] memakai ksei yang tersimpan (1 menit lalu)
[2026-10-09 15:32:50] tv [cache] memakai tv yang tersimpan (0 menit lalu)
[2026-10-09 15:32:50] berita DSSA: 11 berita segar, sentimen 50 (Netral), buzz Ramai
[2026-10-09 15:32:50] berita CNBC-Market: 15 berita
[2026-10-09 15:32:52] berita BBCA: 19 berita segar, sentimen 70 (Positif), buzz Ramai
[2026-10-09 15:32:52] berita PACK: 0 berita segar (0 berita segar tanpa sebutan kode)
[2026-10-09 15:32:52] berita GOTO: 33 berita segar, sentimen 75 (Positif), buzz Ramai
[2026-10-09 15:32:53] berita ASII: 9 berita segar, sentimen 93 (Positif), buzz Normal
[2026-10-09 15:32:53] berita TLKM: 7 berita segar, sentimen 70 (Positif), buzz Normal
[2026-10-09 15:32:54] berita BUMI: 1 berita segar, sentimen 50 (Netral), buzz Sepi
[2026-10-09 15:32:55] berita ANTM: 3 berita segar, sentimen 50 (Netral), buzz Normal
[2026-10-09 15:32:55] berita BBRI: 14 berita segar, sentimen 75 (Positif), buzz Ramai
[2026-10-09 15:32:56] berita EMAS: 0 berita segar (0 berita segar tanpa sebutan kode)
[2026-10-09 15:32:56] berita FORU: 8 berita segar, sentimen 30 (Negatif), buzz Normal
[2026-10-09 15:32:57] berita SINI: 0 berita segar (6 berita segar tanpa sebutan kode)
[2026-10-09 15:32:57] berita IATA: 1 berita segar, sentimen 50 (Netral), buzz Sepi
[2026-10-09 15:32:58] berita CUAN: 9 berita segar, sentimen 94 (Positif), buzz Normal
[2026-10-09 15:32:59] berita PTBA: 8 berita segar, sentimen 90 (Positif), buzz Normal
[2026-10-09 15:32:59] berita AMMN: 12 berita segar, sentimen 81 (Positif), buzz Ramai
[2026-10-09 15:33:01] berita PTRO: 0 berita segar (1 berita segar tanpa sebutan kode)
[2026-10-09 15:33:01] berita TPIA: 0 berita segar (1 berita segar tanpa sebutan kode)
[2026-10-09 15:33:02] berita TEBE: 2 berita segar, sentimen 75 (Positif), buzz Sepi
[2026-10-09 15:33:03] berita BRMS: 8 berita segar, sentimen 58 (Netral), buzz Normal
[2026-10-09 15:33:03] berita BMRI: 5 berita segar, sentimen 88 (Positif), buzz Normal
[2026-10-09 15:33:04] berita INCO: 6 berita segar, sentimen 70 (Positif), buzz Normal
[2026-10-09 15:33:04] berita DEWA: 4 berita segar, sentimen 88 (Positif), buzz Normal
[2026-10-09 15:33:05] berita ENRG: 11 berita segar, sentimen 62 (Positif), buzz Ramai
[2026-10-09 15:33:06] berita TINS: 0 berita segar (1 berita segar tanpa sebutan kode)
[2026-10-09 15:33:07] berita DSSA: 11 berita segar, sentimen 50 (Netral), buzz Ramai
[2026-10-09 15:33:08] berita PACK: 0 berita segar (0 berita segar tanpa sebutan kode)
[2026-10-09 15:33:09] berita ASII: 9 berita segar, sentimen 93 (Positif), buzz Normal
[2026-10-09 15:33:10] berita ANTM: 3 berita segar, sentimen 50 (Netral), buzz Normal
[2026-10-09 15:33:11] berita EMAS: 0 berita segar (0 berita segar tanpa sebutan kode)
[2026-10-09 15:33:12] emiten [1/40] BBCA ok
[2026-10-09 15:33:12] berita IATA: 1 berita segar, sentimen 50 (Netral), buzz Sepi
[2026-10-09 15:33:13] emiten [2/40] BBRI ok
[2026-10-09 15:33:14] emiten [3/40] FORU ok
[2026-10-09 15:33:14] berita PTBA: 8 berita segar, sentimen 90 (Positif), buzz Normal
[2026-10-09 15:33:15] emiten [4/40] CUAN ok
[2026-10-09 15:33:15] berita TPIA: 0 berita segar (1 berita segar tanpa sebutan kode)
[2026-10-09 15:33:15] emiten [5/40] BMRI ok
[2026-10-09 15:33:16] berita BRMS: 8 berita segar, sentimen 58 (Netral), buzz Normal
[2026-10-09 15:33:16] emiten [6/40] PACK ok
[2026-10-09 15:33:17] berita INCO: 6 berita segar, sentimen 70 (Positif), buzz Normal
[2026-10-09 15:33:18] emiten [7/40] EMAS ok
[2026-10-09 15:33:20] emiten [8/40] AHAP ok
[2026-10-09 15:33:21] berita CNBC-Market: 15 berita
[2026-10-09 15:33:22] emiten [9/40] COCO ok
[2026-10-09 15:33:25] berita CSMI: 6 berita segar, sentimen 62 (Positif), buzz Normal
[2026-10-09 15:33:27] emiten [10/40] SQMI ok
[2026-10-09 15:33:33] berita CNBC-Market: 15 berita
[2026-10-09 15:33:33] emiten [11/40] LUCY ok
[2026-10-09 15:33:35] berita NAYZ: 7 berita segar, sentimen 83 (Positif), buzz Normal
[2026-10-09 15:33:36] emiten [12/40] PCAR ok
[2026-10-09 15:33:37] emiten [1/40] BBCA ok
[2026-10-09 15:33:39] emiten [13/40] BBNI ok
[2026-10-09 15:33:39] berita CNBC-Market: 15 berita
[2026-10-09 15:33:39] emiten [2/40] GOTO ok
[2026-10-09 15:33:40] emiten [14/40] WIFI ok
[2026-10-09 15:33:40] emiten [3/40] TLKM ok
[2026-10-09 15:33:41] berita DOOH: 8 berita segar, sentimen 90 (Positif), buzz Normal
[2026-10-09 15:33:41] emiten [15/40] ADMR ok
[2026-10-09 15:33:42] emiten [4/40] BUMI ok
[2026-10-09 15:33:42] emiten [16/40] STRK ok
[2026-10-09 15:33:43] emiten [5/40] BBRI ok
[2026-10-09 15:33:43] emiten [17/40] BNBR ok
[2026-10-09 15:33:44] berita CNBC-Market: 15 berita
[2026-10-09 15:33:44] emiten [6/40] FORU ok
[2026-10-09 15:33:45] emiten [18/40] MEJA ok
[2026-10-09 15:33:45] emiten [7/40] SINI ok
[2026-10-09 15:33:46] emiten [19/40] BEKS ok
[2026-10-09 15:33:46] berita JARR: 21 berita segar, sentimen 7 (Negatif), buzz Ramai
[2026-10-09 15:33:47] emiten [8/40] CUAN ok
[2026-10-09 15:33:47] emiten [20/40] SGER ok
[2026-10-09 15:33:48] emiten [9/40] AMMN ok
[2026-10-09 15:33:49] emiten [21/40] ASPI ok
[2026-10-09 15:33:50] emiten [10/40] PTRO ok
[2026-10-09 15:33:50] berita CNBC-Market: 15 berita
[2026-10-09 15:33:54] emiten [22/40] BDMN ok
[2026-10-09 15:33:55] emiten [11/40] TEBE ok
[2026-10-09 15:33:55] berita ISAT: 0 berita segar (0 berita segar tanpa sebutan kode)
[2026-10-09 15:33:55] emiten [23/40] BIPI ok
[2026-10-09 15:33:57] emiten [24/40] CYBR ok
[2026-10-09 15:33:57] emiten [12/40] BMRI ok
[2026-10-09 15:34:02] berita CNBC-Market: 15 berita
[2026-10-09 15:34:02] emiten [13/40] DEWA ok
[2026-10-09 15:34:03] emiten [25/40] BSDE ok
[2026-10-09 15:34:05] berita AHAP: 3 berita segar, sentimen 50 (Netral), buzz Normal
[2026-10-09 15:34:05] emiten [14/40] ENRG ok
[2026-10-09 15:34:06] emiten [26/40] TRUE ok
[2026-10-09 15:34:07] emiten [15/40] TINS ok
[2026-10-09 15:34:07] emiten [27/40] GULA ok
[2026-10-09 15:34:08] emiten [16/40] DSSA ok
[2026-10-09 15:34:09] emiten [28/40] NEST ok
[2026-10-09 15:34:09] berita CNBC-Market: 15 berita
[2026-10-09 15:34:09] emiten [17/40] PACK ok
[2026-10-09 15:34:10] emiten [29/40] GPRA ok
[2026-10-09 15:34:11] berita TOWR: 1 berita segar, sentimen 75 (Positif), buzz Sepi
[2026-10-09 15:34:11] emiten [18/40] ASII ok
[2026-10-09 15:34:12] emiten [30/40] ARKO ok
[2026-10-09 15:34:12] emiten [19/40] ANTM ok
[2026-10-09 15:34:13] emiten [31/40] BTEK ok
[2026-10-09 15:34:13] emiten [20/40] EMAS ok
[2026-10-09 15:34:14] berita CNBC-Market: 15 berita
[2026-10-09 15:34:14] emiten [32/40] TRIN ok
[2026-10-09 15:34:15] emiten [21/40] IATA ok
[2026-10-09 15:34:15] emiten [33/40] SSMS ok
[2026-10-09 15:34:16] berita ARCI: 2 berita segar, sentimen 75 (Positif), buzz Sepi
[2026-10-09 15:34:16] emiten [22/40] PTBA ok
[2026-10-09 15:34:16] emiten [34/40] MCAS ok
[2026-10-09 15:34:16] emiten [23/40] TPIA ok
[2026-10-09 15:34:17] emiten [35/40] KKES ok
[2026-10-09 15:34:17] emiten [24/40] BRMS ok
[2026-10-09 15:34:18] emiten [36/40] PURA ok
[2026-10-09 15:34:18] emiten [25/40] INCO ok
[2026-10-09 15:34:19] emiten [37/40] COIN ok
[2026-10-09 15:34:19] berita CNBC-Market: 15 berita
[2026-10-09 15:34:19] emiten [26/40] CSMI ok
[2026-10-09 15:34:20] emiten [38/40] FILM ok
[2026-10-09 15:34:20] emiten [27/40] NAYZ ok
[2026-10-09 15:34:20] berita KOTA: 0 berita segar (0 berita segar tanpa sebutan kode)
[2026-10-09 15:34:20] emiten [39/40] CDIA ok
[2026-10-09 15:34:21] emiten [28/40] DOOH ok
[2026-10-09 15:34:21] emiten [40/40] NASA ok
[2026-10-09 15:34:21] emiten [29/40] JARR ok
[2026-10-09 15:34:22] emiten [30/40] ISAT ok
[2026-10-09 15:34:24] emiten [31/40] AHAP ok
[2026-10-09 15:34:24] berita CNBC-Market: 15 berita
[2026-10-09 15:34:31] emiten [32/40] TOWR ok
[2026-10-09 15:34:37] berita ADRO: 7 berita segar, sentimen 58 (Netral), buzz Normal
[2026-10-09 15:34:41] emiten [33/40] ARCI ok
[2026-10-09 15:34:45] berita CNBC-Market: 15 berita
[2026-10-09 15:34:45] emiten [1/20] MGLV ok
[2026-10-09 15:34:45] emiten [34/40] KOTA ok
[2026-10-09 15:34:49] berita AADI: 12 berita segar, sentimen 88 (Positif), buzz Ramai
[2026-10-09 15:34:49] emiten [2/20] KREN ok
[2026-10-09 15:34:49] emiten [35/40] ADRO ok
[2026-10-09 15:34:50] emiten [36/40] AADI ok
[2026-10-09 15:34:50] emiten [3/20] AKKU ok
[2026-10-09 15:34:51] emiten [4/20] IKAI ok
[2026-10-09 15:34:51] emiten [37/40] BUVA ok
[2026-10-09 15:34:53] emiten [5/20] FUTR ok
[2026-10-09 15:34:53] emiten [38/40] ITMG ok
[2026-10-09 15:34:53] berita CNBC-Market: 15 berita
[2026-10-09 15:34:54] emiten [6/20] ARTO ok
[2026-10-09 15:34:54] emiten [39/40] SEMA ok
[2026-10-09 15:34:54] berita BUVA: 6 berita segar, sentimen 83 (Positif), buzz Normal
[2026-10-09 15:34:54] emiten [40/40] MMIX ok
[2026-10-09 15:34:54] emiten [7/20] BBTN ok
[2026-10-09 15:34:55] emiten [8/20] DAAZ ok
[2026-10-09 15:34:56] emiten [9/20] PANI ok
[2026-10-09 15:34:57] emiten [10/20] CBRE ok
[2026-10-09 15:34:58] berita CNBC-Market: 15 berita
[2026-10-09 15:34:58] emiten [11/20] SUPA ok
[2026-10-09 15:34:59] emiten [12/20] HAJJ ok
[2026-10-09 15:34:59] berita ITMG: 3 berita segar, sentimen 75 (Positif), buzz Normal
[2026-10-09 15:35:00] emiten [13/20] AYAM ok
[2026-10-09 15:35:00] emiten [1/20] COCO ok
[2026-10-09 15:35:01] emiten [14/20] TKIM ok
[2026-10-09 15:35:01] emiten [2/20] PSAB ok
[2026-10-09 15:35:01] emiten [15/20] BEER ok
[2026-10-09 15:35:02] emiten [3/20] KLBF ok
[2026-10-09 15:35:02] berita CNBC-Market: 15 berita
[2026-10-09 15:35:02] emiten [16/20] SLIS ok
[2026-10-09 15:35:03] emiten [4/20] BRPT ok
[2026-10-09 15:35:06] berita SEMA: 2 berita segar, sentimen 50 (Netral), buzz Sepi
[2026-10-09 15:35:06] emiten [17/20] REAL ok
[2026-10-09 15:35:07] emiten [5/20] MBSS ok
[2026-10-09 15:35:07] emiten [18/20] PBSA ok
[2026-10-09 15:35:07] ERROR /api/berita: [WinError 10054] An existing connection was forcibly closed by the remote host
[2026-10-09 15:35:07] emiten [6/20] POLA ok
[2026-10-09 15:35:08] emiten [19/20] VERN ok
[2026-10-09 15:35:08] emiten [7/20] SMLE ok
[2026-10-09 15:35:09] emiten [20/20] PPRI ok
[2026-10-09 15:35:10] emiten [8/20] ASLI ok
[2026-10-09 15:35:14] emiten [9/20] KETR ok
[2026-10-09 15:35:15] emiten [10/20] INET ok
[2026-10-09 15:35:16] emiten [11/20] INDY ok
[2026-10-09 15:35:18] emiten [12/20] RAJA ok
[2026-10-09 15:35:21] emiten [13/20] BYAN ok
[2026-10-09 15:35:24] emiten [14/20] SQMI ok
[2026-10-09 15:35:25] emiten [15/20] LUCY ok
[2026-10-09 15:35:26] emiten [16/20] PCAR ok
[2026-10-09 15:35:27] emiten [17/20] BULL ok
[2026-10-09 15:35:28] emiten [18/20] HRTA ok
[2026-10-09 15:35:29] emiten [19/20] BBNI ok
[2026-10-09 15:35:29] emiten [20/20] MDKA ok
[2026-10-09 15:35:29] ERROR /api/lengkapi: [WinError 10054] An existing connection was forcibly closed by the remote host
[2026-10-09 15:36:20] ==================================================
[2026-10-09 15:36:20] Aplikasi Screener dimulai
[2026-10-09 15:36:22] Melayani di http://127.0.0.1:8765/
[2026-10-09 15:36:22] Screener Praktis berjalan di http://127.0.0.1:8765/
[2026-10-09 15:36:25] berita CNBC-Market: 15 berita
[2026-10-09 15:36:26] berita BBRI: 14 berita segar, sentimen 75 (Positif), buzz Ramai
[2026-10-09 15:47:01] ksei Periode terbaru : 20260930
[2026-10-09 15:47:01] ksei Periode sebelumnya: 20260831
[2026-10-09 15:47:01] ksei Menyusun seri 24 bulan untuk estimasi harga rata-rata asing...
[2026-10-09 15:47:02] ksei Terbaca 1012 emiten EQUITY; seri 24 bulan
[2026-10-09 15:47:07] ksei [cache] memakai ksei yang tersimpan (0 menit lalu)
[2026-10-09 15:47:15] berita CNBC-Market: 15 berita
[2026-10-09 15:47:15] berita CNBC-Market: 15 berita
[2026-10-09 15:47:16] berita BBCA: 19 berita segar, sentimen 58 (Netral), buzz Ramai
[2026-10-09 15:47:16] berita BBCA: 19 berita segar, sentimen 58 (Netral), buzz Ramai
[2026-10-09 15:47:18] berita GOTO: 33 berita segar, sentimen 64 (Positif), buzz Ramai
[2026-10-09 15:47:18] berita GOTO: 33 berita segar, sentimen 64 (Positif), buzz Ramai
[2026-10-09 15:47:24] berita BBRI: 14 berita segar, sentimen 75 (Positif), buzz Ramai
[2026-10-09 15:47:24] berita BBRI: 14 berita segar, sentimen 75 (Positif), buzz Ramai
[2026-10-09 15:47:25] berita TLKM: 7 berita segar, sentimen 70 (Positif), buzz Normal
[2026-10-09 15:47:25] berita TLKM: 7 berita segar, sentimen 70 (Positif), buzz Normal
[2026-10-09 15:47:27] berita BUMI: 1 berita segar, sentimen 50 (Netral), buzz Sepi
[2026-10-09 15:47:27] berita BUMI: 1 berita segar, sentimen 50 (Netral), buzz Sepi
[2026-10-09 15:47:28] berita FORU: 8 berita segar, sentimen 30 (Negatif), buzz Normal
[2026-10-09 15:47:28] berita FORU: 8 berita segar, sentimen 30 (Negatif), buzz Normal
[2026-10-09 15:47:29] berita SINI: 0 berita segar (6 berita segar tanpa sebutan kode)
[2026-10-09 15:47:29] berita SINI: 0 berita segar (6 berita segar tanpa sebutan kode)
[2026-10-09 15:47:31] berita CUAN: 9 berita segar, sentimen 94 (Positif), buzz Normal
[2026-10-09 15:47:31] berita CUAN: 9 berita segar, sentimen 94 (Positif), buzz Normal
[2026-10-09 15:47:32] berita AMMN: 12 berita segar, sentimen 81 (Positif), buzz Ramai
[2026-10-09 15:47:33] berita AMMN: 12 berita segar, sentimen 81 (Positif), buzz Ramai
[2026-10-09 15:47:34] berita PTRO: 0 berita segar (1 berita segar tanpa sebutan kode)
[2026-10-09 15:47:34] berita PTRO: 0 berita segar (1 berita segar tanpa sebutan kode)
[2026-10-09 15:47:36] berita TEBE: 2 berita segar, sentimen 75 (Positif), buzz Sepi
[2026-10-09 15:47:36] berita TEBE: 2 berita segar, sentimen 75 (Positif), buzz Sepi
[2026-10-09 15:47:37] berita BMRI: 5 berita segar, sentimen 88 (Positif), buzz Normal
[2026-10-09 15:47:37] berita BMRI: 5 berita segar, sentimen 88 (Positif), buzz Normal
[2026-10-09 15:47:39] berita DEWA: 4 berita segar, sentimen 88 (Positif), buzz Normal
[2026-10-09 15:47:39] berita DEWA: 4 berita segar, sentimen 88 (Positif), buzz Normal
[2026-10-09 15:47:41] berita TINS: 0 berita segar (1 berita segar tanpa sebutan kode)
[2026-10-09 15:47:41] berita TINS: 0 berita segar (1 berita segar tanpa sebutan kode)
[2026-10-09 15:47:44] berita ENRG: 11 berita segar, sentimen 62 (Positif), buzz Ramai
[2026-10-09 15:47:44] berita ENRG: 11 berita segar, sentimen 62 (Positif), buzz Ramai
[2026-10-09 15:47:46] berita DSSA: 11 berita segar, sentimen 50 (Netral), buzz Ramai
[2026-10-09 15:47:46] berita DSSA: 11 berita segar, sentimen 50 (Netral), buzz Ramai
[2026-10-09 15:47:47] berita PACK: 0 berita segar (0 berita segar tanpa sebutan kode)
[2026-10-09 15:47:47] berita PACK: 0 berita segar (0 berita segar tanpa sebutan kode)
[2026-10-09 15:47:49] berita ASII: 9 berita segar, sentimen 93 (Positif), buzz Normal
[2026-10-09 15:47:49] berita ASII: 9 berita segar, sentimen 93 (Positif), buzz Normal
[2026-10-09 15:47:50] berita ANTM: 3 berita segar, sentimen 50 (Netral), buzz Normal
[2026-10-09 15:47:50] berita ANTM: 3 berita segar, sentimen 50 (Netral), buzz Normal
[2026-10-09 15:47:52] berita EMAS: 0 berita segar (0 berita segar tanpa sebutan kode)
[2026-10-09 15:47:52] berita EMAS: 0 berita segar (0 berita segar tanpa sebutan kode)
[2026-10-09 15:47:53] berita IATA: 1 berita segar, sentimen 50 (Netral), buzz Sepi
[2026-10-09 15:47:53] berita IATA: 1 berita segar, sentimen 50 (Netral), buzz Sepi
[2026-10-09 15:47:54] berita PTBA: 8 berita segar, sentimen 90 (Positif), buzz Normal
[2026-10-09 15:47:54] berita PTBA: 8 berita segar, sentimen 90 (Positif), buzz Normal
[2026-10-09 15:48:01] berita TPIA: 0 berita segar (1 berita segar tanpa sebutan kode)
[2026-10-09 15:48:01] berita TPIA: 0 berita segar (1 berita segar tanpa sebutan kode)
[2026-10-09 15:48:02] berita BRMS: 8 berita segar, sentimen 58 (Netral), buzz Normal
[2026-10-09 15:48:02] berita BRMS: 8 berita segar, sentimen 58 (Netral), buzz Normal
[2026-10-09 15:48:04] berita INCO: 6 berita segar, sentimen 70 (Positif), buzz Normal
[2026-10-09 15:48:04] berita INCO: 6 berita segar, sentimen 70 (Positif), buzz Normal
[2026-10-09 15:48:04] ERROR /api/scan: [WinError 10053] An established connection was aborted by the software in your host machine
[2026-10-09 15:48:10] emiten [1/40] BBCA ok
[2026-10-09 15:48:11] emiten [2/40] BBRI ok
[2026-10-09 15:48:12] emiten [3/40] FORU ok
[2026-10-09 15:48:13] emiten [4/40] CUAN ok
[2026-10-09 15:48:13] emiten [5/40] BMRI ok
[2026-10-09 15:48:14] emiten [6/40] PACK ok
[2026-10-09 15:48:15] emiten [7/40] EMAS ok
[2026-10-09 15:48:16] emiten [8/40] AHAP ok
[2026-10-09 15:48:16] emiten [9/40] COCO ok
[2026-10-09 15:48:17] emiten [10/40] BBNI ok
[2026-10-09 15:48:18] emiten [11/40] PCAR ok
[2026-10-09 15:48:19] emiten [12/40] SQMI ok
[2026-10-09 15:48:20] emiten [13/40] LUCY ok
[2026-10-09 15:48:21] emiten [14/40] STRK ok
[2026-10-09 15:48:21] emiten [15/40] MEJA ok
[2026-10-09 15:48:22] emiten [16/40] WIFI ok
[2026-10-09 15:48:23] emiten [17/40] ADMR ok
[2026-10-09 15:48:24] emiten [18/40] BNBR ok
[2026-10-09 15:48:25] emiten [19/40] BEKS ok
[2026-10-09 15:48:26] emiten [20/40] SGER ok
[2026-10-09 15:48:26] emiten [21/40] ASPI ok
[2026-10-09 15:48:27] emiten [22/40] BIPI ok
[2026-10-09 15:48:28] emiten [23/40] BDMN ok
[2026-10-09 15:48:29] emiten [24/40] CYBR ok
[2026-10-09 15:48:30] emiten [25/40] BSDE ok
[2026-10-09 15:48:30] emiten [26/40] TRUE ok
[2026-10-09 15:48:31] emiten [27/40] GULA ok
[2026-10-09 15:48:32] emiten [28/40] NEST ok
[2026-10-09 15:48:33] emiten [29/40] ARKO ok
[2026-10-09 15:48:33] emiten [30/40] BTEK ok
[2026-10-09 15:48:34] emiten [31/40] TRIN ok
[2026-10-09 15:48:35] emiten [32/40] SSMS ok
[2026-10-09 15:48:36] emiten [33/40] PURA ok
[2026-10-09 15:48:37] emiten [34/40] KKES ok
[2026-10-09 15:48:38] emiten [35/40] MCAS ok
[2026-10-09 15:48:38] emiten [36/40] CDIA ok
[2026-10-09 15:48:39] emiten [37/40] COIN ok
[2026-10-09 15:48:40] emiten [38/40] FILM ok
[2026-10-09 15:48:41] emiten [39/40] MGLV ok
[2026-10-09 15:48:42] emiten [40/40] NASA ok
[2026-10-09 15:49:32] emiten [1/20] BBTN ok
[2026-10-09 15:49:37] emiten [2/20] AKKU ok
[2026-10-09 15:49:38] emiten [3/20] KREN ok
[2026-10-09 15:49:48] emiten [4/20] ARTO ok
[2026-10-09 15:49:49] emiten [5/20] IKAI ok
[2026-10-09 15:49:50] emiten [6/20] FUTR ok
[2026-10-09 15:49:51] emiten [7/20] PANI ok
[2026-10-09 15:49:52] emiten [8/20] DAAZ ok
[2026-10-09 15:49:53] emiten [9/20] VERN ok
[2026-10-09 15:49:54] emiten [10/20] CBRE ok
[2026-10-09 15:49:56] emiten [11/20] HAJJ ok
[2026-10-09 15:49:57] emiten [12/20] SUPA ok
[2026-10-09 15:49:58] emiten [13/20] BEER ok
[2026-10-09 15:49:59] emiten [14/20] AYAM ok
[2026-10-09 15:50:00] emiten [15/20] LEAD ok
[2026-10-09 15:50:01] emiten [16/20] TKIM ok
[2026-10-09 15:50:01] emiten [17/20] REAL ok
[2026-10-09 15:50:02] emiten [18/20] SLIS ok
[2026-10-09 15:50:03] emiten [19/20] PPRI ok
[2026-10-09 15:50:04] emiten [20/20] GPSO ok
[2026-10-09 15:57:51] berita CNBC-Market: 15 berita
[2026-10-09 15:57:52] berita CSMI: 6 berita segar, sentimen 62 (Positif), buzz Normal
[2026-10-09 15:57:55] berita CNBC-Market: 15 berita
[2026-10-09 15:57:56] berita DOOH: 9 berita segar, sentimen 90 (Positif), buzz Normal
[2026-10-09 15:57:59] berita CNBC-Market: 15 berita
[2026-10-09 15:58:00] berita TOWR: 1 berita segar, sentimen 75 (Positif), buzz Sepi
[2026-10-09 15:58:02] berita CNBC-Market: 15 berita
[2026-10-09 15:58:03] berita JARR: 21 berita segar, sentimen 7 (Negatif), buzz Ramai
[2026-10-09 15:58:06] berita CNBC-Market: 15 berita
[2026-10-09 15:58:07] berita NAYZ: 7 berita segar, sentimen 83 (Positif), buzz Normal
[2026-10-09 15:58:09] berita CNBC-Market: 15 berita
[2026-10-09 15:58:11] berita ISAT: 0 berita segar (0 berita segar tanpa sebutan kode)
[2026-10-09 15:58:13] berita CNBC-Market: 15 berita
[2026-10-09 15:58:14] berita ARCI: 2 berita segar, sentimen 75 (Positif), buzz Sepi
[2026-10-09 15:58:17] berita CNBC-Market: 15 berita
[2026-10-09 15:58:18] berita KOTA: 0 berita segar (0 berita segar tanpa sebutan kode)
[2026-10-09 15:58:21] berita CNBC-Market: 15 berita
[2026-10-09 15:58:22] berita AHAP: 3 berita segar, sentimen 50 (Netral), buzz Normal
[2026-10-09 15:58:25] berita CNBC-Market: 15 berita
[2026-10-09 15:58:26] berita ADRO: 7 berita segar, sentimen 58 (Netral), buzz Normal
[2026-10-09 15:58:29] berita CNBC-Market: 15 berita
[2026-10-09 15:58:30] berita AADI: 12 berita segar, sentimen 88 (Positif), buzz Ramai
[2026-10-09 15:58:33] berita CNBC-Market: 15 berita
[2026-10-09 15:58:34] berita BUVA: 6 berita segar, sentimen 83 (Positif), buzz Normal
[2026-10-09 15:58:37] berita CNBC-Market: 15 berita
[2026-10-09 15:58:38] berita ITMG: 3 berita segar, sentimen 75 (Positif), buzz Normal
[2026-10-09 15:58:41] berita CNBC-Market: 15 berita
[2026-10-09 15:58:42] berita SEMA: 2 berita segar, sentimen 50 (Netral), buzz Sepi
[2026-10-09 15:58:45] berita CNBC-Market: 15 berita
[2026-10-09 15:58:46] berita MMIX: 0 berita segar (0 berita segar tanpa sebutan kode)
[2026-10-09 15:58:49] berita CNBC-Market: 15 berita
[2026-10-09 15:58:50] berita KLBF: 2 berita segar, sentimen 75 (Positif), buzz Sepi
[2026-10-09 15:58:52] berita CNBC-Market: 15 berita
[2026-10-09 15:58:53] berita COCO: 2 berita segar, sentimen 50 (Netral), buzz Sepi
[2026-10-09 15:58:56] berita CNBC-Market: 15 berita
[2026-10-09 15:58:57] berita PSAB: 0 berita segar (1 berita segar tanpa sebutan kode)
[2026-10-09 15:59:00] berita CNBC-Market: 15 berita
[2026-10-09 15:59:01] berita MBSS: 4 berita segar, sentimen 75 (Positif), buzz Normal
[2026-10-09 15:59:03] berita CNBC-Market: 15 berita
[2026-10-09 15:59:04] berita BRPT: 6 berita segar, sentimen 62 (Positif), buzz Normal
[2026-10-09 15:59:07] berita CNBC-Market: 15 berita
[2026-10-09 15:59:08] berita ASLI: 6 berita segar, sentimen 7 (Negatif), buzz Normal
[2026-10-09 15:59:11] berita CNBC-Market: 15 berita
[2026-10-09 15:59:12] berita INDY: 4 berita segar, sentimen 83 (Positif), buzz Normal
[2026-10-09 15:59:15] berita CNBC-Market: 15 berita
[2026-10-09 15:59:16] berita KETR: 3 berita segar, sentimen 50 (Netral), buzz Normal
[2026-10-09 15:59:18] berita CNBC-Market: 15 berita
[2026-10-09 15:59:20] berita POLA: 9 berita segar, sentimen 38 (Negatif), buzz Normal
[2026-10-09 15:59:22] berita CNBC-Market: 15 berita
[2026-10-09 15:59:23] berita SMLE: 7 berita segar, sentimen 75 (Positif), buzz Normal
[2026-10-09 15:59:26] berita CNBC-Market: 15 berita
[2026-10-09 15:59:27] berita INET: 4 berita segar, sentimen 83 (Positif), buzz Normal
[2026-10-09 15:59:30] berita CNBC-Market: 15 berita
[2026-10-09 15:59:31] berita RAJA: 1 berita segar, sentimen 50 (Netral), buzz Sepi
[2026-10-09 15:59:33] berita CNBC-Market: 15 berita
[2026-10-09 15:59:34] berita HRTA: 3 berita segar, sentimen 83 (Positif), buzz Normal
[2026-10-09 15:59:37] berita CNBC-Market: 15 berita
[2026-10-09 15:59:38] berita BBNI: 3 berita segar, sentimen 50 (Netral), buzz Normal
[2026-10-09 15:59:41] berita CNBC-Market: 15 berita
[2026-10-09 15:59:42] berita BYAN: 58 berita segar, sentimen 90 (Positif), buzz Ramai
[2026-10-09 15:59:45] berita CNBC-Market: 15 berita
[2026-10-09 15:59:46] berita PCAR: 0 berita segar (1 berita segar tanpa sebutan kode)
[2026-10-09 15:59:49] berita CNBC-Market: 15 berita
[2026-10-09 15:59:50] berita SQMI: 1 berita segar, sentimen 50 (Netral), buzz Sepi
[2026-10-09 15:59:53] berita CNBC-Market: 15 berita
[2026-10-09 15:59:54] berita BULL: 2 berita segar, sentimen 50 (Netral), buzz Sepi
[2026-10-09 15:59:57] berita CNBC-Market: 15 berita
[2026-10-09 15:59:58] berita LUCY: 2 berita segar, sentimen 25 (Negatif), buzz Sepi
[2026-10-09 16:00:01] berita CNBC-Market: 15 berita
[2026-10-09 16:00:03] berita JECX: 2 berita segar, sentimen 50 (Netral), buzz Sepi
