cagr,der,eps,eps_trend,harga,high_52,kode,nama,nilai_harian,pbv,per,roe,s_closeabove,s_freqspike,s_resistance,s_sideways,s_spring,s_springlow,s_vol_ratio,sektor,sumber,volatil
0,0.20470204833949399,471.8318,fluktuatif,6025,8750,BBCA,PT Bank Central Asia Tbk,307320187500,2.633185771496553,12.769380953127788,21.8239508306063,1,0,6850,0,0,5975,0.42,Finance,TradingView scanner (pasar),0
0,1.04804978213638,406.6221,fluktuatif,3080,4050,BBRI,PT Bank Rakyat Indonesia (Persero) Tbk Class B,155906828000,1.4314838342205265,7.574600593524061,19.21516442695,1,0,3440,0,0,3060,0.32,Finance,TradingView scanner (pasar),0
0,0.551410893142277,468.5566,fluktuatif,201250,295100,DCII,PT DCI Indonesia Tbk,20125000,123.10604334387308,429.5105436568389,27.4347809266718,1,0,202275,0,0,192250,0.18,Technology Services,TradingView scanner (pasar),0
0,0,419.3223,fluktuatif,11725,18650,BYAN,PT Bayan Resources Tbk,2577155000,9.114158303516302,27.961785004041044,35.2475299132952,1,0,14325,0,0,10075,0.06,Energy Minerals,TradingView scanner (pasar),0
0,3.03116513438329,19.4104,fluktuatif,2830,10725,BREN,PT Barito Renewables Energy Tbk,3647304000,35.6502915513596,145.7981288381486,23.8404386837035,1,0,3420,0,0,2810,0.15,Utilities,TradingView scanner (pasar),0
0,1.20948184599684,667.3299,fluktuatif,4010,5375,BMRI,PT Bank Mandiri (Persero) Tbk,81959588000,1.2729462893264893,6.009021924538374,22.5784161914094,1,0,4480,0,0,4000,0.16,Finance,TradingView scanner (pasar),0
0,1.02032901369252,210.4258,fluktuatif,4240,8500,AMMN,PT Amman Mineral Internasional Tbk,108412136000,3.4492657867627607,20.1496204362773,16.5953524784519,1,0,5275,0,0,4210,0.31,Non-Energy Minerals,TradingView scanner (pasar),0
0,0.683537136724329,176.5431,fluktuatif,2240,3990,TLKM,PT Telkom Indonesia (Persero) Tbk Class B,100948736000,1.6978178598887634,12.688119784913711,13.9431637615082,1,0,2720,0,0,2200,0.26,Communications,TradingView scanner (pasar),0
0,0.977940765765614,24.9498,fluktuatif,4560,16725,MORA,PT Ekamas Mora Republik Tbk,35112000,14.883606282135206,182.7669961282255,4.72716609438764,1,0,5575,0,0,4420,0.04,Communications,TradingView scanner (pasar),0
0,0.912711219549956,33.6809,fluktuatif,1140,4720,DSSA,PT Dian Swastatika Sentosa Tbk,141840966000,5.822630716655007,33.847076532990506,15.914885505208801,1,0,1220,0,0,960,0.45,Energy Minerals,TradingView scanner (pasar),0
0,0.518098996818332,740.2599,fluktuatif,4590,7475,ASII,PT Astra International Tbk,51869295000,0.8063613598213752,6.200524977781452,13.295631059294,1,0,5050,1,0,4510,0.25,Technology Services,TradingView scanner (pasar),0
0,4.55239662926815,-30.8953,fluktuatif,13000,19200,SRAJ,PT Sejahteraraya Anugrahjaya Tbk,1300000,119.27594728957337,,-29.549877912926505,1,0,15600,0,0,11850,0.05,Health Services,TradingView scanner (pasar),0
0,1.492446413634,23.2427,fluktuatif,1705,8500,TPIA,PT Chandra Asri Pacific Tbk,32379996000,2.3715191922736376,73.35636565459262,3.00897669275512,1,0,2060,0,0,1680,0.17,Process Industries,TradingView scanner (pasar),0
0,0.45113939164121597,78.5028,fluktuatif,9500,10975,DNET,PT Indoritel Makmur Internasional Tbk,13300000,8.864563200374558,121.01479182908126,7.39305437956792,0,0,10100,1,0,9500,0.13,Communications,TradingView scanner (pasar),0
0,3.5222092194764003,25.9692,fluktuatif,1410,4530,BRPT,PT Barito Pacific Tbk,14292606000,3.532136416719751,54.29508802735548,6.09487424729578,1,0,1840,0,0,1380,0.2,Non-Energy Minerals,TradingView scanner (pasar),0
0,0.556952390648053,476.1644,fluktuatif,19950,24800,SMMA,PT Sinar Mas Multiartha Tbk Class A,69825000,5.399424263856434,41.89729429583564,11.7301013002767,1,0,21150,0,0,19000,2.2,Finance,TradingView scanner (pasar),0
0,0.7833737282216291,555.5054,fluktuatif,3410,4730,BBNI,PT Bank Negara Indonesia (Persero) Tbk Class B,17685624000,0.7397983788644089,6.1385541886721535,12.770165567224401,1,0,4000,0,0,3380,0.14,Finance,TradingView scanner (pasar),0
0,0.316718117221638,-5.7915,fluktuatif,12000,17275,MPRO,PT Maha Properti Indonesia Tbk,33600000,148.22452952916726,,-7.043428166340091,1,0,12450,0,0,10425,1.85,Finance,TradingView scanner (pasar),0
0,1.2588452607234901,-29.9031,fluktuatif,7600,10175,EMAS,PT Merdeka Gold Resources Tbk,9711280000,17.62722764669228,,-8.31073594558984,1,0,9000,0,0,7300,0.1,Non-Energy Minerals,TradingView scanner (pasar),0
0,0.290725485607277,2123.5813,fluktuatif,26050,32825,UNTR,PT United Tractors Tbk,23416345000,0.9518885706391454,12.267013276110504,7.93911819829939,1,0,27075,0,0,24150,0.22,Energy Minerals,TradingView scanner (pasar),0
0,0.5874197563624319,2.7108,fluktuatif,1865,2250,CASA,PT Capital Financial Indonesia Tbk,559500,12.204534118576767,687.9887855983474,1.87080248573797,1,0,2000,1,0,1800,0.03,Finance,TradingView scanner (pasar),0
0,4.10578089128675,22.7326,fluktuatif,860,2890,CUAN,PT Petrindo Jaya Kreasi Tbk,105484332000,17.083582220599503,37.83113238256952,43.2455781964821,1,0,1040,0,0,830,0.36,Non-Energy Minerals,TradingView scanner (pasar),0
0,0.28148567434425004,1756.5481,fluktuatif,11325,12925,AADI,Pt Adaro Andalan Indonesia Tbk,18226455000,1.5864614825965426,6.447304232659499,22.995219450529405,1,0,12925,0,0,10675,0.17,Energy Minerals,TradingView scanner (pasar),0
0,0.23283835142759,4.7957,fluktuatif,555,1385,BRMS,PT Bumi Resources Minerals Tbk Class A,35678175000,3.7722619529387553,115.7286736034364,3.11793487685568,1,0,750,0,0,540,0.23,Non-Energy Minerals,TradingView scanner (pasar),0
0,0.0155222836015025,142.797,fluktuatif,4360,16028.2906,PANI,PT Pantai Indah Kapuk Dua Tbk,8020220000,2.9088582780629135,30.532854331673636,9.95865727124534,1,0,6400,0,0,4320,0.31,Consumer Non-Durables,TradingView scanner (pasar),0
0,0.336173057133335,14.0643,fluktuatif,1350,4170,IMPC,PT Impack Pratama Industri Tbk,3391875000,23.593330672238654,95.9877135726627,28.7768865112686,1,0,1820,0,0,1335,0.15,Producer Manufacturing,TradingView scanner (pasar),0
0,0.950833483493124,633.8031,fluktuatif,6725,9550,ICBP,PT Indofood CBP Sukses Makmur Tbk,2131152500,1.522257813150638,10.610550816176191,14.738771196939002,1,0,7675,0,0,6525,0.07,Consumer Non-Durables,TradingView scanner (pasar),0
0,0.161256485811072,370.4023,fluktuatif,3140,4970,ANTM,PT ANTAM (Persero) Tbk,33621236000,2.1376893469401934,8.477269174624455,25.5088208840899,1,0,3370,1,0,3030,0.13,Non-Energy Minerals,TradingView scanner (pasar),0
0,1.9087343648823,232.0361,fluktuatif,2240,2850,ISAT,PT Indosat Tbk Class B,19253024000,1.9890236087334832,9.653670269410664,21.326316015360504,1,0,2490,0,0,2190,0.16,Communications,TradingView scanner (pasar),0
0,0.0128590327972702,74.5825,fluktuatif,615,1000,HMSP,PT Hanjaya Mandala Sampoerna Tbk,3765522000,2.523234165854274,8.245902188851273,34.6860150674576,1,0,770,0,0,605,0.34,Consumer Non-Durables,TradingView scanner (pasar),0
0,0.7398324394058371,9.5435,fluktuatif,560,2450,CDIA,PT Chandra Daya Investasi Tbk.,2824752000,3.9076676743564684,58.67868182532614,,1,0,750,0,0,540,0.12,Utilities,TradingView scanner (pasar),0
0,2.8731384570011897,39.9049,fluktuatif,2840,3960,MDKA,PT Merdeka Copper Gold Tbk,11879720000,5.254216281931922,71.16920478437486,6.406784459844,1,0,3160,0,0,2780,0.09,Non-Energy Minerals,TradingView scanner (pasar),0
0,0.5893989884987171,101.1931,fluktuatif,1880,6150,BNLI,PT Bank Permata Tbk Class A,10904000,1.4836164511504644,18.578341803937224,8.2522332881496,1,0,2180,0,0,1875,0.09,Finance,TradingView scanner (pasar),0
0,0.42078263363739,340.7901,fluktuatif,2440,2860,ADRO,PT Alamtri Resources Indonesia Tbk,11302812000,0.9395513457494274,7.15983240123466,12.6258004099018,1,0,2760,0,0,2390,0.11,Energy Minerals,TradingView scanner (pasar),0
0,0.20972193892390098,173.0356,fluktuatif,1405,2740,BRIS,PT Bank Syariah Indonesia (Persero) Tbk,9055646500,1.2475077038040239,8.11971640517905,16.1475001175862,1,0,1835,0,0,1385,0.23,Finance,TradingView scanner (pasar),0
0,0.440262269302495,5.4151,fluktuatif,170,484,BUMI,PT Bumi Resources Tbk Class A,109985002000,2.3436402495673567,31.393695407287034,7.3295254929497,1,0,232,0,0,167,0.28,Non-Energy Minerals,TradingView scanner (pasar),0
0,0.181023112409377,99.7092,fluktuatif,1595,2840,UNVR,PT Unilever Indonesia Tbk,7756963500,13.537088439623524,15.996517873977528,123.825007167969,1,0,1715,1,0,1575,0.43,Consumer Non-Durables,TradingView scanner (pasar),0
0,1.13258622664169,126.2099,fluktuatif,1440,2320,ADMR,PT Alamtri Minerals Indonesia Tbk,4169952000,2.2609263860110707,11.409564542876588,19.6466522720158,1,0,1700,0,0,1410,0.13,Energy Minerals,TradingView scanner (pasar),0
0,1.03594556363687,1089.9976,fluktuatif,6875,7600,INDF,PT Indofood Sukses Makmur Tbk,7583125000,0.8252580978195768,6.307353337291753,13.239653524843002,1,0,7600,0,0,6600,0.2,Consumer Non-Durables,TradingView scanner (pasar),0
0,0.151823018830383,20.9633,fluktuatif,9525,29525,PGUN,PT Pradiksi Gunatama Tbk,54292500,28.48413021263695,454.36548634995444,6.3533918577729,1,0,11275,0,0,8300,0.05,Process Industries,TradingView scanner (pasar),0
0,0.20322016347008803,169.2803,fluktuatif,845,1595,NCKL,PT Trimegah Bangun Persada Tbk,8387554500,1.377111596919142,4.991720832252778,27.851346264965,1,0,1015,0,0,840,0.36,Non-Energy Minerals,TradingView scanner (pasar),0
0,0.151852297525757,86.0177,fluktuatif,1265,2330,AMRT,PT Sumber Alfaria Trijaya,7880823500,2.9045359621503835,14.706275568865477,20.5200323680755,1,0,1355,1,0,1240,0.16,Retail Trade,TradingView scanner (pasar),0
0,0.7967123712333231,12.3596,fluktuatif,464,945,MBMA,PT Merdeka Battery Materials Tbk,24992246400,1.8976000226403313,37.54166801514612,4.85342700774622,1,0,565,0,0,460,0.54,Non-Energy Minerals,TradingView scanner (pasar),0
0,3.0599232470261,64.2767,fluktuatif,5300,13000,PTRO,PT Petrosea Tbk,75791060000,12.211352991645546,82.45600660892671,11.7552763258206,1,0,5850,0,0,5025,0.37,Industrial Services,TradingView scanner (pasar),0
0,0.28222420837443,454.4336,fluktuatif,2870,5375,CPIN,PT Charoen Pokphand Indonesia Tbk,9534427000,1.3786544942203034,6.3155541315606945,22.8189172293703,0,0,3380,0,0,2870,0.14,Process Industries,TradingView scanner (pasar),0
0,0.292798326393062,-1.0098,fluktuatif,163,366,FORU,PT Fortune Indonesia Tbk,286977800,63.26117161242247,,-44.4691326298495,1,0,366,0,0,131,0.02,Commercial Services,TradingView scanner (pasar),0
0,0.288711143232376,7.885,fluktuatif,910,10315,MLPT,PT Multipolar Technology Tbk,528073000,56.3320296492186,115.40900443880787,54.207187850611206,1,0,1275,0,0,895,0.39,Technology Services,TradingView scanner (pasar),0
0,1.3118989705634498,139.6697,fluktuatif,1930,3100,MEGA,PT Bank Mega Tbk,5790000,1.8072785568740262,13.818315640400172,14.693486116278201,1,0,2010,0,0,1850,0.11,Finance,TradingView scanner (pasar),0
0,0.721244640533935,2046.1106,fluktuatif,8050,12750,INKP,PT Indah Kiat Pulp & Paper Tbk,1754095000,0.38594558285414665,3.934293678943846,9.52679587595473,1,0,9500,0,0,7925,0.05,Process Industries,TradingView scanner (pasar),0
0,0.000558744456704015,250.3696,fluktuatif,4190,7900,INCO,PT Vale Indonesia Tbk,6621038000,0.9543441855515683,16.735258593695082,5.55902790677287,1,0,5000,0,0,4100,0.11,Non-Energy Minerals,TradingView scanner (pasar),0
0,2.05529855913003,-235.4707,fluktuatif,2390,4550,EXCL,PT XLSMART Telecom Sejahtera Tbk,3601730000,1.457979555966653,,-13.521098784111802,1,0,2790,0,0,2270,0.14,Communications,TradingView scanner (pasar),0
0,0.820409398662439,483.3551,fluktuatif,4630,5000,BDMN,PT Bank Danamon Indonesia Tbk Class A,3919758000,0.8338303853890383,9.578878964967991,8.8947513628187,1,0,4750,0,0,4210,0.41,Finance,TradingView scanner (pasar),0
0,0.681786490584781,272.7703,fluktuatif,1690,1920,BNGA,PT Bank CIMB Niaga Tbk Class A,826410000,0.7333031059139833,6.195689193434915,12.504048608519,1,0,1775,1,0,1680,0.13,Finance,TradingView scanner (pasar),0
0,0.158925098203227,945.5544,fluktuatif,8375,9375,GEMS,PT Golden Energy Mines Tbk,2400275000,4.205349437473378,8.857237616365595,44.9798039504152,1,0,8525,0,0,7000,1.23,Energy Minerals,TradingView scanner (pasar),0
0,0.369496244802864,59.6536,fluktuatif,945,1545,PGEO,PT Pertamina Geothermal Energy Tbk,1273387500,1.1582397290763289,15.841458017621736,7.417177483113491,1,0,1100,0,0,935,0.08,Utilities,TradingView scanner (pasar),0
0,0.0942373151555292,203.9294,fluktuatif,1945,2480,TAPG,PT Triputra Agro Persada Tbk,3159458000,3.4448138257009573,9.537614488151291,36.0912787709957,1,0,2480,0,0,1885,0.08,Process Industries,TradingView scanner (pasar),0
0,0.654903610957044,26.2846,fluktuatif,446,705,MTEL,PT Dayamitra Telekomunikasi Tbk,221037600,1.0885391375216416,16.968110604688675,6.626846125800751,1,0,510,0,0,438,0.03,Communications,TradingView scanner (pasar),0
0,0.404717439990906,-12.8514,fluktuatif,262,500,BELI,PT Global Digital Niaga Tbk,56670600,3.8437213325507007,,-18.6302671852309,1,0,398,0,0,258,0.1,Retail Trade,TradingView scanner (pasar),0
0,0.522776595698839,64.9123,fluktuatif,1420,2420,ENRG,PT Energi Mega Persada Tbk,28518144000,2.5048049921116284,21.875669172098355,11.5103160785431,1,0,1555,0,0,1200,0.27,Energy Minerals,TradingView scanner (pasar),0
0,0.118341004654327,412.2516,fluktuatif,3130,3220,PTBA,PT Bukit Asam (Persero) Tbk,24901341000,1.6029352745900334,7.592450823720272,21.1600711785764,1,0,3200,0,0,2760,0.26,Energy Minerals,TradingView scanner (pasar),0
0,1.87369978244093,235.725,fluktuatif,1375,2000,MEDC,PT Medco Energi Internasional Tbk,7055950000,0.9450849814229285,5.833068193869976,15.5054973527469,1,0,1645,0,0,1360,0.08,Energy Minerals,TradingView scanner (pasar),0
0,0.112740091610835,500.586,fluktuatif,4640,5000,TINS,PT TIMAH (Persero) Tbk,33120784000,4.109895087044699,9.269136571937688,41.7948400609932,1,0,5000,0,0,4010,0.17,Non-Energy Minerals,TradingView scanner (pasar),0
0,0.164351922929301,-0.3423,fluktuatif,835,1340,VKTR,PT VKTR Teknologi Mobilitas Tbk,30851079000,35.26280715594269,,-1.42630797679999,1,0,950,0,0,715,0.51,Consumer Durables,TradingView scanner (pasar),0
0,6.26862000030436e-05,278.5966,fluktuatif,4370,6450,CMRY,PT Cisarua Mountain Dairy Tbk,617481000,5.110802191511979,15.685762137800676,32.2285925724734,1,0,4840,0,0,4300,0.04,Distribution Services,TradingView scanner (pasar),0
0,0.0339706276095801,79.7284,fluktuatif,720,1345,KLBF,PT Kalbe Farma Tbk,3478104000,1.3986642678538423,9.03065908760241,15.449935516439101,1,0,825,0,0,705,0.1,Health Technology,TradingView scanner (pasar),0
0,0.25374032172241,-0.0006,fluktuatif,28,73,GOTO,PT GoTo Gojek Tokopedia Tbk,1720071298400,0.9349554810930297,,0.00573981882184324,1,0,50,0,0,26,68.5,Technology Services,TradingView scanner (pasar),0
0,0.38281194928170303,166.5924,fluktuatif,1380,2520,PGAS,PT Perusahaan Gas Negara (Persero) Tbk Class B,8217210000,0.7320760139988849,8.283691212804426,8.40977128554492,1,0,1555,0,0,1370,0.23,Energy Minerals,TradingView scanner (pasar),0
0,2.31799002967363,64.0634,fluktuatif,1430,2950,TBIG,PT Tower Bersama Infrastructure Tbk,20306000,2.6867479090384396,22.321637627725035,12.654003308390099,1,0,1580,0,0,1390,0.04,Finance,TradingView scanner (pasar),0
0,0.856731660990085,28.9278,fluktuatif,3460,9600,JARR,PT Jhonlin Agro Raya Tbk,11786490000,16.660437460714352,119.60812782168017,13.9600119473808,1,0,4600,0,0,3170,0.13,Process Industries,TradingView scanner (pasar),0
0,0,2294.8758,fluktuatif,16975,21825,GGRM,PT Gudang Garam Tbk,10884370000,0.5220167352777786,7.396914464826376,7.060561349216561,1,0,20450,0,0,16500,0.72,Consumer Non-Durables,TradingView scanner (pasar),0
0,0.250513549835879,153.016,fluktuatif,1380,2490,MYOR,PT Mayora Indah Tbk,2034810000,1.6924556642535888,9.018664714801067,19.5924871872507,1,0,1600,0,0,1365,0.11,Consumer Non-Durables,TradingView scanner (pasar),0
0,1.19360979734402,99.3023,fluktuatif,1215,2120,ARCI,PT Archi Indonesia Tbk,4527819000,5.076646286403993,12.23536614962594,40.2980190407048,1,0,1390,0,0,1180,0.16,Non-Energy Minerals,TradingView scanner (pasar),0
0,0.420922856605216,137.582,fluktuatif,1505,1595,AKRA,PT AKR Corporindo Tbk,6883117500,2.451366477187168,10.938930964806444,22.038518422804,1,0,1560,0,0,1385,0.28,Distribution Services,TradingView scanner (pasar),0
0,0.6811210835246191,227.561,fluktuatif,1235,1590,NISP,PT Bank OCBC NISP Tbk,577733000,0.6461423195061075,5.4271162457538855,12.2203041066965,1,0,1295,1,0,1225,0.1,Finance,TradingView scanner (pasar),0
0,0.052271331669516,3096.8867,fluktuatif,25150,30700,ITMG,PT Indo Tambangraya Megah Tbk,7532425000,0.8929144541567521,8.121059126896698,10.8211514530852,1,0,26950,1,0,24575,0.25,Energy Minerals,TradingView scanner (pasar),0
0,6.73250161934586e-05,0,fluktuatif,14650,17000,MGLV,PT NexAI Digital Infrastruktur Tbk.,4550290000,219.39565407909686,,,1,0,17000,0,0,10500,0.24,Consumer Durables,TradingView scanner (pasar),0
0,1.19512449144369,371.9942,fluktuatif,7375,8950,FAPA,PT FAP Agri Tbk,4425000,6.937074488669181,19.825577925677337,36.3200947976416,1,0,7550,1,0,7350,0.39,Consumer Non-Durables,TradingView scanner (pasar),0
0,1.70891143226503,-53.5826,fluktuatif,4060,4950,BINA,PT Bank Ina Perdana Tbk,210714000,7.52516519035035,,-9.91786056087986,1,0,4390,1,0,3960,0.04,Finance,TradingView scanner (pasar),0
0,0.23833448754809802,95.2078,fluktuatif,1995,2880,SILO,PT Siloam International Hospitals Tbk Reg-S,26932500,2.6723101570771854,20.956608790010577,12.794754626789102,1,0,2350,0,0,1925,0.0,Health Services,TradingView scanner (pasar),0
0,0.582196463460129,149.822,fluktuatif,1485,1940,MAPI,PT Mitra Adiperkasa Tbk,406741500,1.763366268819571,9.911761957522927,17.7678053478198,1,0,1555,0,0,1310,0.03,Retail Trade,TradingView scanner (pasar),0
0,1.0863473440908902,85.3734,fluktuatif,2440,2590,BTPN,PT Bank SMBC Indonesia Tbk,75396000,0.547398209244639,28.58033064162842,0.921229154143661,1,0,2590,0,0,2230,1.54,Finance,TradingView scanner (pasar),0
0,0.0212443570049367,246.6503,fluktuatif,1700,2040,SRTG,PT Saratoga Investama Sedaya Tbk,866320000,0.39114473266475824,6.992060720700489,6.3354236329897,0,0,1860,1,0,1700,0.25,Finance,TradingView scanner (pasar),0
0,0.531249978266831,47.369,fluktuatif,945,1180,MDIY,PT Daya Intiguna Yasa Tbk,19750500,5.711547970324368,19.949756169646815,30.283669007818304,1,0,980,0,0,910,0.06,Retail Trade,TradingView scanner (pasar),0
0,0.820540790267963,450.5465,fluktuatif,2010,2970,JPFA,PT Japfa Comfeed Indonesia Tbk Class A,4845306000,1.2522461464367673,4.461248727933743,29.3581293987973,1,0,2420,0,0,1985,0.27,Process Industries,TradingView scanner (pasar),0
0,0.00127201108963765,101.3548,fluktuatif,1670,2710,MIKA,PT Mitra Keluarga Karyasehat Tbk,119071000,3.201474748799255,16.476772683681485,20.3529254835246,1,0,1990,0,0,1660,0.03,Health Services,TradingView scanner (pasar),0
0,0.08937278372878821,36.5244,fluktuatif,382,1560,EMTK,PT Elang Mahkota Teknologi Tbk,5257657000,0.617688836047208,10.458761814020217,6.02690104598758,1,0,540,0,0,374,0.29,Consumer Services,TradingView scanner (pasar),0
0,1.59541358338754,67.2024,fluktuatif,410,650,TOWR,PT Sarana Menara Nusantara Tbk,4719182000,0.8848576787355859,6.100972584312466,16.0588981508521,1,0,490,0,0,374,0.19,Finance,TradingView scanner (pasar),0
0,0,-26.2003,fluktuatif,50,126,GIAA,PT Garuda Indonesia (Persero) Tbk Class B,860120000,148.77852828279825,,,0,0,71,0,0,50,0.23,Transportation,TradingView scanner (pasar),0
0,0.23330563406797702,2397.9408,fluktuatif,7025,11300,TKIM,PT Pabrik Kertas Tjiwi Kimia Tbk,3452085000,0.444601264469666,2.929596927497126,14.5837570541333,1,0,8500,0,0,6875,0.22,Process Industries,TradingView scanner (pasar),0
0,0.742144557448367,1428.7464,fluktuatif,7400,8250,SMAR,PT Sinar Mas Agro Resources & Technology Tbk,135420000,0.9479933949354473,5.179365631297479,18.356716962449,1,0,8250,0,0,5700,0.08,Process Industries,TradingView scanner (pasar),0
0,0,868.926,fluktuatif,17600,18325,SINI,PT Singaraja Putra Tbk,67913120000,-16.450947541396076,20.25488936917528,,1,0,18325,0,0,12825,0.32,Consumer Services,TradingView scanner (pasar),0
0,0.00512341240889956,172.9596,fluktuatif,2070,2190,ULTJ,PT Ultrajaya Milk Industry & Trading Co. Tbk,4213899000,2.618335416153804,11.968112784719668,23.3406172831094,1,0,2190,0,0,1485,0.06,Consumer Non-Durables,TradingView scanner (pasar),0
0,0,1619.4816,fluktuatif,35175,40000,ADES,PT Akasha Wira International Tbk,302505000,6.914919586267436,21.719913335230235,31.291884631755902,1,0,38000,0,0,31025,0.33,Consumer Non-Durables,TradingView scanner (pasar),0
0,0.000204238757111661,1303.9615,fluktuatif,21625,25550,MKPI,PT Metropolitan Kentjana Tbk,865000000,2.641497548058759,16.584078594345,16.9614218235399,1,0,22000,0,0,21025,0.99,Finance,TradingView scanner (pasar),0
0,0.792678657625694,111.7087,fluktuatif,332,865,DEWA,PT Darma Henwa Tbk,49799900400,1.5607396138184877,2.972015608453057,69.1982929761584,1,0,462,0,0,326,0.35,Energy Minerals,TradingView scanner (pasar),0
0,0.391378469590185,113.5454,fluktuatif,830,1290,PNBN,PT Bank Pan Indonesia Tbk,383128000,0.3634315522428696,7.3098513898405395,5.13580928693581,1,0,935,0,0,820,0.11,Finance,TradingView scanner (pasar),0
0,0.0024172264313661,32.0778,fluktuatif,330,530,AVIA,PT Avia Avian Tbk,808071000,2.052304535872884,10.287488543478666,19.8732738110434,1,0,378,0,0,320,0.18,Process Industries,TradingView scanner (pasar),0
0,4.57364619187136,1.0462,fluktuatif,71,224.680632,BNBR,PT Bakrie & Brothers Tbk Class A,10945047600,3.7546470367373703,67.86465303001339,5.98695905737181,1,0,104,0,0,66,0.17,Industrial Services,TradingView scanner (pasar),0
0,2.10546600072514,509.4466,fluktuatif,2570,4180,JSMR,PT Jasa Marga (Persero) Tbk Class B,675139000,0.5130632368286806,5.044689669142948,10.2826858567969,1,0,3050,0,0,2550,0.1,Transportation,TradingView scanner (pasar),0
0,0.020580340426922698,446.7951,fluktuatif,3330,9775,CBDK,PT Bangun Kosambi Sukses Tbk,844821000,2.0913936382104175,7.453080841754979,26.826804838623104,1,0,4230,0,0,3250,0.13,Finance,TradingView scanner (pasar),0
0,0.00135919564325069,133.1995,fluktuatif,9500,13975,LIFE,PT MSIG Life Insurance Indonesia Tbk,97850000,2.3441931180441835,71.32158904500392,3.38759474887027,1,0,13975,0,0,7375,0.19,Finance,TradingView scanner (pasar),0
0,0.211212858798971,0.9646,fluktuatif,600,2030.43616,BUVA,PT Bukit Uluwatu Villa Tbk,4729560000,8.23042332084961,622.0194899440182,1.46276780598358,1,0,700,0,0,573,0.1,Consumer Services,TradingView scanner (pasar),0
0,0.816024086048344,13.7232,fluktuatif,930,1760,BSIM,PT Bank Sinarmas Tbk,2046000,2.113471801036583,67.76845050717034,3.24994222463734,1,0,1350,0,0,895,0.03,Finance,TradingView scanner (pasar),0
0,0.21960871448874902,26.8322,fluktuatif,755,1590,BBHI,PT Allo Bank Indonesia Tbk,48848500,2.176658905267999,28.13783439300542,7.94639786073226,1,0,990,0,0,750,0.04,Finance,TradingView scanner (pasar),0
0,0.532968852026158,12.2224,fluktuatif,428,680,PACK,PT Abadi Nusantara Hijau Investama Tbk,47008994800,85.61267067525995,35.01767247021861,12.7124113851412,0,0,650,0,0,428,0.4,Process Industries,TradingView scanner (pasar),0
0,0.267166228893921,67.4593,fluktuatif,650,820,MAPA,PT MAP Aktif Adiperkasa Tbk,4160845000,2.125920147299447,9.635439442745477,22.3937348910701,1,0,710,0,0,610,0.43,Retail Trade,TradingView scanner (pasar),0
0,0.122180375884297,708.4707,fluktuatif,4880,7475,INTP,PT Indocement Tunggal Prakarsa Tbk,2013976000,0.6951199647008965,6.8880759641859575,10.6894371964105,1,0,5800,0,0,4760,0.32,Non-Energy Minerals,TradingView scanner (pasar),0
0,0.253325440292038,7.1535,fluktuatif,482,1350,SUPA,PT Super Bank Indonesia Tbk,912570600,2.001123701537465,67.3796043894597,3.854403310219,1,0,540,0,0,452,0.14,Finance,TradingView scanner (pasar),0
0,0.00183491994428427,53.8056,fluktuatif,1265,4010,SOHO,PT Soho Global Health Tbk,18342500,6.215627335159597,23.51056395616813,26.471483234633,1,0,2000,0,0,1180,0.29,Health Technology,TradingView scanner (pasar),0
0,0.701731254778327,28.0707,fluktuatif,710,2180,NSSS,PT Nusantara Sawit Sejahtera Tbk,780929000,8.70868800794036,25.29327733187986,33.8079556741545,1,0,905,0,0,635,0.37,Process Industries,TradingView scanner (pasar),0
0,0.286555818533982,181.7199,fluktuatif,1550,2050,DSNG,PT Dharma Satya Nusantara Tbk,786315000,1.4310645408446039,8.529610681053644,17.2221085974327,1,0,1750,0,0,1485,0.1,Non-Energy Minerals,TradingView scanner (pasar),0
0,0.0369190959607703,501.5815,fluktuatif,3310,3520,AUTO,PT Astra Otoparts Tbk,2210418000,1.0169161981880697,6.5991269614210255,15.7673301519814,1,0,3440,1,0,3240,0.26,Producer Manufacturing,TradingView scanner (pasar),0
0,0.0033294156133251702,52.0036,fluktuatif,4270,5225,BBSI,PT Krom Bank Indonesia Tbk,854000,4.531915003138113,82.10970009768555,5.49179165136627,0,0,4680,1,0,4270,0.45,Finance,TradingView scanner (pasar),0
0,0,970.7972,fluktuatif,8075,8775,AALI,PT Astra Agro Lestari Tbk,2855320000,0.6597795847745694,8.317906149708714,7.953019992109899,1,0,8775,0,0,7675,0.12,Process Industries,TradingView scanner (pasar),0
0,1.8159030376885,299.0483,fluktuatif,1060,1505,BBTN,PT Bank Tabungan Negara (Persero) Tbk,1883302000,0.41083673354022837,3.5445779160088855,11.742461917857,1,0,1270,0,0,1050,0.15,Finance,TradingView scanner (pasar),0
0,0.48847148328215606,74.2424,fluktuatif,960,1040,POWR,PT Cikarang Listrindo Tbk,1274880000,1.276379812447155,12.930616467140071,9.7595729509309,1,0,1040,0,0,895,0.16,Utilities,TradingView scanner (pasar),0
0,0.00029199804645452,107.8799,fluktuatif,1145,1265,JRPT,PT Jaya Real Property Tbk,31831000,1.3735284786615034,10.613654628897505,13.2025106681172,1,0,1160,0,0,1075,0.04,Finance,TradingView scanner (pasar),0
0,1.3449934196995699,23.3465,fluktuatif,188,236,BNII,PT Bank Maybank Indonesia Tbk Class A,4681200,0.441509916946818,8.052598890626005,5.68815128346162,1,0,197,1,0,183,0.01,Finance,TradingView scanner (pasar),0
0,0.152923182760548,121.4988,fluktuatif,500,755,PSAB,PT J Resources Asia Pasifik Tbk,9012500000,2.3379796470454997,4.115266982060728,49.322100194322,0,0,600,0,0,500,0.28,Non-Energy Minerals,TradingView scanner (pasar),0
0,0.0928253580894174,610.6844,fluktuatif,6750,7200,MLBI,PT Multi Bintang Indonesia Tbk,20250000,10.478100025836667,11.053172473375774,122.252631228904,1,0,6975,1,0,6650,0.05,Consumer Non-Durables,TradingView scanner (pasar),0
0,1.3567402872690801,31.015,fluktuatif,640,1695,RAJA,PT Rukun Raharja Tbk,7766848000,3.806235041198926,20.6351765274867,18.95103313006,1,0,855,0,0,605,0.25,Utilities,TradingView scanner (pasar),0
0,1.04424330613855,45.6974,fluktuatif,2550,4370,INDY,PT Indika Energy Tbk,7463595000,0.6659213657331673,55.80186181270707,1.16296982392697,1,0,3260,0,0,2500,0.18,Energy Minerals,TradingView scanner (pasar),0
0,0,632.361,fluktuatif,5025,5500,BSSR,PT Baramulti Suksessarana Tbk,3289365000,2.8879464202662737,7.9464103573749805,34.7266350780437,1,0,5500,0,0,4690,0.17,Energy Minerals,TradingView scanner (pasar),0
0,0,346.4824,fluktuatif,3350,5900,CITA,PT Cita Mineral Investindo Tbk,28475000,1.5131167119314402,9.668600771640927,17.0682600271346,1,0,3640,0,0,3210,0.11,Consumer Durables,TradingView scanner (pasar),0
0,1.18350896357448,110.9372,fluktuatif,910,1040,BFIN,PT BFI Finance Indonesia Tbk,4535440000,1.2684717186494043,8.20283908373386,15.363069868506502,1,0,1040,0,0,890,0.21,Finance,TradingView scanner (pasar),0
0,0.259413470109364,156.5785,fluktuatif,1185,1965,STAA,PT Sumber Tani Agung Resources Tbk,1436931000,1.997670968520448,7.5680888500017565,28.5638768244811,1,0,1320,0,0,1155,0.21,Process Industries,TradingView scanner (pasar),0
0,1.53453598249503,0,fluktuatif,4100,8700,RLCO,PT Abadi Lestari Indonesia Tbk,425580000,42.056678246614005,,,1,0,4850,0,0,3810,0.41,Health Technology,TradingView scanner (pasar),0
0,3.9109525524823,-13.8345,fluktuatif,745,900,CMNT,PT Cemindo Gemilang Tbk,505557000,4.911297678894348,,-9.62673705814103,1,0,780,1,0,730,0.04,Non-Energy Minerals,TradingView scanner (pasar),0
0,0.105063402841912,380.7679,fluktuatif,3610,4200,MCOL,PT Prima Andalan Mandiri Tbk,1444000,1.378518486097099,9.4808412158693,14.612641491615,1,0,3800,1,0,3510,0.02,Energy Minerals,TradingView scanner (pasar),0
0,0.25991611254151,46.0213,fluktuatif,252,440,PWON,PT Pakuwon Jati Tbk,2440292400,0.540123167372274,5.475725370643594,10.063611007770202,1,0,284,0,0,250,0.35,Finance,TradingView scanner (pasar),0
0,0.351108163906316,0.1804,fluktuatif,372,965,CARE,PT Metro Healthcare Indonesia Tbk,35600400,4.0929265976524425,2062.0842572062083,0.198588063880474,1,0,498,0,0,352,0.0,Health Services,TradingView scanner (pasar),0
0,2.77584183135786,139.081,fluktuatif,4060,12900,RATU,PT Raharja Energi Cepu Tbk,3814370000,13.404839457402474,29.19162214824455,44.7887485756425,1,0,4850,0,0,3820,0.19,Miscellaneous,TradingView scanner (pasar),0
0,0.8920441480990919,22.4396,fluktuatif,3610,3710,SMMT,PT Golden Eagle Energy Tbk,1822328000,22.91953041755004,160.87630795557854,8.65344702403725,1,0,3710,0,0,2060,0.46,Energy Minerals,TradingView scanner (pasar),0
0,0,944.5152,fluktuatif,9150,11725,STTP,PT Siantar Top Tbk,915000,1.6439687140356578,9.687509528697896,17.0059735799125,1,0,11125,0,0,8775,0.02,Consumer Non-Durables,TradingView scanner (pasar),0
0,0.124724378161294,328.0225,fluktuatif,2590,3220,TSPC,PT Tempo Scan Pacific Tbk,968660000,1.270742429252691,7.89579983080429,15.8384716160455,1,0,2810,1,0,2560,0.87,Distribution Services,TradingView scanner (pasar),0
0,0.41703284928193396,88.997,fluktuatif,550,1055,BSDE,PT Bumi Serpong Damai Tbk,5979600000,0.26248969644422004,6.179983594952639,4.26048758234043,1,0,680,0,0,535,0.22,Finance,TradingView scanner (pasar),0
0,0.59838421210307,57.7395,fluktuatif,830,1375,HRUM,PT Harum Energy Tbk,2362844000,0.7065106256516762,14.374907991929268,4.72107994482938,1,0,990,0,0,815,0.33,Energy Minerals,TradingView scanner (pasar),0
0,0.391209892242146,-20.7318,fluktuatif,14625,41900,POLU,PT Golden Flower Tbk,35100000,98.21292764175148,,-12.2187165032318,1,0,19700,0,0,14500,0.13,Consumer Non-Durables,TradingView scanner (pasar),0
0,0.908175613735832,14.401,fluktuatif,750,760,SGER,PT Sumber Global Energy Tbk,9188475000,5.23305004623923,52.07971668634123,9.83907248622206,1,0,760,0,0,625,0.25,Non-Energy Minerals,TradingView scanner (pasar),0
0,0.037855435874346303,15.5306,fluktuatif,183,1450,MSIN,PT MNC Digital Entertainment Tbk,2025334200,1.681764407965167,11.78318931657502,13.747163202795,1,0,346,0,0,160,0.14,Consumer Services,TradingView scanner (pasar),0
0,0.61697184405715,19.0181,fluktuatif,308,456,GOOD,PT Garudafood Putra Putri Jaya Tbk,7607600,2.8731169074068115,16.195098353673604,18.8491317393618,1,0,326,0,0,286,0.21,Consumer Non-Durables,TradingView scanner (pasar),0
0,0.40684599150274997,24.4013,fluktuatif,755,2390,ARTO,PT Bank Jago Tbk,10365621500,1.1857452874006287,31.611782192727194,3.82382622406445,1,0,1080,0,0,725,1.19,Finance,TradingView scanner (pasar),0
0,0.00436166350064325,19.7384,fluktuatif,104,197,BUKA,PT Bukalapak.com Tbk,4619628000,0.3821552039580696,5.283130051358119,7.79580763357976,1,0,118,0,0,100,0.49,Retail Trade,TradingView scanner (pasar),0
0,0.120394221540777,15.542,fluktuatif,172,472,SCMA,PT Surya Citra Media Tbk,1537852000,1.6713707980814994,11.066786771329301,15.219950047932901,1,0,210,0,0,161,0.09,Consumer Services,TradingView scanner (pasar),0
0,0.144883940923801,27.2615,fluktuatif,695,1470,ALII,PT Ancara Logistics Indonesia Tbk,27800000,5.278542617927768,25.493828292647137,21.2787117458171,1,0,810,0,0,585,0.04,Consumer Services,TradingView scanner (pasar),0
0,0.00335727293397959,-1.0614,fluktuatif,725,4800,COIN,PT Indokripto Koin Semesta Tbk,3118732500,6.876674944602455,,,1,0,935,0,0,655,0.06,Miscellaneous,TradingView scanner (pasar),0
0,0.443736019595449,72.7176,fluktuatif,1220,2040,YUPI,Pt Yupi Indo Jelly Gum Tbk,6344000,6.685304418624557,16.777231371772444,25.3825011076031,0,0,1370,0,0,1220,0.27,Consumer Non-Durables,TradingView scanner (pasar),0
0,0.000640428669492765,18.8926,fluktuatif,3600,3600,BSWD,PT Bank of India Indonesia Tbk,50400000,3.781024686047604,190.55079766681132,1.9750057828444503,1,0,3600,0,0,1485,2.01,Finance,TradingView scanner (pasar),0
0,1.12140407732719,288.7995,fluktuatif,2220,3440,HRTA,PT Hartadinata Abadi Tbk,2775444000,3.1744093871918504,7.686993917925758,42.0383174044833,1,0,2360,0,0,2070,0.14,Consumer Durables,TradingView scanner (pasar),0
0,1.0369793217002101,32.9248,fluktuatif,3360,3800,AGII,PT Samator Indo Gas Tbk,170688000,2.7433635789712234,102.05073379337156,2.70094441702545,1,0,3800,0,0,2880,0.09,Process Industries,TradingView scanner (pasar),0
0,0.0005311890789395049,32.7225,fluktuatif,344,585,SIDO,PT Industri Jamu dan Farmasi Sido Muncul Tbk,1552678400,3.2449753584683716,10.512644205057683,30.3967278225886,0,0,360,1,0,344,0.26,Health Technology,TradingView scanner (pasar),0
0,0.6038325534933,13.2428,fluktuatif,735,980,PRAY,PT Famon Awal Bros Sedaya Tbk,588000,3.174338286510332,55.50185761319358,5.78824719236571,1,0,895,0,0,700,0.01,Health Services,TradingView scanner (pasar),0
0,0.237340671809585,10.9642,fluktuatif,600,10202.6925,RISE,PT Jaya Sukses Makmur Sentosa Tbk,288420000,4.44462914347774,54.723554842122546,7.202813161703101,1,0,950,0,0,575,0.11,Finance,TradingView scanner (pasar),0
0,1.26491198451448,1748.2654,fluktuatif,8325,9150,ADMF,PT Adira Dinamika Multi Finance Tbk,160672500,0.6790448420014408,4.761862815565646,15.3678497653196,1,0,8775,0,0,8025,0.15,Finance,TradingView scanner (pasar),0
0,4.02589942725737,144.2174,fluktuatif,1040,1820,SSMS,PT Sawit Sumbermas Sarana Tbk,8348496000,4.349080811316007,7.211335109355737,51.9149652724902,1,0,1290,0,0,990,0.78,Process Industries,TradingView scanner (pasar),0
0,0,302.6825,fluktuatif,1455,1810,LSIP,PT Perusahaan Perkebunan London Sumatra Indonesia Tbk,2387655000,0.7087918467600797,4.807017254053339,15.2052725868054,1,0,1790,0,0,1420,0.1,Process Industries,TradingView scanner (pasar),0
0,0.19303714637236302,17.9208,fluktuatif,418,550,CLEO,PT Sariguna Primatirta Tbk,1903990000,4.46067599303665,23.324851569126377,18.7877803973262,1,0,442,0,0,400,0.46,Consumer Non-Durables,TradingView scanner (pasar),0
0,0.000248903895265035,54.4698,fluktuatif,565,995,ESSA,PT ESSA Industries Indonesia Tbk,6477781500,1.3069840113291686,10.372720296384419,12.9770361095607,1,0,725,0,0,555,0.21,Energy Minerals,TradingView scanner (pasar),0
0,0.324116038077418,136.2146,fluktuatif,530,990,CTRA,PT Ciputra Development Tbk,1098955000,0.4081593518799146,3.890919181937913,10.7095247354212,1,0,655,0,0,525,0.16,Finance,TradingView scanner (pasar),0
0,0.184677028522766,56.2591,fluktuatif,1490,3260,SMGR,PT Semen Indonesia (Persero) Tbk,8114987000,0.23090223176599517,26.484604268465013,0.8739505762860431,1,0,1840,0,0,1435,0.36,Non-Energy Minerals,TradingView scanner (pasar),0
0,1.92386663688407,21.7426,fluktuatif,2850,13000,ARKO,PT Arkora Hydro Tbk,4051275000,16.204214494448124,131.07907977886728,12.2580927703896,1,0,4950,0,0,2820,0.22,Industrial Services,TradingView scanner (pasar),0
0,0.040431095385204896,198.8166,fluktuatif,1675,1950,SMSM,PT Selamat Sempurna Tbk,585915000,2.532778079829415,8.424849836482467,29.894768284996196,1,0,1780,1,0,1665,0.16,Producer Manufacturing,TradingView scanner (pasar),0
0,0.17377570329165198,5.3995,fluktuatif,55,193,BKSL,PT Sentul City Tbk,2927430000,0.6053055582458025,10.186128345217151,6.088678503481111,1,0,77,0,0,51,0.28,Finance,TradingView scanner (pasar),0
0,0.841860965222911,89.6238,fluktuatif,580,645,ERAA,PT Erajaya Swasembada Tbk,13710446000,1.0030344212359956,6.47149529477661,15.753050602076602,1,0,645,0,0,515,0.3,Distribution Services,TradingView scanner (pasar),0
0,0.50641551241315,150.2161,fluktuatif,1380,2130,CMNP,PT Citra Marga Nusaphala Persada Tbk,47748000,0.6249593266959935,9.186764933985105,6.67624919314259,1,0,1535,0,0,1350,0.17,Transportation,TradingView scanner (pasar),0
0,0.659719474490675,25.9409,fluktuatif,605,1650,HEAL,PT Medikaloka Hermina Tbk,1174365500,1.6376689631116554,23.322244023915903,7.242221189555551,1,0,715,0,0,575,0.19,Health Services,TradingView scanner (pasar),0
0,0.0730687713487575,32.357,fluktuatif,180,214,DMAS,PT Puradelta Lestari Tbk,5183568000,1.312535862307988,5.562938467719504,23.5352689716962,1,0,214,0,0,175,0.22,Finance,TradingView scanner (pasar),0
0,1.3180551524670099,131.4495,fluktuatif,1470,4420,WIFI,PT Solusi Sinergi Digital Tbk,73997889000,0.47511893447048154,11.183001837207444,10.4136925917304,1,0,2160,0,0,1430,3.9,Technology Services,TradingView scanner (pasar),0
0,0,0,fluktuatif,426,856,XSPI,Dana Investasi Real Estat Simas Plaza Indonesia,42600,0.9011510109941269,,,0,0,500,0,0,426,0.05,Finance,TradingView scanner (pasar),0
0,1.35099034715005,0.7278,fluktuatif,484,765,BMAS,PT Bank Kasikorn Indonesia Tbk,13455200,1.3475454834883218,665.0178620500137,0.20278046487706697,1,0,630,0,0,470,0.21,Finance,TradingView scanner (pasar),0
0,0.000292070676214099,340.8186,fluktuatif,4700,4950,DUTI,PT Duta Pertiwi Tbk,1880000,0.8025675591083024,13.790327171110967,6.05087289923182,1,0,4820,0,0,4380,0.8,Finance,TradingView scanner (pasar),0
0,0.134445894610026,26.5531,fluktuatif,254,450,MIDI,PT Midi Utama Indonesia Tbk,133350000,1.8698293972074906,9.565738087078344,20.2245171507612,1,0,282,1,0,252,0.14,Retail Trade,TradingView scanner (pasar),0
0,0.436149025742972,141.0385,fluktuatif,560,930,SIMP,PT Salim Ivomas Pratama Tbk,1501472000,0.42461371677003384,3.9705470492099675,10.9092259980846,1,0,665,0,0,545,0.23,Consumer Non-Durables,TradingView scanner (pasar),0
0,1.06609666242665,4.0367,fluktuatif,128,342,BIPI,PT Astrindo Nusantara Infrastruktur Tbk,6154560000,1.0487361623155176,31.709069289270943,3.2880955839367494,1,0,165,0,0,119,0.13,Energy Minerals,TradingView scanner (pasar),0
0,0.0558780896554996,-10.3166,fluktuatif,1010,1575,NATO,PT Olympus Strategic Indonesia Tbk,15857000,10.082013687581355,,-5.70847357729131,1,0,1575,0,0,930,0.03,Consumer Services,TradingView scanner (pasar),0
0,0.00967693414549085,74.6958,fluktuatif,2060,2150,BBMD,PT Bank Mestika Dharma Tbk,824000,1.522717683839369,27.578525164734828,5.63557272555964,1,0,2060,0,0,1900,0.05,Finance,TradingView scanner (pasar),0
0,2.77629374806659,137.1204,fluktuatif,755,900,BJBR,PT Bank Pembangunan Daerah Jawa Barat & Banten Tbk,583841500,0.4663796918144465,5.506109958839094,8.85352903531081,1,0,810,1,0,745,0.06,Finance,TradingView scanner (pasar),0
0,0.220878883116361,223.043,fluktuatif,4420,7850,SGRO,PT Prime Agri Resources Tbk,442000,1.5950515870176873,19.816806624731555,7.4982091707097105,1,0,5075,0,0,4050,0.01,Process Industries,TradingView scanner (pasar),0
0,0.584611411380669,27.8894,fluktuatif,1370,13725,TCPI,PT Transcoal Pacific,1489053000,3.317149517730043,49.12260572117005,6.60182426365825,1,0,2440,0,0,1340,0.25,Transportation,TradingView scanner (pasar),0
0,0.39454269429732003,-43.4084,fluktuatif,680,850,INPP,PT Indonesian Paradise Property Tbk,13192000,1.338939683819239,,-8.27790479263456,1,0,760,0,0,650,0.32,Consumer Services,TradingView scanner (pasar),0
0,1.22854049128093,104.3648,fluktuatif,510,605,BJTM,PT Bank Pembangunan Daerah Jawa Timur Tbk Class B,385968000,0.5607539647119509,4.886705095971055,12.2430714016012,1,0,535,1,0,505,0.13,Finance,TradingView scanner (pasar),0
0,0.427793330435196,43.6815,fluktuatif,1660,2320,SSIA,PT Surya Semesta Internusa Tbk,4919244000,1.403770631083776,38.00235797763355,3.63876111096857,1,0,1940,0,0,1585,0.22,Industrial Services,TradingView scanner (pasar),0
0,0.21329538525178401,84.1135,fluktuatif,570,925,TLDN,PT Teladan Prima Agro Tbk,329460000,2.0246354084508353,6.776557865265385,31.1178368583414,1,0,670,0,0,560,0.64,Process Industries,TradingView scanner (pasar),0
0,0.554920405139537,14.5942,fluktuatif,324,1900,RMKE,PT RMK Energy Tbk,3526351200,3.642612085647254,22.20060023845089,17.1343096712999,0,0,442,0,0,324,0.16,Distribution Services,TradingView scanner (pasar),0
0,0.44159266322494506,7.1584,fluktuatif,89,128.431352,CNMA,PT Nusantara Sejahtera Raya Tbk,406329500,1.7567636387035952,12.432945909700491,14.7656529655959,1,0,94,1,0,87,0.38,Consumer Services,TradingView scanner (pasar),0
0,3.81221519090421,-1.6221,fluktuatif,40,98,BBKP,PT Bank KB Indonesia Tbk Class B,857392000,0.9318364002787123,,-3.01059859029134,1,0,55,0,0,38,0.21,Finance,TradingView scanner (pasar),0
0,0.0313041050557694,157.4355,fluktuatif,930,1480,BTPS,PT Bank BTPN Syariah Tbk,534750000,0.7193936133766617,5.907181036043332,12.1583772095739,1,0,1080,0,0,915,0.04,Finance,TradingView scanner (pasar),0
0,0.00269535819994783,79.9802,fluktuatif,6100,6350,PKPK,PT Paragon Karya Perkasa Tbk,5034330000,28.27637158712307,76.26887654694538,34.5400464548861,1,0,6350,0,0,3660,0.22,Industrial Services,TradingView scanner (pasar),0
0,0.332632748555721,11.7276,fluktuatif,785,1135,FORE,PT Fore Kopi Indonesia Tbk,986666500,10.286570757389066,66.9361165114772,,1,0,845,0,0,730,0.36,Consumer Services,TradingView scanner (pasar),0
0,1.03818500404355,504.7606,fluktuatif,2600,3190,ABMM,PT ABM Investama Tbk,310960000,0.4907695997060033,5.150956710963573,9.3951242450592,1,0,2980,0,0,2500,0.18,Energy Minerals,TradingView scanner (pasar),0
0,2.35856267986072,98.2958,fluktuatif,2620,7300,SHIP,PT Sillo Maritime Perdana Tbk,59212000,2.808289070356527,26.654241585093157,10.4769418821879,1,0,2900,0,0,2220,0.35,Transportation,TradingView scanner (pasar),0
0,0.022027484912342,306.4488,fluktuatif,2650,2900,EPMT,PT Enseval Putera Megatrading Tbk,200605000,0.9175426922833367,8.647447795520817,10.5757821941131,1,0,2900,0,0,2360,1.25,Distribution Services,TradingView scanner (pasar),0
0,7.9578223809981505,10.2608,fluktuatif,2780,4310,CLAY,PT Citra Putra Realty Tbk,278000,418.82797469555874,270.93404023078125,166.126124604216,1,0,2860,0,0,2500,0.01,Consumer Services,TradingView scanner (pasar),0
0,0.599321377593607,11.5105,fluktuatif,118,204,TMAS,PT Temas Tbk,182133000,2.2283331426031237,10.251509491334,21.6679819079296,1,0,154,0,0,114,0.19,Transportation,TradingView scanner (pasar),0
0,0.12497603484057701,-19.7922,fluktuatif,605,14750,FILM,PT MD Entertainment Tbk,2001158500,1.9293636681176864,,-7.25792182572325,1,0,965,0,0,590,0.24,Consumer Services,TradingView scanner (pasar),0
0,0.142602561435965,4.5661,fluktuatif,480,985,CYBR,PT ITSEC Asia Tbk,3170496000,25.139853528928377,105.12253345305622,23.5979838779358,1,0,545,0,0,466,0.24,Technology Services,TradingView scanner (pasar),0
0,2.5186705755791103,8.3903,fluktuatif,50,105,GMFI,PT Garuda Maintenance Facility Aero Asia Tbk,1796900000,3.1462628375389428,5.959262481675268,,1,0,62,0,0,48,0.33,Transportation,TradingView scanner (pasar),0
0,0.945043416516277,57.3509,fluktuatif,396,474,SMDR,PT Samudera Indonesia Tbk,4044308400,0.7118299906953395,6.904861126852412,10.0526460450283,1,0,414,0,0,320,0.31,Transportation,TradingView scanner (pasar),0
0,0.286789789843005,0,fluktuatif,193,334,PNLF,PT Panin Financial Tbk,1018711900,0.19467111721824776,,,1,0,232,0,0,190,0.08,Commercial Services,TradingView scanner (pasar),0
0,1.83071379528379,0.0663,fluktuatif,162,304,MDIA,PT Intermedia Capital Tbk,26607981600,6.857311205947067,2443.4389140271496,0.283681473893341,1,0,304,0,0,144,0.98,Consumer Services,TradingView scanner (pasar),0
0,0.711806596957138,67.8844,fluktuatif,498,625,MTDL,PT Metrodata Electronics Tbk,46563000,1.2974346876458556,7.336000612806477,18.7581323188056,1,0,525,1,0,492,0.06,Electronic Technology,TradingView scanner (pasar),0
0,0.0680154759888678,15.07,fluktuatif,920,1295,VICI,PT Victoria Care Indonesia Tbk,702512000,5.651021649432484,61.048440610484406,9.35872736443155,1,0,1280,0,0,830,0.13,Consumer Non-Durables,TradingView scanner (pasar),0
0,0.486905994710286,2.6702,fluktuatif,270,710,INET,PT Sinergi Inti Andalan Prima Tbk,78170616000,9.81493039942041,103.32159804071637,2.55234125311822,1,0,386,0,0,258,0.94,Communications,TradingView scanner (pasar),0
0,0.527334586994771,-0.3306,fluktuatif,1550,2000,BOGA,PT Apollo Global Interactive Tbk,155000,12.778744611182788,,-0.270736040512478,0,0,1970,0,0,1550,0.02,Retail Trade,TradingView scanner (pasar),0
0,0.09282373712718639,16.0133,fluktuatif,214,318,OMED,PT Jayamas Medica Industri Tbk,68480000,2.12455153596141,13.363891265385647,16.185886132066,1,0,300,0,0,202,0.04,Health Technology,TradingView scanner (pasar),0
0,0,51.0395,fluktuatif,595,955,DMND,PT Diamond Food Indonesia Tbk,22491000,0.8608109368532388,11.657637711968182,7.489441341093811,1,0,750,0,0,585,0.29,Consumer Non-Durables,TradingView scanner (pasar),0
0,0.0181495797823594,2481.528,fluktuatif,14950,16100,UNIC,PT Unggul Indah Cahaya Tbk,13455000,1.101445592452002,6.024513928515012,18.4602598718036,1,0,15700,1,0,14775,0.08,Consumer Non-Durables,TradingView scanner (pasar),0
0,0.155382414132219,44.7267,fluktuatif,322,464,ACES,PT Aspirasi Hidup Indonesia Tbk,3493184800,0.8452831520052216,7.199279177761829,12.2068326734835,1,0,360,0,0,320,0.76,Retail Trade,TradingView scanner (pasar),0
0,0.228145825447622,48.7592,fluktuatif,625,745,MTLA,PT Metropolitan Land Tbk,146125000,0.8722281374796221,12.818093816141364,6.872056194816451,1,0,745,0,0,510,0.16,Finance,TradingView scanner (pasar),0
0,1.4591080175733,100.7195,fluktuatif,785,930,TRIM,PT Trimegah Sekuritas Indonesia Tbk,5652000,2.6901127527348083,7.793922725986527,36.0000821926858,1,0,930,0,0,655,0.01,Finance,TradingView scanner (pasar),0
0,0,-105.9139,fluktuatif,330,620,UNSP,PT Bakrie Sumatera Plantations Tbk,2058870000,-0.15653847699161888,,,1,0,400,0,0,230,0.24,Distribution Services,TradingView scanner (pasar),0
0,0.152752516328887,15.0762,fluktuatif,570,2199.0482,ELPI,PT Pelayaran Nasional Ekalya Purnamasari Tbk,112233000,1.955538264480375,37.8079356867115,5.81699980804998,1,0,775,0,0,560,0.2,Transportation,TradingView scanner (pasar),0
0,0.0032406482698755,44.2249,fluktuatif,3570,4400,YULE,PT Yulie Sekuritas Indonesia Tbk,1071000,8.118125133326561,80.72375516959903,11.7448732319188,1,0,4400,0,0,3370,0.01,Finance,TradingView scanner (pasar),0
0,0.6024576024810699,85.336,fluktuatif,348,685,BULL,PT Buana Lintas Lautan Tbk,38514447600,1.6112359072996718,4.0779975625761695,35.0592699298826,1,0,478,0,0,332,0.32,Transportation,TradingView scanner (pasar),0
0,0.0770694177776756,234.5083,fluktuatif,1365,1705,TUGU,PT Asuransi Tugu Pratama Indonesia Tbk,1355172000,0.5154487738700929,5.8206895022478955,8.69902560366952,1,0,1705,0,0,1290,0.38,Finance,TradingView scanner (pasar),0
0,0.12167914537657101,3.4094,fluktuatif,198,314,MAYA,PT Bank Mayapada Internasional Tbk Class A,137174400,0.30361556920397836,58.07473455740013,0.370530262470194,1,0,222,0,0,192,0.1,Finance,TradingView scanner (pasar),0
0,0.49266130408875203,-228.8137,fluktuatif,1570,2700,ANJT,PT Austindo Nusantara Jaya Tbk,1099000,1.3974321267883583,,-8.09226769266229,1,0,1625,0,0,1500,0.02,Process Industries,TradingView scanner (pasar),0
0,1.4513482977644099,45.4594,fluktuatif,1340,2190,BALI,PT Bali Towerindo Sentra Tbk,12864000,2.1432378646153425,29.476851872220045,7.29032857049694,1,0,1500,0,0,1245,0.35,Industrial Services,TradingView scanner (pasar),0
0,0.46397684117952404,51.0658,fluktuatif,620,780,SOCI,PT Soechi Lines Tbk,1385824000,0.6461925221392333,12.141198218768725,5.09134746160707,1,0,730,0,0,550,0.09,Transportation,TradingView scanner (pasar),0
0,0,149.4345,fluktuatif,1540,1680,TOTL,PT Total Bangun Persada Tbk,873180000,3.9418797980068163,10.305518471303479,43.6390363074804,1,0,1680,0,0,1400,0.16,Industrial Services,TradingView scanner (pasar),0
0,0.0805967871452124,4.4999,fluktuatif,530,685,HATM,PT Habco Trans Maritima Tbk,4596213000,2.8687038108240306,117.78039511989155,2.38795608020866,1,0,615,0,0,498,1.35,Transportation,TradingView scanner (pasar),0
0,0.130671444522135,212.0031,fluktuatif,3150,4000,MBSS,PT Mitrabahtera Segara Sejati Tbk,37123695000,1.4122376480517098,14.858273298833838,9.46528821352212,1,0,3300,0,0,2820,9.23,Transportation,TradingView scanner (pasar),0
0,0.23471742187622202,1.2709,fluktuatif,292,444,SAME,PT Sarana Meditama Metropolitan Tbk,38368800,1.3178637789202274,229.75843890156582,0.572078489110796,1,0,330,0,0,286,0.42,Health Services,TradingView scanner (pasar),0
0,0.167627502303556,15.2351,fluktuatif,820,920,MSJA,PT Multi Spunindo Jaya Tbk,190978000,3.369508846008556,53.8230795990837,6.39868567435886,1,0,920,0,0,436,0.01,Process Industries,TradingView scanner (pasar),0
0,0.533501946602745,8.7969,fluktuatif,390,2410,APIC,PT Pacific Strategic Financial Tbk Class A,229788000,1.473297614051179,44.333799406609145,3.5216895048936605,1,0,515,0,0,380,0.54,Finance,TradingView scanner (pasar),0
0,0.081528106741514,111.8901,fluktuatif,625,1050,ELSA,PT Elnusa Tbk,1776625000,0.8586367162456787,5.585838246636655,15.739323513417599,1,0,775,0,0,615,0.15,Energy Minerals,TradingView scanner (pasar),0
0,0.18800965691471302,6.5013,fluktuatif,44,300,KPIG,PT MNC Tourism Indonesia Tbk,5307596800,0.15454269832113243,6.767877193792011,2.21487015023337,1,0,89,0,0,37,0.2,Finance,TradingView scanner (pasar),0
0,0.00191452546741666,151.934,fluktuatif,3280,3800,MASB,PT Bank Multiarta Sentosa Tbk,328000,1.1202133798839369,21.58832124475101,5.24252778830337,1,0,3400,0,0,3100,0.01,Finance,TradingView scanner (pasar),0
0,3.12022270017352,-584.432,fluktuatif,1550,5300,LINK,PT Link Net Tbk,11935000,1.2016784082663938,,-45.7535998107099,1,0,1905,0,0,1490,0.34,Communications,TradingView scanner (pasar),0
0,0,1.6225,fluktuatif,3010,3500,SURE,PT Super Energy Tbk,301000,-14.59469442613104,1855.1617873651771,,1,0,3500,0,0,2630,0.05,Energy Minerals,TradingView scanner (pasar),0
0,1.00880643998945,9.9327,fluktuatif,462,700,BPII,PT Batavia Prosperindo Internasional Tbk,2448600,3.1618439079788447,46.513032710139235,6.60423077016516,1,0,498,0,0,434,0.6,Commercial Services,TradingView scanner (pasar),0
0,0.08122893877453781,461.9198,fluktuatif,4990,5550,TGKA,PT Tigaraksa Satria Tbk,998000,1.9689425318272162,10.802741081893437,19.2938269258186,1,0,5100,0,0,4700,0.08,Distribution Services,TradingView scanner (pasar),0
0,2.5829762080685703,58.0364,fluktuatif,3560,8000,UANG,PT Pakuan Tbk,304380000,10.69963950930852,61.34081369623202,22.6986299820122,1,0,4690,0,0,2570,0.16,Finance,TradingView scanner (pasar),0
0,0.192354365258102,-18.9176,fluktuatif,364,386,GGRP,PT Gunung Raja Paksi Tbk,455109200,0.40456345352702366,,-2.02173026143432,1,0,386,0,0,308,0.26,Non-Energy Minerals,TradingView scanner (pasar),0
0,0.00377497951422808,88.5547,fluktuatif,1165,1265,MARK,PT Mark Dynamics Indonesia Tbk,4888223500,4.920123796227308,13.155710538232302,38.098569477258,1,0,1265,0,0,1060,0.27,Non-Energy Minerals,TradingView scanner (pasar),0
0,0.132803326048362,147.7725,fluktuatif,930,1200,DRMA,PT Dharma Polimetal Tbk,80445000,1.5766742271303995,6.293457849058519,27.301134026898705,1,0,1040,0,0,900,0.1,Producer Manufacturing,TradingView scanner (pasar),0
0,0.9619240339692181,1.0525,fluktuatif,930,940,MMIX,PT Multi Medika Internasional Tbk,22582260000,23.98391375694083,883.6104513064133,2.72698142810923,1,0,940,0,0,735,1.07,Distribution Services,TradingView scanner (pasar),0
0,0.663876533439921,35.4719,fluktuatif,270,496,PALM,PT Provident Investasi Bersama Tbk,9153000,0.7151561804419564,7.611658805984455,11.739405719678,1,0,302,0,0,268,0.1,Process Industries,TradingView scanner (pasar),0
0,0.0091535811616871,124.6098,fluktuatif,1015,1150,MPMX,PT Mitra Pinasthika Mustika Tbk,1299504500,0.743106022399163,8.145426764187086,9.50506166192059,1,0,1060,1,0,1005,0.62,Distribution Services,TradingView scanner (pasar),0
0,0.527420758378337,456.0283,fluktuatif,1230,1455,GJTL,PT Gajah Tunggal Tbk,2350407000,0.40981816231532014,2.6972010289712283,15.320143995866001,1,0,1410,0,0,1200,0.7,Consumer Durables,TradingView scanner (pasar),0
0,0,0,fluktuatif,1315,1950,JECX,PT Nitrasanata Dharma Tbk,424482000,5.775374558293644,,,1,0,1880,0,0,1260,0.07,Health Services,TradingView scanner (pasar),0
0,0.0460612663125334,177.6594,fluktuatif,1315,1665,MSTI,PT Mastersystem Infotama Tbk,156090500,1.801627816629307,7.401803676022771,26.8074845377584,0,0,1450,1,0,1315,0.16,Technology Services,TradingView scanner (pasar),0
0,1.73675786097707,378.5555,fluktuatif,214,436,KRAS,PT Krakatau Steel (Persero) Tbk Class B,192471600,0.36841209240732464,0.5653068044183746,83.4748443511143,1,0,264,0,0,204,0.32,Non-Energy Minerals,TradingView scanner (pasar),0
0,0.0952489541951739,15.2768,fluktuatif,224,302,AMAR,PT Bank Amar Indonesia Tbk,2979200,1.1791840120335728,14.662756598240469,8.08466495723683,1,0,240,0,0,210,0.01,Finance,TradingView scanner (pasar),0
0,1.26759245108451,36.0677,fluktuatif,234,424,SMRA,PT Summarecon Agung Tbk,1484566200,0.3314591020900408,6.487799332921145,5.11210038853354,1,0,342,0,0,232,0.11,Finance,TradingView scanner (pasar),0
0,0.134679999557539,51.1995,fluktuatif,575,735,JTPE,PT Jasuindo Tiga Perkasa Tbk,325852500,2.8355613119367957,11.230578423617418,28.382852160001704,1,0,625,1,0,570,0.46,Commercial Services,TradingView scanner (pasar),0
0,0.472653132491007,8.6853,fluktuatif,452,625,SMIL,PT Sarana Mitra Luas Tbk,8222648400,5.345901089475719,52.041955948556755,9.8558018934187,1,0,468,0,0,394,0.36,Finance,TradingView scanner (pasar),0
0,2.3883273409574803,-134.4626,fluktuatif,460,1575,TOBA,PT TBS Energi Utama Tbk,601082000,1.1723441168433584,,-33.4660941998773,1,0,625,0,0,454,0.18,Energy Minerals,TradingView scanner (pasar),0
0,0.00278727891738674,-4.7443,fluktuatif,915,1165,TFCO,"PT Tifico Fiber Indonesia, Tbk",25162500,0.848304257867139,,-0.43151851078776493,1,0,1105,0,0,735,1.44,Process Industries,TradingView scanner (pasar),0
0,0.0810524278801666,82.3387,fluktuatif,520,570,PBID,PT Panca Budi Idaman Tbk,30160000,1.32753361130015,6.315377823550772,21.7160555957485,1,0,535,1,0,515,0.06,Process Industries,TradingView scanner (pasar),0
0,0.00168287831395936,10.1671,fluktuatif,350,2010,NICL,PT PAM Mineral Tbk,5010460000,4.810340638087563,34.4247622232495,12.1635828185575,1,0,520,0,0,344,0.51,Non-Energy Minerals,TradingView scanner (pasar),0
0,0.35689270078783303,248.1719,fluktuatif,1555,1935,BIRD,PT Blue Bird Tbk,63288500,0.6266941573279532,6.2658181687773675,10.3237833849452,1,0,1640,1,0,1525,0.07,Transportation,TradingView scanner (pasar),0
0,0.00795683089512318,59.9625,fluktuatif,515,560,ARNA,PT Arwana Citramulia Tbk,404120500,1.908707237035829,8.588701271628102,23.8392120850294,1,0,540,0,0,496,0.15,Producer Manufacturing,TradingView scanner (pasar),0
0,4.30709856668562,8.227,fluktuatif,1150,1890,ARGO,PT Argo Pantes Tbk,102810000,18.90622708647478,139.78363923665978,17.8287191155262,1,0,1340,0,0,1115,0.26,Process Industries,TradingView scanner (pasar),0
0,0.0838132414935687,230.7985,fluktuatif,1805,3170,CASS,PT Cahaya Aero Services Tbk,6678500,2.446879931208648,7.820674744419916,31.5451096294241,1,0,1885,1,0,1765,0.02,Transportation,TradingView scanner (pasar),0
0,0,0.7168,fluktuatif,1415,3750,EURO,PT Estee Gold Feet Tbk,7130609500,68.04798464952884,1974.0513392857142,3.5314184968877402,1,0,1705,0,0,1270,1.95,Consumer Non-Durables,TradingView scanner (pasar),0
0,1.84714667520593,136.7498,fluktuatif,1900,5050,DAAZ,PT Daaz Bara Lestari Tbk,179360000,2.3815004841841168,13.89398741350993,,1,0,1940,0,0,1540,0.16,Distribution Services,TradingView scanner (pasar),0
0,4.83749434826182,-10.1497,fluktuatif,168,384,NIRO,PT City Retail Developments Tbk,3847200,2.188479401523833,,-13.0691245347219,1,0,236,0,0,152,0.02,Finance,TradingView scanner (pasar),0
0,0.36367569052057297,13.0241,fluktuatif,1135,1275,MKAP,PT Multikarya Asia Pasifik Raya Tbk,2033239000,11.407082179936621,87.14613677720533,13.265170686494502,1,0,1150,0,0,1100,1.02,Producer Manufacturing,TradingView scanner (pasar),0
0,1.82714415324122,78.5294,fluktuatif,505,745,NOBU,PT Bank Nationalnobu Tbk,415867500,0.9060404966372173,6.430712573889524,14.066291443231203,1,0,570,0,0,474,0.09,Finance,TradingView scanner (pasar),0
0,0.050198545522858795,21.2201,fluktuatif,194,290,PSGO,PT Palma Serasih Tbk.,2056400,1.3396541068339622,9.142275484092913,15.119939727471202,1,0,204,1,0,189,0.09,Consumer Non-Durables,TradingView scanner (pasar),0
0,0.337514877804259,120.7748,fluktuatif,645,1055,DKFT,PT Central Omega Resources Tbk,376422000,2.88766370367001,5.340518055090962,50.668702191284694,1,0,730,0,0,625,0.18,Non-Energy Minerals,TradingView scanner (pasar),0
0,0.304867579776172,7.4201,fluktuatif,236,1125,BANK,PT Bank Aladin Syariah Tbk,57466000,0.9989650552711281,31.805501273567742,3.2396478850956796,1,0,286,0,0,216,0.08,Finance,TradingView scanner (pasar),0
0,1.97691717941311,147.1155,fluktuatif,600,815,TBLA,PT Tunas Baru Lampung Tbk,120600000,0.3899244788420511,4.078428173781824,9.52944621146622,1,0,650,1,0,585,0.16,Process Industries,TradingView scanner (pasar),0
0,8.28736783602182,346.9676,fluktuatif,1560,1990,LPPF,PT MDS Retailing Tbk Class A,981240000,12.731740113844609,4.496097041914,229.17578669513904,1,0,1665,1,0,1525,0.19,Retail Trade,TradingView scanner (pasar),0
0,0,97.3684,fluktuatif,2690,4530,TEBE,PT Dana Brata Luhur Tbk,187992533000,2.8390320939596774,27.62703300043957,11.6449632948798,1,0,2820,0,0,1610,2.08,Industrial Services,TradingView scanner (pasar),0
0,0,1552.2475,fluktuatif,13325,18900,RDTX,PT Roda Vivatex Tbk,17322500,1.085691842627738,8.58432691951509,12.5834263247182,1,0,13800,0,0,12800,0.71,Finance,TradingView scanner (pasar),0
0,4.0136720673001705,25.1053,fluktuatif,850,1465,IMAS,PT Indomobil Sukses Internasional Tbk,4250000,0.2526221623193984,33.8573926621072,0.727640393932107,1,0,1100,0,0,830,0.06,Consumer Durables,TradingView scanner (pasar),0
0,0.0130355913215963,224.5426,fluktuatif,2460,2650,ASGR,PT Astra Graphia Tbk,2427774000,1.5859533836595885,10.95560486072576,15.4942907424081,1,0,2650,0,0,2040,0.35,Technology Services,TradingView scanner (pasar),0
0,0.6237140321411551,33.918,fluktuatif,560,815,ROTI,PT Nippon Indosari Corpindo Tbk,59752000,1.5426215310298321,16.51040745326965,11.0132952076549,1,0,595,1,0,555,0.16,Consumer Non-Durables,TradingView scanner (pasar),0
0,3.8599578833627404,9.5844,fluktuatif,402,920,BEEF,PT Estika Tata Tiara Tbk,163533600,8.367596420417184,41.94315763115062,22.0892578703367,1,0,486,0,0,380,0.09,Consumer Non-Durables,TradingView scanner (pasar),0
0,89.3579482586216,0,fluktuatif,720,2000,CBRE,PT Cakra Buana Resources Energi Tbk,2271816000,69.65344508841633,,,1,0,805,0,0,685,0.17,Transportation,TradingView scanner (pasar),0
0,0.11720931911435199,34.4176,fluktuatif,575,810,KEJU,PT Mulia Boga Raya Tbk,1782500,3.8272666054614626,16.70656873227651,24.016306981566,0,0,630,1,0,575,0.03,Consumer Non-Durables,TradingView scanner (pasar),0
0,0.545854828440944,-21.0553,fluktuatif,134,268,AGRO,PT Bank Raya Indonesia Tbk,96118200,1.0979931880174856,,-16.1881039506672,1,0,157,0,0,130,0.12,Finance,TradingView scanner (pasar),0
0,0.80338649735942,-3.0936,fluktuatif,153,364,KIJA,PT Kawasan Industri Jababeka Tbk Class A,7749205200,0.5080050303787008,,-1.07420031790647,1,0,216,0,0,151,0.21,Finance,TradingView scanner (pasar),0
0,0.060356169453101904,2.7354,fluktuatif,158,454,GOLF,PT Intra Golflink Resorts Tbk,149420600,0.3839852580768565,57.76120494260437,0.666422599637314,1,0,189,0,0,156,0.29,Commercial Services,TradingView scanner (pasar),0
0,1.55556055595059,12.8855,fluktuatif,101,193,BWPT,PT Eagle High Plantations Tbk.,2633261900,1.1272302557529201,7.8382678204183,14.339467199969699,1,0,137,0,0,98,0.15,Process Industries,TradingView scanner (pasar),0
0,0.0652729886636048,63.9631,fluktuatif,1370,3690,IFSH,PT Ifishdeco Tbk,16851000,3.0944773292266383,21.41859916107881,15.2708769696169,1,0,1945,0,0,935,0.1,Non-Energy Minerals,TradingView scanner (pasar),0
0,0,38.7872,fluktuatif,4570,8000,ALKA,"PT Alakasa Industrindo, Tbk Class A",782384000,9.930193132478337,117.82237439155186,8.83151620987792,1,0,8000,0,0,3650,0.72,Non-Energy Minerals,TradingView scanner (pasar),0
0,0.00352408493840446,-1.4643,fluktuatif,1085,1470,VISI,PT Satu Visi Putra Tbk,111321000,26.330100838219366,,-2.46695858639283,1,0,1470,0,0,940,0.04,Distribution Services,TradingView scanner (pasar),0
0,0.326650522743604,10.1178,fluktuatif,44,143,LPKR,PT Lippo Karawaci Tbk,1044203600,0.10351252582725741,4.348771472059143,2.35569801519786,1,0,64,0,0,39,0.08,Finance,TradingView scanner (pasar),0
0,0.915861112549824,195.0606,fluktuatif,1340,4770,JSPT,PT Jakarta Setiabudi Internasional Tbk,268000,1.277945289807903,6.86965999284325,18.4236691307072,0,0,1555,0,0,1340,0.0,Consumer Services,TradingView scanner (pasar),0
0,0,5.9493,fluktuatif,765,795,NEST,PT Esta Indonesia Tbk,1113228000,8.544989369027933,128.58655640159347,6.67490597507317,1,0,795,0,0,710,0.17,Process Industries,TradingView scanner (pasar),0
0,0.08355725033030341,275.6811,fluktuatif,1445,2160,WIIM,PT Wismilak Inti Makmur Tbk,378445500,1.3627842098258383,5.241563531196008,27.2305430037228,1,0,1680,0,0,1375,0.08,Consumer Non-Durables,TradingView scanner (pasar),0
0,0.56436596228254,26.6764,fluktuatif,845,1490,KEEN,PT Kencana Energi Lestari Tbk,1705125500,1.0636780761812281,31.675938282526875,3.2119532438559903,1,0,990,0,0,810,0.27,Utilities,TradingView scanner (pasar),0
0,0.8182582101201019,26.7509,fluktuatif,352,380,SAMF,PT Saraswanti Anugerah Makmur Tbk,2570726400,1.9701429316308912,13.15843579094535,16.8201951824475,1,0,370,0,0,278,44.69,Process Industries,TradingView scanner (pasar),0
0,0,0,fluktuatif,4910,5450,ABDA,PT Asuransi Bina Dana Arta Tbk Class A,982000,1.712517473476723,,,1,0,5450,0,0,3990,0.05,Finance,TradingView scanner (pasar),0
0,2.6855525701987397,74.7619,fluktuatif,925,1750,CBUT,PT Citra Borneo Utama Tbk,9712500,2.602724616541286,12.372612253032628,20.2598571592096,1,0,1275,0,0,875,0.13,Consumer Non-Durables,TradingView scanner (pasar),0
0,0.057919492044607605,0,fluktuatif,486,750,ASLI,PT Asri Karya Lestari Tbk,332734797000,8.091463506001169,,,1,0,505,0,0,250,3.77,Industrial Services,TradingView scanner (pasar),0
0,0.579186749671005,33.4207,fluktuatif,1240,1410,ALDO,PT Alkindo Naratama Tbk,343728000,3.1866862305215413,37.102753682597914,8.44884578530155,1,0,1410,0,0,905,0.65,Process Industries,TradingView scanner (pasar),0
0,0.716595844935713,-37.4307,fluktuatif,206,332,SDRA,PT Bank Woori Saudara Indonesia 1906 Tbk,144200,0.28511969054714315,,-4.41345167810517,1,0,228,0,0,200,0.0,Finance,TradingView scanner (pasar),0
0,2.17829557424742,9.7572,fluktuatif,146,230,VICO,PT Victoria Investama Tbk,8803800,0.5885522871464374,14.963309146066496,3.9965252278587404,1,0,204,0,0,145,0.06,Finance,TradingView scanner (pasar),0
0,0.381752174741235,25.1623,fluktuatif,420,1260,SKRN,PT Superkrane Mitra Utama,6342000,4.773553422938993,16.691637886838645,30.5946109325752,1,0,480,0,0,380,0.07,Finance,TradingView scanner (pasar),0
0,0.521643498578014,279.9776,fluktuatif,3460,4700,HEXA,PT Hexindo Adiperkasa Tbk,423850000,1.0364843137475404,12.35813150766347,7.93544760313018,1,0,4510,0,0,3400,0.07,Distribution Services,TradingView scanner (pasar),0
0,0.023438788096770403,29.6351,fluktuatif,204,300,MDLA,PT Medela Potentia Tbk,95737200,0.9416498369837959,6.883729091516479,13.7221042015896,1,0,226,1,0,202,0.41,Distribution Services,TradingView scanner (pasar),0
0,0.79474914040827,32.9101,fluktuatif,580,2900,FISH,PT FKS Multi Agro Tbk,29696000,0.9899695939373443,17.623768994928607,5.48158455900276,1,0,820,0,0,560,0.32,Consumer Non-Durables,TradingView scanner (pasar),0
0,0.43621333816019997,1.672,fluktuatif,91,198,IATA,PT Karya Pacific Energy Tbk,4510542400,1.2665158538557613,54.42583732057417,2.25839332165443,1,0,145,0,0,88,0.13,Distribution Services,TradingView scanner (pasar),0
0,9.95674881657953,-76.2411,fluktuatif,92,200,CENT,PT Centratama Telekomunikasi Indonesia Tbk,66966800,0.7752371066904057,,-78.8162614455355,1,0,129,0,0,85,0.05,Communications,TradingView scanner (pasar),0
0,0.191801144658782,422.2676,fluktuatif,3430,4720,PNGO,PT AEP Pinago Plantations Tbk,4459000,2.2967734498024694,8.122811222078132,28.0097789152226,1,0,3700,1,0,3360,0.58,Process Industries,TradingView scanner (pasar),0
0,0.620085499135714,79.6575,fluktuatif,392,570,ISSP,PT Steel Pipe Industry of Indonesia Tbk,57741600,0.48721952344312663,4.921068323761102,10.295120541922,1,0,468,0,0,382,0.04,Non-Energy Minerals,TradingView scanner (pasar),0
0,0.000571864246001595,5.4284,fluktuatif,830,1400,BNBA,PT Bank Bumi Arta Tbk,69637000,0.8711959739493931,152.89956524942895,0.569344079547918,1,0,905,0,0,750,0.1,Finance,TradingView scanner (pasar),0
0,1.12753944847313,4.5673,fluktuatif,58,97,AGRS,PT Bank IBK Indonesia Tbk,5626000,0.4774036615873112,12.698968756157905,3.7569283898467103,1,0,68,0,0,53,0.02,Finance,TradingView scanner (pasar),0
0,0.13793897810695302,144.9839,fluktuatif,4060,4860,SONA,PT Sona Topas Tourism Industry Tbk,645946000,3.6847870182666234,28.003109310757953,13.835002081594,1,0,4860,0,0,2140,1.52,Retail Trade,TradingView scanner (pasar),0
0,0.147015295066309,-26.8412,fluktuatif,138,318,INPC,PT Bank Artha Graha Internasional Tbk,36625200,0.7342125937038823,,-13.128736825085902,1,0,192,0,0,133,0.07,Finance,TradingView scanner (pasar),0
0,0.7358875995051269,-3.1816,fluktuatif,168,250,JAWA,PT Jaya Agra Wattie Tbk,315100800,2.027908364615027,,-3.72950327112084,1,0,230,0,0,134,0.03,Process Industries,TradingView scanner (pasar),0
0,0.829606006002756,0,fluktuatif,660,890,PNIN,PT Paninvest Tbk,63888000,0.12005641538272592,,,0,0,750,0,0,660,0.23,Consumer Services,TradingView scanner (pasar),0
0,0.585679995691285,25.6326,fluktuatif,955,1595,KETR,PT Ketrosden Triasmitra Tbk,8752766000,2.3284653696732573,37.257242729961064,6.11536505000621,1,0,1060,0,0,805,0.22,Industrial Services,TradingView scanner (pasar),0
0,0.0013253153258743,50.0894,fluktuatif,478,1955,FPNI,PT Lotte Chemical Titan Tbk,401854600,1.5577648876535402,9.542937228235914,15.8691407052542,1,0,685,0,0,454,0.06,Process Industries,TradingView scanner (pasar),0
0,0.0526091424651605,21.0579,fluktuatif,2880,4300,ROCK,PT Rockfields Properti Indonesia Tbk,1955520000,5.037662650471747,137.49707580003724,3.6688374296456905,1,0,2950,0,0,1850,2.49,Finance,TradingView scanner (pasar),0
0,0.00302606126562779,-9.1095,fluktuatif,1985,2060,SFAN,PT Surya Fajar Capital Tbk,17269500,24.64954493959744,,-12.1918527098747,0,0,2060,1,0,1985,0.19,Finance,TradingView scanner (pasar),0
0,0.00257516336962074,-61.2611,fluktuatif,950,1375,OMRE,PT Indonesia Prima Property Tbk,2470000,0.8558364800263576,,-5.47829969794093,1,0,1170,0,0,810,0.08,Consumer Services,TradingView scanner (pasar),0
0,0.716884809348462,55.5154,fluktuatif,945,2030,PORT,PT Nusantara Pelabuhan Handal Tbk,189000,2.3133424559809486,17.02230372112963,13.6641400719861,1,0,1080,0,0,880,0.01,Transportation,TradingView scanner (pasar),0
0,0.104527072015233,10.4322,fluktuatif,376,482,DOOH,PT Era Media Sejahtera Tbk,125397015200,12.068227854561165,36.04225379114664,30.2033845402302,1,0,482,0,0,338,1.8,Commercial Services,TradingView scanner (pasar),0
0,0.114909542190202,37.1864,fluktuatif,515,1165,LPCK,PT Lippo Cikarang Tbk,3965500,0.20638343731157993,13.849149151302628,3.4814680464756496,1,0,620,0,0,490,0.02,Finance,TradingView scanner (pasar),0
0,0.00896683876830566,240.82,fluktuatif,2850,2940,PRDA,PT Prodia Widyahusada Tbk,620445000,1.06035410558841,11.834565235445561,9.22971628932655,1,0,2940,0,0,2670,0.36,Health Services,TradingView scanner (pasar),0
0,0.0157270543006593,3.2472,fluktuatif,830,2220,BESS,PT Batulicin Nusantara Maritim Tbk,26892000,4.32313552540264,255.6048287755605,1.7421857102647103,1,0,995,0,0,720,0.18,Transportation,TradingView scanner (pasar),0
0,0.35964622109065403,-80.4327,fluktuatif,1185,1700,MAPB,PT Map Boga Adiperkasa Tbk,118500,2.0252305789103664,,-14.006264887859498,1,0,1400,0,0,1005,0.01,Consumer Services,TradingView scanner (pasar),0
0,2.09616745484759,97.0314,fluktuatif,1000,2750,BUKK,PT Bukaka Teknik Utama Tbk,4300000,0.3691817855099014,10.305942200153764,4.01240065973891,1,0,1095,0,0,900,0.12,Producer Manufacturing,TradingView scanner (pasar),0
0,0.0227290850844167,9.7377,fluktuatif,102,159,BGTG,PT Bank Ganesha Tbk,490426200,0.6627427961482428,10.474752765026649,6.370208265363171,1,0,127,0,0,101,0.97,Finance,TradingView scanner (pasar),0
0,0.39642823190665505,81.2244,fluktuatif,560,660,WINS,PT Wintermar Offshore Marine Tbk,96600000,0.8726282917467517,6.894479983847218,12.7993486738977,1,0,660,0,0,540,0.08,Transportation,TradingView scanner (pasar),0
0,0.756226932102432,7.9918,fluktuatif,66,89,MCOR,PT Bank China Construction Bank Indonesia Tbk,21661200,0.35024782687143785,8.258464926549713,4.24206915603688,1,0,72,1,0,65,0.08,Finance,TradingView scanner (pasar),0
0,7.09960476118135,-10.4954,fluktuatif,720,800,MGRO,PT Mahkota Group Tbk,1756368000,7.24123667046731,,-10.6687885452867,1,0,735,0,0,670,0.53,Process Industries,TradingView scanner (pasar),0
0,2.0967357271652403,40.6992,fluktuatif,1110,1925,DAYA,PT Duta Intidaya Tbk,5106000,19.672437957384183,27.273263356527895,69.3850702397625,1,0,1245,0,0,990,0.46,Retail Trade,TradingView scanner (pasar),0
0,0.08306326410740329,26.1656,fluktuatif,242,298,TOTO,PT Surya Toto Indonesia Tbk,7114800,0.9723390044670942,9.24878466383343,10.7379798675476,1,0,244,0,0,236,0.06,Producer Manufacturing,TradingView scanner (pasar),0
0,0.12133498563655501,40.32,fluktuatif,376,530,RALS,PT Ramayana Lestari Sentosa Tbk,267862400,0.6386441828585048,9.325396825396826,6.92468251381093,1,0,398,1,0,372,0.47,Retail Trade,TradingView scanner (pasar),0
0,0.43864342215616,17.9015,fluktuatif,104,240,APLN,PT Agung Podomoro Land Tbk,373994400,0.20454763680411467,5.809569030528168,3.55441417701636,1,0,139,0,0,102,0.14,Finance,TradingView scanner (pasar),0
0,1.3037827636719101,-25.4585,fluktuatif,124,242,BCIC,PT Bank JTrust Indonesia Tbk,138272400,0.9446916556909749,,-17.1729444516042,1,0,142,0,0,119,1.53,Finance,TradingView scanner (pasar),0
0,0,0,fluktuatif,178,314,RANS,PT Rans Entertainmen Indonesia Tbk,2531195600,,,,1,0,222,0,0,176,0.24,Commercial Services,TradingView scanner (pasar),0
0,0,-1.0955,fluktuatif,238,438,PSKT,PT Red Planet Indonesia Tbk,1035323800,7.650824103053386,,-3.51568548726637,1,0,270,0,0,214,0.43,Consumer Services,TradingView scanner (pasar),0
0,0.0508363627148266,43.781,fluktuatif,194,615,BBYB,PT Bank Neo Commerce Tbk,1251144800,0.6121865644235163,4.43114593088326,14.0673129536214,1,0,280,0,0,191,0.11,Finance,TradingView scanner (pasar),0
0,0.515490737002692,14.469,fluktuatif,116,204,ASRI,PT Alam Sutera Realty Tbk,80434400,0.19771698919705052,8.017140092611792,2.4973938245434,1,0,132,0,0,115,0.12,Finance,TradingView scanner (pasar),0
0,0.022794301816362,99.6422,fluktuatif,2890,9100,CTBN,PT Citra Tubindo Tbk,68204000,1.1148462876556018,29.003775508770378,4.22943940772683,1,0,3160,0,0,2780,1.75,Industrial Services,TradingView scanner (pasar),0
0,7.8723172828226,-30.6805,fluktuatif,198,665,PYFA,PT Pyridam Farma Tbk,583803000,2.900775459322411,,-44.7553468766991,1,0,314,0,0,197,0.2,Health Technology,TradingView scanner (pasar),0
0,2.7366783917984496,-41.2494,fluktuatif,404,785,KAEF,PT Kimia Farma (Persero) Tbk Class B,19472800,0.8455139842885503,,-7.9507939671552705,1,0,550,0,0,390,0.06,Health Technology,TradingView scanner (pasar),0
0,0.0131652595713373,3.8153,fluktuatif,468,1315,SMDM,PT Suryamas Dutamakmur Tbk,17316000,0.9696506997034672,122.66401069378554,0.788873640279454,1,0,575,0,0,460,0.31,Finance,TradingView scanner (pasar),0
0,9.479878355644931e-05,83.446,fluktuatif,745,2750,PBSA,PT Paramita Bangun Sarana Tbk,69657500,2.407142071302133,8.927929439397934,34.1688582437237,1,0,850,0,0,710,0.05,Industrial Services,TradingView scanner (pasar),0
0,0.311167281196939,22.6682,fluktuatif,137,216,MAHA,PT Mandiri Herindo Adiperkasa Tbk,142370400,1.1894048166206908,6.043708807933581,21.2892314489084,1,0,168,0,0,132,0.04,Energy Minerals,TradingView scanner (pasar),0
0,0.0860879709305834,109.2352,fluktuatif,990,1725,MYOH,PT Samindo Resources Tbk,5841000,0.7396723859505312,9.063012655261307,8.16818048892414,1,0,1235,0,0,980,0.02,Energy Minerals,TradingView scanner (pasar),0
0,0.395747133193755,5.419,fluktuatif,38,88,CPRO,PT Central Proteina Prima Tbk,1644431000,0.5975843439192254,7.01236390477948,8.23541791961448,1,0,50,0,0,35,0.45,Process Industries,TradingView scanner (pasar),0
0,1.14264421321002,91.9865,fluktuatif,1535,6775,DATA,PT Remala Abadi Tbk,570713000,5.9354356839862685,16.68723127850282,36.0091398630631,1,0,1965,0,0,1475,0.28,Communications,TradingView scanner (pasar),0
0,0,408.3592,fluktuatif,2670,3290,SCCO,PT Supreme Cable Manufacturing & Commerce Tbk,91581000,0.3911563051966687,6.538361325029533,5.98671675722114,1,0,3290,0,0,2370,0.36,Producer Manufacturing,TradingView scanner (pasar),0
0,0.556033177066669,7.1454,fluktuatif,108,268,BACA,PT Bank Capital Indonesia Tbk,27205200,0.31901851943859594,15.114619195566377,2.11652622009189,0,0,124,0,0,108,0.22,Finance,TradingView scanner (pasar),0
0,0.21917686052246702,37.7039,fluktuatif,382,500,PTSN,PT Sat Nusapersada Tbk,165253200,0.9569997706457356,10.131577900429399,9.37742080532095,1,0,500,0,0,292,0.04,Electronic Technology,TradingView scanner (pasar),0
0,1.93968323966572,112.0035,fluktuatif,560,1315,ASSA,PT Adi Sarana Armada Tbk,557928000,0.9426576788970272,4.99984375488266,19.2400594046588,1,0,665,0,0,555,0.15,Transportation,TradingView scanner (pasar),0
0,0.979567986749838,-4.0783,fluktuatif,132,520,GTSI,PT GTS Internasional,501613200,2.3115662016799483,,-7.2805232683931,1,0,179,0,0,124,0.17,Transportation,TradingView scanner (pasar),0
0,0.815187669242969,0.554,fluktuatif,114,390,HUMI,PT Humpuss Maritim Internasional Tbk,536313000,0.8129426749194135,205.77617328519852,0.332311395928405,1,0,154,0,0,108,0.12,Transportation,TradingView scanner (pasar),0
0,0.00286856307749808,6.3849,fluktuatif,322,880,IRSX,PT Folago Global Nusantara Tbk,8524080600,6.632284519238671,50.431486789143136,14.4692440322508,1,0,462,0,0,318,0.29,Technology Services,TradingView scanner (pasar),0
0,0,81.5547,fluktuatif,685,945,BISI,PT BISI International Tbk,19317000,0.5883260665902827,8.399270673547939,7.15727911996101,1,0,750,1,0,670,0.05,Process Industries,TradingView scanner (pasar),0
0,0.337059215391243,15.1577,fluktuatif,292,680,MMLP,PT Mega Manunggal Property Tbk,62663200,0.43210568310573766,19.264136379529877,2.23246715735547,1,0,368,0,0,290,0.11,Finance,TradingView scanner (pasar),0
0,0.21144555148744398,56.2134,fluktuatif,1650,1930,MBAP,PT Mitrabara Adiperdana Tbk,27060000,0.6636160144637081,29.35243198240989,2.18116278421344,1,0,1830,1,0,1645,0.23,Energy Minerals,TradingView scanner (pasar),0
0,0.011575947833584099,227.7956,fluktuatif,4570,5400,BRAM,PT Indo Kordsa Tbk,6398000,0.5805931930562924,20.061844917109898,2.81014287751283,1,0,4700,1,0,4540,1.82,Process Industries,TradingView scanner (pasar),0
0,0.46095547299837203,13.2016,fluktuatif,121,302,DNAR,PT Bank Oke Indonesia Tbk,29681300,0.5382532826888892,9.165555690219367,5.86432301683879,1,0,141,0,0,118,0.38,Finance,TradingView scanner (pasar),0
0,1.13723570666174,8.1004,fluktuatif,326,520,NICE,PT Adhi Kartiko Pratama Tbk,76936000,13.408442547702796,,16.7986659059166,1,0,406,0,0,314,0.18,Non-Energy Minerals,TradingView scanner (pasar),0
0,2.63209587960117,78.4398,fluktuatif,3600,3600,BLTZ,PT Graha Layar Prima Tbk Class C,29880000,6.98079439966545,45.89506857488163,17.5594985668766,1,0,3600,0,0,1660,4.44,Consumer Services,TradingView scanner (pasar),0
0,1.4255981889656202,-3.8908,fluktuatif,252,336,KMTR,PT Kirana Megatara Tbk,1789200,0.9675269914114702,,-1.4703476666466,1,0,264,0,0,230,0.13,Producer Manufacturing,TradingView scanner (pasar),0
0,0.0744307612399283,0.3976,fluktuatif,494,555,AYAM,PT Janu Putra Sejahtera Tbk,1474046600,9.46380458737812,1242.4547283702213,0.75669032114986,1,0,555,0,0,464,0.14,Process Industries,TradingView scanner (pasar),0
0,0.203707637813825,-247.8768,fluktuatif,476,560,UCID,PT Uni-Charm Indonesia Tbk,523552400,0.42794222891390404,,-19.542744115724,1,0,560,0,0,464,2.0,Consumer Non-Durables,TradingView scanner (pasar),0
0,0.000502876835741346,-0.0794,fluktuatif,204,725,MINA,PT Sanurhasta Mitra Tbk.,1975658400,8.023579885357202,,-0.459839617290331,1,0,290,0,0,191,0.22,Consumer Services,TradingView scanner (pasar),0
0,0,-49.6742,fluktuatif,1505,1510,BIKE,PT Bhineka Inovasi Ketahanan Energi Tbk,4449984000,22.990725190105035,,-76.9280033873518,1,0,1510,0,0,640,4.97,Distribution Services,TradingView scanner (pasar),0
0,0.07207887440651821,-10.8181,fluktuatif,360,444,PSSI,PT IMC Pelita Logistik Tbk,20556000,0.7251498547353624,,-2.11896025350165,1,0,444,0,0,328,0.07,Transportation,TradingView scanner (pasar),0
0,0.13743329648904,16.2107,fluktuatif,204,362,IFII,PT Indonesia Fibreboard Industry Tbk,22827600,1.3863578984853022,12.58428075283609,10.9982031959478,1,0,270,0,0,200,0.13,Non-Energy Minerals,TradingView scanner (pasar),0
0,0.364137950794302,135.2566,fluktuatif,1055,1450,IPCC,PT Indonesia Kendaraan Terminal Tbk,148122000,1.4097547438313942,7.799989057835256,19.123915567952,1,0,1165,1,0,1050,0.19,Transportation,TradingView scanner (pasar),0
0,0.7715303373479191,160.3248,fluktuatif,1370,1470,KINO,PT Kino Indonesia Tbk,822000,1.123974908220065,8.545153338722393,12.6414313378817,1,0,1430,0,0,1320,0.01,Consumer Non-Durables,TradingView scanner (pasar),0
0,0.502652712374837,25.1841,fluktuatif,206,1075,DWGL,PT Dwi Guna Laksana Tbk,76961600,3.811931864863684,8.179764216311085,48.3638168469808,1,0,262,0,0,200,0.13,Energy Minerals,TradingView scanner (pasar),0
0,0,0,fluktuatif,650,960,LPGI,PT Lippo General Insurance Tbk,65000,1.896780308805756,,,1,0,705,0,0,570,0.03,Finance,TradingView scanner (pasar),0
0,0.595148326686653,23.2771,fluktuatif,945,1635,MTMH,PT Murni Sadar Tbk,94500,1.3223836977881112,40.597840796319126,3.2661299262904606,1,0,1025,0,0,910,0.02,Health Services,TradingView scanner (pasar),0
0,0,50.3709,fluktuatif,386,510,AMAG,PT Asuransi Multi Artha Guna Tbk,4246000,0.8810165872370871,7.663154718299653,,1,0,390,0,0,372,0.16,Finance,TradingView scanner (pasar),0
0,0.319013478483061,-64.4394,fluktuatif,2850,4340,INDR,PT Indo-Rama Synthetics Tbk,58995000,0.29819264465027784,,-0.649960496399858,1,0,3100,0,0,2520,0.46,Process Industries,TradingView scanner (pasar),0
0,1.07271184168591,45.4672,fluktuatif,320,575,DGWG,PT Delta Giri Wacana Tbk,2289056000,1.7675737707960577,7.038040609494317,25.6908000686605,1,0,352,0,0,310,0.81,Process Industries,TradingView scanner (pasar),0
0,9.74490630783134,-62.8352,fluktuatif,400,870,FAST,PT Fast Food Indonesia Tbk,646720000,6.829141037469449,,-234.77787477749098,1,0,490,0,0,378,0.1,Consumer Services,TradingView scanner (pasar),0
0,4.89875950918439,17.8143,fluktuatif,164,490.95805,IMJS,PT Indomobil Multi Jasa Tbk,56038800,0.35574268584903534,9.206087244517045,3.8283545154495,1,0,212,0,0,159,0.14,Finance,TradingView scanner (pasar),0
0,0.0365981477453224,14.2753,fluktuatif,141,194,PMJS,PT Putra Mandiri Jembar Tbk,87476400,0.7130482468672149,9.8772004791493,7.20454633380865,1,0,152,0,0,128,0.73,Retail Trade,TradingView scanner (pasar),0
0,0.43372631663523004,7.1237,fluktuatif,1590,3180,AGAR,PT Asia Sejahtera Mina Tbk,512616000,14.194484434006986,223.19861869534088,6.499646065704499,1,0,3180,0,0,1325,0.13,Distribution Services,TradingView scanner (pasar),0
0,0.425943052636529,59.3961,fluktuatif,775,1155,BOLT,PT Garuda Metalindo Tbk,1705000,2.033254813842273,13.047994733660964,17.2192952327278,1,0,855,0,0,745,0.11,Producer Manufacturing,TradingView scanner (pasar),0
0,0.647575051778623,35.0329,fluktuatif,870,2000,POLI,PT Pollux Hotels Group Tbk,6960000,0.83967210167437,24.833799086002017,3.3449550245087702,1,0,1040,0,0,765,0.25,Consumer Durables,TradingView scanner (pasar),0
0,7.95916732905177e-05,121.63,fluktuatif,1575,1715,DVLA,PT Darya-Varia Laboratoria Tbk,10080000,1.1920327888788531,12.9491079503412,9.10246559827333,1,0,1605,1,0,1570,0.21,Health Technology,TradingView scanner (pasar),0
0,0.34246774086278997,6.8084,fluktuatif,158,252,KOTA,PT DMS Propertindo Tbk,23439157800,1.3481662336749227,23.2066271076905,5.90449199503587,1,0,240,0,0,149,0.92,Finance,TradingView scanner (pasar),0
0,1.48294634704881,4.5154,fluktuatif,22,55,BHIT,PT MNC Asia Holding Tbk,556839800,0.1101469691008713,4.872215086149621,2.21575892794734,1,0,27,0,0,18,0.36,Consumer Services,TradingView scanner (pasar),0
0,22.0909949459784,-2.1977,fluktuatif,1440,5200,RONY,PT Aracord Nusantara Group Tbk,16848000,265.18409116439756,,-75.9534224323382,1,0,1975,0,0,1230,0.31,Industrial Services,TradingView scanner (pasar),0
0,0.19273901429635898,-0.8357,fluktuatif,48,79,BKSW,PT Bank QNB Indonesia Tbk,10713600,0.35834849719838663,,-0.621340522986808,1,0,57,0,0,43,0.07,Finance,TradingView scanner (pasar),0
0,0.7710842799503731,-0.1265,fluktuatif,200,246,BMHS,PT Bundamedik Tbk,390620000,0.8824404844633557,,-0.059583527359655705,1,0,210,0,0,189,3.21,Health Services,TradingView scanner (pasar),0
0,0.42675480268977095,25.0765,fluktuatif,189,230,BLES,PT Superior Prima Sukses Tbk,745680600,1.499598797813696,7.536936972863039,19.4244430389961,1,0,220,0,0,175,0.39,Non-Energy Minerals,TradingView scanner (pasar),0
0,0.032122503353114604,0,fluktuatif,254,865,FUTR,PT Futura Energi Global Tbk,2160955800,9.54447311126526,,,1,0,346,0,0,240,0.3,Commercial Services,TradingView scanner (pasar),0
0,0.0181070026020131,743.6645,fluktuatif,3700,4500,MERK,PT Merck Tbk,8140000,1.6988579276061906,4.975361873533025,37.1402444760178,1,0,3950,1,0,3610,0.07,Health Technology,TradingView scanner (pasar),0
0,1.04689499966292,10.5847,fluktuatif,110,156,CARS,PT Industri dan Perdagangan Bintraco Dharma Tbk,153857000,1.6219251248587452,10.39235878201555,16.043702208406,1,0,133,0,0,105,0.09,Retail Trade,TradingView scanner (pasar),0
0,0.117116737402713,95.3895,fluktuatif,600,705,SPTO,PT Surya Pertiwi Tbk,108900000,0.9447410117694418,6.2900004717500355,15.322946956446701,1,0,620,1,0,595,0.34,Distribution Services,TradingView scanner (pasar),0
0,1.8985171649713801,3.79,fluktuatif,87,185,BVIC,PT Bank Victoria International Tbk,1165800,0.3667929291598482,22.95514511873351,1.60774474498887,1,0,102,0,0,82,0.01,Finance,TradingView scanner (pasar),0
0,1.21606670440806,32.1892,fluktuatif,274,384,CSAP,PT Catur Sentosa Adiprana Tbk,3808600,0.4393958608396746,8.512171784325178,5.13355813370266,1,0,306,0,0,272,0.13,Distribution Services,TradingView scanner (pasar),0
0,239.492939802673,-213.7156,fluktuatif,208,382,DOID,PT BUMA Internasional Grup Tbk,228342400,1.7800198420865665,,-191.881531408616,1,0,272,0,0,200,0.16,Energy Minerals,TradingView scanner (pasar),0
0,0.20159122414736,1.9236,fluktuatif,40,64,PNBS,PT Bank Panin Dubai Syariah Tbk,119568000,0.5224227774241266,20.79434393844874,2.5275750020884,1,0,50,0,0,38,0.32,Finance,TradingView scanner (pasar),0
0,0.19121723516198402,67.0279,fluktuatif,630,950,SUNI,PT Sunindo Pratama Tbk,96831000,1.7865719212601603,9.399071133065485,19.8161848272407,1,0,710,0,0,610,0.32,Energy Minerals,TradingView scanner (pasar),0
0,0,-53.0663,fluktuatif,91,194,ACST,PT Acset Indonusa Tbk,2611700,-4.452834694139189,,,1,0,128,0,0,85,0.02,Industrial Services,TradingView scanner (pasar),0
0,0.932869481770059,55.0665,fluktuatif,446,635,TPMA,PT Trans Power Marine Tbk,36705800,0.7122234259578835,8.099298121362352,9.07996729775035,1,0,498,0,0,442,0.08,Transportation,TradingView scanner (pasar),0
0,0.17381940862225398,38.034,fluktuatif,300,408,ERAL,PT Sinar Eka Selaras Tbk,233400000,0.8921432689307002,7.887679444707367,11.3914951052746,1,0,338,0,0,290,0.15,Retail Trade,TradingView scanner (pasar),0
0,0.0733237946600469,9.747,fluktuatif,238,3410,INDS,PT Indospring Tbk,28155400,0.46070618553996984,24.41776957012414,1.87632841260586,1,0,276,0,0,230,0.11,Producer Manufacturing,TradingView scanner (pasar),0
0,0.0203426552288639,-10.3486,fluktuatif,238,590,OASA,PT Maharaksa Biru Energi Tbk,205751000,2.688681621912168,,-11.808438870587,1,0,334,0,0,230,0.09,Commercial Services,TradingView scanner (pasar),0
0,0.219848611222029,12.0136,fluktuatif,228,362,DEPO,PT Caturkarda Depo Bangunan Tbk,3898800,1.140413685064257,18.978491043484052,6.02093130048313,1,0,276,0,0,218,0.04,Retail Trade,TradingView scanner (pasar),0
0,0.0313198278788183,33.0316,fluktuatif,282,372,IPCM,PT Jasa Armada Indonesia Tbk,20811600,1.0959870085897399,8.537279453614115,12.899503590255302,1,0,300,1,0,278,0.07,Transportation,TradingView scanner (pasar),0
0,0.06530756813292,-0.6374,fluktuatif,238,434,FMII,PT Fortune Mate Indonesia Tbk,12376000,2.1933838327705186,,-0.587022152259217,1,0,256,1,0,232,0.75,Finance,TradingView scanner (pasar),0
0,0.12227738141022501,11.4284,fluktuatif,150,320,SMBR,PT Semen Baturaja (Persero) Tbk Class B,96720000,0.4365727594780383,13.125196877953169,3.3770151793831604,1,0,204,0,0,144,0.13,Non-Energy Minerals,TradingView scanner (pasar),0
0,0.778365335857476,-5.2265,fluktuatif,735,1755,SIPD,PT Sreeya Sewu Indonesia Tbk Class A,2719500,1.0915565885063636,,-0.8108309878818218,1,0,985,0,0,715,0.17,Process Industries,TradingView scanner (pasar),0
0,1.03459304164181,6.1441,fluktuatif,118,199,MKTR,PT Menthobi Karyatama Raya Tbk,22892000,2.1324443088675706,19.20541657850621,11.4005761678347,1,0,134,0,0,111,0.36,Commercial Services,TradingView scanner (pasar),0
0,0,0,fluktuatif,346,1080,BACH,PT Bach Multi Global Tbk,1089311800,,,,1,0,462,0,0,330,0.13,Distribution Services,TradingView scanner (pasar),0
0,0.00144019387655594,5.4466,fluktuatif,308,895,STAR,PT Calculus Global Ventures Tbk,616000,2.7478652521822107,56.54903976792861,4.89820361789854,1,0,474,0,0,300,0.0,Finance,TradingView scanner (pasar),0
0,1.05551503257592,-5.6762,fluktuatif,32,226,NETV,PT MDTV Media Technologies Tbk,665014400,3.1444161556171557,,-47.9529673950375,1,0,50,0,0,31,0.85,Commercial Services,TradingView scanner (pasar),0
0,0.47999508963235105,131.9944,fluktuatif,905,1170,LTLS,PT Lautan Luas Tbk,42444500,0.4351945350107247,6.856351481578006,6.28009004473152,1,0,1170,0,0,850,0.39,Distribution Services,TradingView scanner (pasar),0
0,0.006967698923754,182.2007,fluktuatif,1775,2140,DLTA,PT Delta Djakarta Tbk,23962500,1.8810419929855042,9.742004284286503,20.1396360022319,1,0,1815,1,0,1760,0.41,Consumer Non-Durables,TradingView scanner (pasar),0
0,0.170719917841026,-29.0754,fluktuatif,212,354,MLIA,PT Mulia Industrindo Tbk,3964400,0.25980607706757564,,-3.63573652938347,1,0,230,0,0,202,0.07,Process Industries,TradingView scanner (pasar),0
0,0.553978605196189,58.7341,fluktuatif,352,384,CFIN,PT Clipan Finance Indonesia Tbk,294342400,0.24240384343964883,5.993111327150667,4.12873190014012,1,0,380,1,0,342,0.38,Finance,TradingView scanner (pasar),0
0,0.874124650712061,208.7695,fluktuatif,630,1105,MAIN,PT Malindo Feedmill Tbk,34461000,0.4877646898639965,3.0176821805867236,17.3239742427569,1,0,725,0,0,620,0.05,Process Industries,TradingView scanner (pasar),0
0,0.739923704819269,1.843,fluktuatif,28,73,BABP,PT Bank MNC Internasional Tbk,1669539200,0.33190456321359485,15.19262072707542,2.18546090764003,1,0,50,0,0,27,0.81,Finance,TradingView scanner (pasar),0
0,0.416989342629598,130.4603,fluktuatif,665,1085,CSRA,PT Cisadane Sawit Raya Tbk,75477500,0.886277661675404,5.097336124476182,17.0034464470332,1,0,800,0,0,655,0.35,Process Industries,TradingView scanner (pasar),0
0,4.31349438666631,-33.6237,fluktuatif,108,327.03237,COCO,PT Wahana Interfood Nusantara Tbk,24339214800,5.940907770707364,,-401.963636696372,1,0,151,0,0,92,0.64,Consumer Non-Durables,TradingView scanner (pasar),0
0,0.0830234593544969,53.6438,fluktuatif,350,426,KBLI,PT KMI Wire & Cable Tbk Class A,75810000,0.49848624681429904,6.524519142939165,7.66658447323187,1,0,426,0,0,320,0.24,Producer Manufacturing,TradingView scanner (pasar),0
0,0.183376990524193,-0.6173,fluktuatif,29,108,ELTY,PT Bakrieland Development Tbk Class A,4351745800,0.2270953046166361,,-0.485038493284527,1,0,40,0,0,28,0.37,Finance,TradingView scanner (pasar),0
0,0.513532737154924,-5.85,fluktuatif,545,555,RSCH,PT Charlie Hospital Semarang Tbk,4674301500,11.065234940316762,,-12.0875029086666,1,0,555,0,0,340,0.32,Health Services,TradingView scanner (pasar),0
0,0.263481122790705,260.1359,fluktuatif,3200,3790,AMFG,PT Asahimas Flat Glass Tbk,5440000,0.29668988262216717,12.301262532391723,2.41952931058556,1,0,3330,0,0,3100,0.25,Process Industries,TradingView scanner (pasar),0
0,0.0734473655096965,28.3276,fluktuatif,1255,2920,ITMA,PT Sumber Energi Andalan Tbk,28237500,0.34873734628074593,44.30308250610712,0.7722152276051151,1,0,1760,0,0,1235,0.78,Energy Minerals,TradingView scanner (pasar),0
0,0,-0.4058,fluktuatif,89,123,SQMI,PT Wilton Makmur Indonesia Tbk,3507774800,-3.620340946625598,,,1,0,123,0,0,79,0.06,Non-Energy Minerals,TradingView scanner (pasar),0
0,0.501785470723866,18.0153,fluktuatif,195,368,SKLT,PT Sekar Laut Tbk,1189500,1.5864944574392352,10.824132820435963,15.2489255996104,1,0,240,0,0,183,0.11,Consumer Non-Durables,TradingView scanner (pasar),0
0,0.017828143913419203,12.56,fluktuatif,288,428,KKGI,PT Resource Alam Indonesia Tbk,206064000,0.5592834646678496,22.929936305732483,2.34497669588553,1,0,336,0,0,274,0.06,Energy Minerals,TradingView scanner (pasar),0
0,0,-5.0524,fluktuatif,182,224,BKDP,PT Bukit Darmo Property Tbk,151879000,4.425019742395774,,-12.2595216486561,1,0,224,0,0,144,0.05,Finance,TradingView scanner (pasar),0
0,1.11256838983484,6.7071,fluktuatif,30,71,BCAP,PT MNC Kapital Indonesia Tbk,212790000,0.2788229507721351,4.47287203113119,5.93649045525104,1,0,50,0,0,29,0.13,Finance,TradingView scanner (pasar),0
0,0.7673548745378971,35.3406,fluktuatif,330,755,HERO,PT DFI Retail Nusantara Tbk,3333000,0.8323682275967145,9.33770224614183,0.623268740138009,1,0,358,0,0,302,0.12,Retail Trade,TradingView scanner (pasar),0
0,0.75925597874225,40.167,fluktuatif,474,515,TRST,"PT Trias Sentosa, Tbk",853200,0.5241803801119461,11.800731944133243,4.28742458975171,1,0,496,0,0,454,0.05,Process Industries,TradingView scanner (pasar),0
0,0.0221692090878676,0,fluktuatif,87,167,GSMF,PT Equity Development Investment Tbk Class A,37601400,0.5050053283866804,,,1,0,148,0,0,81,0.04,Finance,TradingView scanner (pasar),0
0,0.0550613891263315,85.1081,fluktuatif,116,302,MNCN,PT Media Nusantara Citra Tbk,2216887600,0.07026284080975792,1.3629725020297716,5.07237841864828,1,0,214,0,0,110,0.12,Commercial Services,TradingView scanner (pasar),0
0,0.0217692240277883,17.0943,fluktuatif,370,466,EKAD,PT Ekadharma International Tbk,305509000,1.0525197992486317,21.64464178117852,4.98980683323097,1,0,464,0,0,348,0.19,Process Industries,TradingView scanner (pasar),0
0,0.0113400696778194,17.0485,fluktuatif,78,102,JKON,PT Jaya Konstruksi Manggala Pratama Tbk,64919400,0.39801973953384134,4.575182567381295,8.59419482309222,1,0,92,0,0,77,0.1,Industrial Services,TradingView scanner (pasar),0
0,0.722616898208166,1.3029,fluktuatif,27,40,BEKS,PT Bank Pembangunan Daerah Banten (Perseroda) Tbk Class A,1115718300,0.7370458057589483,20.72300253281142,3.7311644762048806,1,0,34,0,0,21,0.31,Finance,TradingView scanner (pasar),0
0,0.198164992835652,-82.4376,fluktuatif,20,40,PPRO,PT PP Properti Tbk,1796328000,0.221359975924889,,-69.3540024788301,1,0,26,0,0,15,0.35,Finance,TradingView scanner (pasar),0
0,0.23949384569926402,77.513,fluktuatif,530,2160,NRCA,PT Nusa Raya Cipta Tbk,306658000,0.9681228738628871,6.8375627314127945,14.821889767644599,1,0,630,0,0,500,0.11,Industrial Services,TradingView scanner (pasar),0
0,0,367.5279,fluktuatif,2200,2890,CEKA,PT Wilmar Cahaya Indonesia Tbk,7700000,0.6503850649121249,5.985940115022561,10.8977153467337,1,0,2350,1,0,2150,0.25,Consumer Non-Durables,TradingView scanner (pasar),0
0,1.93171357199982,3.6303,fluktuatif,155,208,TRGU,PT Cerestar Indonesia Tbk,29574000,1.274872138549485,42.696195906674376,4.37225332683339,0,0,189,0,0,155,0.79,Process Industries,TradingView scanner (pasar),0
0,3.50079758995786,64.9054,fluktuatif,438,935,ATIC,PT Anabatic Technologies Tbk,613200,1.7665723136898424,7.467979758023816,26.894157695931405,1,0,472,1,0,426,0.01,Technology Services,TradingView scanner (pasar),0
0,0,35.0956,fluktuatif,3390,7100,BLUE,PT Berkah Prima Perkasa Tbk,842754000,13.979654695106206,96.59330514366474,14.6010779369215,1,0,3500,0,0,2720,1.05,Distribution Services,TradingView scanner (pasar),0
0,0.173632457602425,5.4684,fluktuatif,176,460,DMMX,PT Digital Mediatama Maxima Tbk,49297600,1.8651411790002483,32.18491697754371,6.0431799804819,1,0,206,0,0,155,0.16,Commercial Services,TradingView scanner (pasar),0
0,0.35243509023897196,38.0087,fluktuatif,75,204,BMTR,PT Global Mediacom Tbk,1876117500,0.07721385638685994,1.9732324441509446,3.79886840189134,1,0,121,0,0,69,0.16,Consumer Services,TradingView scanner (pasar),0
0,0.6072918657340179,8.8901,fluktuatif,191,565,WOOD,PT Integra Indocabinet Tbk,108392500,0.2675574077687941,21.48457272696595,1.23487807469865,1,0,218,0,0,180,0.24,Consumer Durables,TradingView scanner (pasar),0
0,0.93847703615267,21.3574,fluktuatif,322,360,ARII,PT Atlas Resources Tbk,2898000,0.9847929315355745,15.07674155093785,5.88072199713393,1,0,352,0,0,284,0.01,Energy Minerals,TradingView scanner (pasar),0
0,0.134070132533604,-23.6862,fluktuatif,830,1580,PSAT,PT Pancaran Samudera Transport Tbk,10043000,0.9524532251655539,,,1,0,915,0,0,800,0.1,Transportation,TradingView scanner (pasar),0
0,0,-9.832,fluktuatif,36,87,MPPA,PT Matahari Putra Prima Tbk,24094800,-112.32098842469813,,-471.985487394025,1,0,45,0,0,33,0.04,Retail Trade,TradingView scanner (pasar),0
0,0.570249372031554,44.6598,fluktuatif,350,535,BLOG,PT Trimitra Trans Persada Tbk,6860000,1.9058983906757352,7.8370256920093695,,1,0,384,0,0,332,0.05,Transportation,TradingView scanner (pasar),0
0,0.23287845688289602,24.1447,fluktuatif,121,144,BEST,PT Bekasi Fajar Industrial Estate Tbk,426972700,0.26199820793225775,5.011451788591285,5.19529300792044,1,0,142,0,0,111,0.16,Industrial Services,TradingView scanner (pasar),0
0,0.0287678875660575,241.6672,fluktuatif,1640,1890,PANS,PT Panin Sekuritas Tbk,26240000,0.7327617038430712,6.786191920128176,11.981628390707,1,0,1680,0,0,1585,0.09,Finance,TradingView scanner (pasar),0
0,0.335823198810779,-3.1812,fluktuatif,74,274,MLPL,PT Multipolar Tbk Class A,91767400,0.19085173363267138,,-0.971911733296729,1,0,95,0,0,68,0.07,Retail Trade,TradingView scanner (pasar),0
0,0.11779038105662,0.9287,fluktuatif,156,238,GRIA,PT Ingria Pratama Capitalindo Tbk,124285200,2.890389750529719,167.97674168192097,1.73376351500102,1,0,195,0,0,139,0.08,Finance,TradingView scanner (pasar),0
0,0,43.6151,fluktuatif,408,430,MOLI,PT Madusari Murni Indah Tbk,500860800,0.8983791192912053,9.354558398352864,9.64514679145817,1,0,430,0,0,306,0.08,Process Industries,TradingView scanner (pasar),0
0,0.00200182407475876,17.1525,fluktuatif,143,286,GWSA,PT Greenwood Sejahtera Tbk,24152700,0.1545147914632717,8.336977117038332,1.85175116822511,1,0,187,0,0,142,0.01,Finance,TradingView scanner (pasar),0
0,0.288540222639782,-44.2793,fluktuatif,920,1620,SOSS,PT ALSOK Indonesia Services Tbk,289064000,3.00470347136658,,-7.659065584793451,1,0,1385,0,0,840,2.07,Commercial Services,TradingView scanner (pasar),0
0,0.5352287445002331,5.8749,fluktuatif,106,173,DILD,PT Intiland Development Tbk,538310400,0.19467708764546143,18.042860304005174,1.08315460221057,1,0,125,0,0,102,0.49,Finance,TradingView scanner (pasar),0
0,0.19231581169516598,-1.9048,fluktuatif,45,109,JGLE,PT Graha Andrasentra Propertindo Tbk,6026625000,0.9339317968287412,,-3.97929589387064,1,0,91,0,0,44,0.41,Finance,TradingView scanner (pasar),0
0,0.609357870610133,45.3201,fluktuatif,264,555,MINE,PT Sinar Terang Mandiri TBK,33237600,1.1533275597056707,5.825229864894385,20.2721801406952,1,0,320,0,0,250,0.12,Non-Energy Minerals,TradingView scanner (pasar),0
0,1.86445917602806,-18.1822,fluktuatif,1700,2300,NFCX,PT NFC Indonesia Tbk,2040000,3.987360816772866,,-4.46579698604015,1,0,1760,1,0,1665,0.1,Technology Services,TradingView scanner (pasar),0
0,0.256798700555373,-15.5507,fluktuatif,2580,2580,TRUK,PT Guna Timur Raya Tbk,572502000,27.633076020841337,,-16.7861225003366,1,0,2580,0,0,815,0.33,Transportation,TradingView scanner (pasar),0
0,2.00133074008044,-14.5711,fluktuatif,274,390,VOKS,PT Voksel Electric Tbk,177332800,1.9690202686922185,,-10.2228436011928,1,0,390,0,0,220,0.42,Producer Manufacturing,TradingView scanner (pasar),0
0,0.18877473297434802,-18.5322,fluktuatif,156,312,RAAM,PT Tripar Multivision Plus Tbk,50996400,0.8199074797478911,,-9.82961345298662,0,0,208,0,0,156,0.1,Consumer Services,TradingView scanner (pasar),0
0,0.048723511215406703,3.1053,fluktuatif,286,525,MITI,PT Mitra Investindo Tbk Class A,390733200,2.1774455168490503,92.10060219624512,2.58958759886415,1,0,324,0,0,218,0.12,Transportation,TradingView scanner (pasar),0
0,1.2127257935035,4.5209,fluktuatif,236,1975,TRIN,PT Perintis Triniti Properti Tbk,741842400,1.8415516477205334,52.20199517795129,3.4979849907527902,1,0,438,0,0,206,0.04,Finance,TradingView scanner (pasar),0
0,4.26901852457558,2.0385,fluktuatif,670,1100,BBLD,PT Buana Finance Tbk,51389000,0.7835241844270452,328.673043904832,0.235815321810598,1,0,735,0,0,655,2.33,Finance,TradingView scanner (pasar),0
0,0.21427615312150403,9.4229,fluktuatif,115,168,AISA,PT FKS Food Sejahtera Tbk Class A,126902500,0.9349278052813665,12.204310774814548,7.692773033211381,1,0,146,0,0,112,0.02,Consumer Non-Durables,TradingView scanner (pasar),0
0,6.445602715493621,-961.4733,fluktuatif,161,442,PTPP,PT PP (Persero) Tbk,365099700,0.3161846000385588,,-76.3101352296003,0,0,222,0,0,161,0.4,Industrial Services,TradingView scanner (pasar),0
0,0.559926153207279,19.601,fluktuatif,280,640,TIFA,PT KDB Tifa Finance Tbk,1176000,0.8163613985262053,14.284985459925515,5.80437495914194,0,0,382,0,0,280,0.01,Finance,TradingView scanner (pasar),0
0,0.0269051195961229,-0.0594,fluktuatif,176,258,VERN,PT Verona Indah Pictures Tbk,929192000,1.58750274543266,,-0.053467858139489906,1,0,250,0,0,166,0.37,Consumer Services,TradingView scanner (pasar),0
0,0.0814520599928,-5.4294,fluktuatif,23,71,IPTV,PT MNC Vision Networks Tbk Class A,32830200,0.16607964732192596,,-3.50878751336604,1,0,33,0,0,21,0.04,Consumer Services,TradingView scanner (pasar),0
0,0.76251913141125,-0.8356,fluktuatif,25,75,TAMU,PT Pelayaran Tamarin Samudra Tbk,344122500,3.3186251865067353,,-8.75708945713741,1,0,37,0,0,22,0.28,Transportation,TradingView scanner (pasar),0
0,1.01937006698981,1.0147,fluktuatif,35,70,BLTA,PT Berlian Laju Tanker Tbk,882007000,0.8040116044143454,34.49295358233961,2.30108814737789,1,0,50,0,0,31,0.19,Transportation,TradingView scanner (pasar),0
0,1.3041288719705302,36.5484,fluktuatif,218,268,BUDI,PT Budi Starch & Sweetener Tbk,6867000,0.6310888494358644,5.9646933928708235,10.4894074870479,1,0,244,0,0,214,0.27,Process Industries,TradingView scanner (pasar),0
0,0.141114994855651,2.9933,fluktuatif,39,100,BSBK,PT Wulandari Bangun Laksana Tbk,225345900,0.45291196262431127,13.029098319580395,3.47249252933787,1,0,50,0,0,37,0.33,Finance,TradingView scanner (pasar),0
0,0.133347202559142,1.0435,fluktuatif,535,575,BSML,PT Bintang Samudera Mandiri Lines Tbk,3153343500,7.531266369066683,512.6976521322472,1.46357254998277,1,0,575,0,0,505,0.51,Transportation,TradingView scanner (pasar),0
0,0.260004344488055,19.7795,fluktuatif,162,450,GZCO,PT Gozco Plantations Tbk,547624800,0.7921919216962295,8.190298035845194,9.55825454055553,1,0,210,0,0,157,0.28,Process Industries,TradingView scanner (pasar),0
0,0,29.2378,fluktuatif,930,3500,GMTD,PT Gowa Makassar Tourism Development Tbk,1674000,1.0989930127914986,31.808138779251518,3.44270809289232,1,0,1510,0,0,910,0.1,Finance,TradingView scanner (pasar),0
0,0.0034981384316297697,-32.3215,fluktuatif,2500,3790,TCID,PT Mandom Indonesia Tbk,1500000,0.5616111187068391,,-0.714677100729636,1,0,2700,0,0,2320,0.1,Consumer Non-Durables,TradingView scanner (pasar),0
0,0.36284631865863504,23.2251,fluktuatif,320,488,PDPP,PT Primadaya Plastisindo Tbk,24256000,2.2651916493709843,13.778196864599074,16.1841779066707,1,0,350,0,0,294,0.3,Process Industries,TradingView scanner (pasar),0
0,0.0198601973763028,-7.2436,fluktuatif,154,250,BOLA,PT Bali Bintang Sejahtera Tbk,23023000,1.2485644549104054,,-7.1991525616716405,0,0,199,0,0,154,0.15,Consumer Services,TradingView scanner (pasar),0
0,0,36.758,fluktuatif,1050,1560,RSGK,PT Kedoya Adyaraya Tbk,105000,1.1778069669503102,28.565210294357687,4.10542268496602,1,0,1150,0,0,910,0.01,Health Services,TradingView scanner (pasar),0
0,0.0312026162439503,65.7938,fluktuatif,1100,1650,PTPW,PT Pratama Widya Tbk,14080000,1.4921070521157183,16.71890056509884,8.7202843165909,1,0,1200,1,0,1095,0.49,Industrial Services,TradingView scanner (pasar),0
0,0.00902206399050428,25.249,fluktuatif,484,765,BUAH,PT Segar Kumala Indonesia Tbk,109480800,4.862545190777038,19.169076003010023,26.103074234734503,1,0,510,1,0,474,0.62,Distribution Services,TradingView scanner (pasar),0
0,2.96034419027956,44.3788,fluktuatif,268,374,WOMF,PT Wahana Ottomitra Multiartha Tbk,428800,0.4704771134740415,6.038919484077984,7.852554695185191,1,0,336,0,0,260,0.01,Finance,TradingView scanner (pasar),0
0,0.150395445978418,13.1515,fluktuatif,109,294,BBRM,PT Pelayaran Nasional Bina Buana Raya Tbk,49595000,1.2520451986019365,8.288027981599058,14.674839244769998,1,0,145,0,0,97,0.06,Transportation,TradingView scanner (pasar),0
0,0.184336926604217,-93.0984,fluktuatif,396,835,JIHD,PT Jakarta International Hotels & Development Tbk,16434000,0.26313574468050327,,-5.97844870727937,1,0,490,0,0,380,0.07,Finance,TradingView scanner (pasar),0
0,0,12.9078,fluktuatif,160,242,CAMP,PT Campina Ice Cream Industry Tbk,33136000,0.9353699689299327,12.395605757758874,7.713483611902111,1,0,222,0,0,149,0.02,Consumer Non-Durables,TradingView scanner (pasar),0
0,0.057680831317088704,5.0191,fluktuatif,520,850,RELI,PT Reliance Sekuritas Indonesia Tbk,104000,1.7662939684491665,103.60423183439262,1.56205442146855,1,0,605,0,0,480,0.0,Finance,TradingView scanner (pasar),0
0,0.58837218760763,0,fluktuatif,294,340,URBN,PT Urban Jakarta Propertindo Tbk,43453200,1.0493849479863784,,,1,0,340,0,0,206,0.19,Finance,TradingView scanner (pasar),0
0,0.107370041192505,2.6807,fluktuatif,137,210,HGII,PT Hero Global Investment Tbk,14371300,1.1917453972531051,51.10605438877905,2.32705670904509,1,0,147,1,0,133,0.07,Utilities,TradingView scanner (pasar),0
0,2.19284322744351,-160.9699,fluktuatif,89,322,PPRE,PT PP Presisi Tbk,217498200,0.8425768271491508,,-94.3111886379072,1,0,117,0,0,82,0.09,Industrial Services,TradingView scanner (pasar),0
0,0.980825184470968,126.8046,fluktuatif,1600,2400,GHON,PT Gihon Telekomunikasi Indonesia,960000,1.1596033139114517,12.617838785028304,9.5404717351854,1,0,1705,1,0,1585,0.08,Communications,TradingView scanner (pasar),0
0,0.20274453904272502,46.3833,fluktuatif,640,1205,TALF,PT Tunas Alfin Tbk,4096000,0.6704820587905908,13.798069563830087,4.98890238138136,1,0,745,0,0,595,0.11,Process Industries,TradingView scanner (pasar),0
0,1.07729321110917,11.0562,fluktuatif,106,150,GDST,PT Gunawan Dianjaya Steel Tbk,25758000,0.6946750470691496,9.587380836091967,7.092598766057051,1,0,142,0,0,100,0.01,Non-Energy Minerals,TradingView scanner (pasar),0
0,4.87532999625867e-06,11.5077,fluktuatif,228,310,ADMG,PT Polychem Indonesia Tbk,570000,0.47200198108340274,19.81282098073464,2.66282058756546,1,0,310,0,0,220,0.0,Process Industries,TradingView scanner (pasar),0
0,0.150202720718054,4.332,fluktuatif,159,474,CITY,PT Natura City Developments Tbk,17092500,0.9710855313202873,36.70360110803324,2.64159520782608,1,0,218,0,0,138,0.1,Finance,TradingView scanner (pasar),0
0,0.8095809555946071,96.6197,fluktuatif,1205,1725,TBMS,PT Tembaga Mulia Semanan Tbk,4217500,0.7093595548730529,12.47157670744165,5.51210414346034,1,0,1400,0,0,1170,0.13,Producer Manufacturing,TradingView scanner (pasar),0
0,0,-8.817,fluktuatif,1670,4370,ARTA,PT Arthavest Tbk,3173000,4.879607375687254,,-2.66414881257744,0,0,2420,0,0,1670,0.15,Consumer Services,TradingView scanner (pasar),0
0,0.35922524415679596,16.8968,fluktuatif,161,236.68653254,SPMA,PT Suparma Tbk,1191400,0.3447293062369818,9.528431418966905,3.62871708652694,1,0,177,1,0,159,0.02,Process Industries,TradingView scanner (pasar),0
0,0.614559814782887,78.0683,fluktuatif,498,1330,SKBM,PT Sekar Bumi Tbk,5876400,0.8639448091237985,6.379029644554833,13.601732068554801,1,0,575,0,0,482,0.08,Consumer Non-Durables,TradingView scanner (pasar),0
0,0,2.9047,fluktuatif,410,500,KSIX,PT Kentanix Supra International Tbk,157153000,0.6946481208268908,141.150549110063,0.494408200626688,1,0,438,0,0,370,0.71,Consumer Durables,TradingView scanner (pasar),0
0,0,0,fluktuatif,755,870,GULA,PT Aman Agrindo Tbk,2205657000,,,,1,0,855,0,0,745,0.2,Process Industries,TradingView scanner (pasar),0
0,1.4101301396857202,1.6766,fluktuatif,388,565,KING,PT Hoffmen Cleanindo Tbk,1722526000,14.662413055291658,231.42073243468923,4.93094605902371,1,0,450,0,0,280,0.54,Commercial Services,TradingView scanner (pasar),0
0,1.72872697553372,-20.7605,fluktuatif,535,1240,RANC,PT Supra Boga Lestari Tbk,2086500,3.178270939815311,,-12.2253133643258,1,0,585,0,0,515,0.2,Retail Trade,TradingView scanner (pasar),0
0,0.49183712831809207,36.9199,fluktuatif,1225,1985,YPAS,PT Yanaprima Hastapersada Tbk,12127500,6.296852437349659,33.179938190515145,18.5273436044488,1,0,1650,0,0,970,0.16,Process Industries,TradingView scanner (pasar),0
0,4.84671765285373,1.3846,fluktuatif,23,52,WMPP,PT Widodo Makmur Perkasa Tbk,1633595700,2.6570397111913358,16.611295681063122,11.7152971615201,1,0,34,0,0,21,0.72,Process Industries,TradingView scanner (pasar),0
0,0.016087068580272198,20.7042,fluktuatif,131,143,SRSN,PT Indo Acidatama Tbk,8727665400,0.9738253584718048,6.3272186319683925,15.2689782141217,1,0,143,0,0,92,0.11,Consumer Non-Durables,TradingView scanner (pasar),0
0,0.026210954258514,38.4497,fluktuatif,362,500,AMOR,PT Ashmore Asset Management Indonesia Tbk,11982200,2.700926753627057,9.414897905575335,29.394552134098102,1,0,378,0,0,346,0.28,Finance,TradingView scanner (pasar),0
0,0.0101918082518794,0,fluktuatif,266,480,MTWI,PT Malacca Trust Wuwungan Insurance Tbk,266000,1.9061049819564948,,,1,0,290,0,0,234,0.02,Finance,TradingView scanner (pasar),0
0,0.0793668716507416,3.1889,fluktuatif,310,635,AREA,PT Dunia Virtual Online Tbk,348471000,3.2489943314481478,97.21220483552322,3.37144543310661,1,0,360,0,0,292,0.68,Technology Services,TradingView scanner (pasar),0
0,0.14330547911118502,16.5994,fluktuatif,580,905,LFLO,PT Imago Mulia Persada Tbk,1392000,9.019038100926458,34.94102196464932,26.3006262173873,1,0,645,0,0,480,0.04,Commercial Services,TradingView scanner (pasar),0
0,0.198579484566647,5.7775,fluktuatif,173,191,BDKR,PT Berdikari Pondasi Perkasa Tbk,1347445100,1.0166211087211048,29.943747295543055,3.35195324063468,1,0,173,0,0,153,0.48,Industrial Services,TradingView scanner (pasar),0
0,0.617775235188781,-7.9484,fluktuatif,680,1120,SHID,PT Hotel Sahid Jaya International Tbk,22644000,1.0564941608499931,,-1.25180139762525,1,0,1050,0,0,480,0.13,Consumer Services,TradingView scanner (pasar),0
0,0.366761062271615,11.8986,fluktuatif,190,382,AMAN,PT Makmur Berkah Amanda Tbk,1862000,0.8984444710720267,15.96826517405409,5.5724959560242,1,0,246,0,0,182,0.03,Finance,TradingView scanner (pasar),0
0,0.0108665424067346,-4.1078,fluktuatif,390,5700,UDNG,PT Agro Bahari Nusantara Tbk,679380000,13.17687316854133,,-13.881114347103802,1,0,1200,0,0,380,0.17,Process Industries,TradingView scanner (pasar),0
0,0.38028607933563,10.8964,fluktuatif,135,206,DGIK,PT Nusa Konstruksi Enjiniring Tbk,411345000,0.9432938549715744,12.389413017143276,7.64742538235766,1,0,145,0,0,117,0.41,Industrial Services,TradingView scanner (pasar),0
0,0.235115396215192,39.2836,fluktuatif,462,550,KDSI,PT Kedawung Setia Industrial Tbk,831600,0.9433119924989137,11.76063293588164,8.11558287139706,1,0,468,0,0,444,0.15,Process Industries,TradingView scanner (pasar),0
0,0.195046419744879,0,fluktuatif,92,214,AHAP,PT Asuransi Harta Aman Pratama Tbk,1179982800,3.339636291827583,,,1,0,129,0,0,82,0.18,Finance,TradingView scanner (pasar),0
0,0,-2.7264,fluktuatif,177,1100,FOLK,PT Multi Garam Utama Tbk,451137600,8.55188554581564,,-9.68759691723169,1,0,316,0,0,160,0.1,Distribution Services,TradingView scanner (pasar),0
0,0.0756604951172065,9.1333,fluktuatif,85,155,SMGA,PT Sumber Mineral Global Abadi Tbk,138252500,1.8333276536123673,9.3066033087712,18.379079375705,1,0,95,0,0,74,0.18,Distribution Services,TradingView scanner (pasar),0
0,0.0009102755544987181,10.3714,fluktuatif,165,585,INDO,PT Royalindo Investa Wijaya Tbk,2493018000,0.6728766246453175,15.909134735908363,4.28003622386541,1,0,191,0,0,159,0.62,Finance,TradingView scanner (pasar),0
0,0.0271643071194444,2.5109,fluktuatif,56,111,ASLC,PT Autopedia Sukses Lestari Tbk,142559200,0.9284772426082849,22.30275996654586,4.27440266486411,1,0,73,0,0,53,0.07,Distribution Services,TradingView scanner (pasar),0
0,67.7452623043157,-0.0549,fluktuatif,41,84,VIVA,PT Visi Media Asia Tbk Class A,1839223100,-15.729724960004297,,-2.72807506551498,1,0,55,0,0,36,0.45,Consumer Services,TradingView scanner (pasar),0
0,1.0388480477650501,5.6602,fluktuatif,114,176,IPOL,PT Indopoly Swakarsa Industry Tbk,4183800,0.255104643924938,20.14063107310696,1.1904617635216,1,0,126,0,0,110,0.02,Process Industries,TradingView scanner (pasar),0
0,0.47172489410129104,-0.7851,fluktuatif,158,370,LIVE,PT Homeco Victoria Makmur Tbk,50149200,2.169321293508622,,-1.06848353112477,1,0,220,0,0,137,0.18,Distribution Services,TradingView scanner (pasar),0
0,0.424953681970829,99.7069,fluktuatif,444,770,PJAA,PT Pembangunan Jaya Ancol Tbk,17538000,0.3859397121315672,4.453051895104551,9.1221794284221,0,0,484,1,0,444,0.36,Consumer Services,TradingView scanner (pasar),0
0,0.026228460795946398,47.0424,fluktuatif,494,670,CBPE,PT Citra Buana Prasida Tbk,494000,2.0557359110097724,10.501164906552386,19.5022287479798,1,0,585,0,0,472,0.01,Finance,TradingView scanner (pasar),0
0,0.46260788918928397,-2.8309,fluktuatif,290,426,SMLE,PT Sinergi Multi Lestarindo Tbk,10669245000,6.292935723954516,,-6.33345561670911,1,0,310,0,0,182,0.82,Distribution Services,TradingView scanner (pasar),0
0,0.32495780617554604,1.3807,fluktuatif,540,1005,ATAP,PT Trimitra Prawara Goldland Tbk,162054000,8.67863868802126,391.10596074454986,2.25091656832322,1,0,610,0,0,520,0.43,Finance,TradingView scanner (pasar),0
0,0.16254053915812003,6.4504,fluktuatif,55,165,WIRG,PT WIR Asia Tbk,811508500,0.8014508884010239,8.526603001364256,9.23281620420084,1,0,86,0,0,53,0.11,Health Services,TradingView scanner (pasar),0
0,0.0251326713738028,99.2872,fluktuatif,570,800,IKBI,PT Sumi Indo Kabel Tbk,139251000,0.4762679124988559,5.74092128693326,8.4088075391069,1,0,635,0,0,505,0.59,Electronic Technology,TradingView scanner (pasar),0
0,0,0,fluktuatif,84,200,IBOS,PT Indo Boga Sukses Tbk,107587200,1.9774946978423416,,,1,0,107,0,0,80,0.14,Consumer Services,TradingView scanner (pasar),0
0,0.060993957089199004,-18.1371,fluktuatif,980,1385,ASPI,PT Andalan Sakti Primaindo Tbk,17800426000,13.336501432857384,,-22.698880896447,1,0,1035,0,0,374,3.63,Finance,TradingView scanner (pasar),0
0,0.5776608570456689,12.8954,fluktuatif,110,156,AXIO,PT Tera Data Indonusa Tbk,4114000,1.251976415495917,8.530173550258231,14.445339188911902,1,0,123,0,0,107,0.05,Electronic Technology,TradingView scanner (pasar),0
0,0.711374044577626,1.9071,fluktuatif,91,270,BELL,PT Trisula Textile Industries Tbk,193557000,2.747569608619277,47.71642808452624,5.81747594037418,1,0,131,0,0,84,0.03,Consumer Non-Durables,TradingView scanner (pasar),0
0,33.5399137366278,-0.2465,fluktuatif,810,1440,PGJO,PT Bahtera Bumi Raya Tbk,66663000,-322.2392845492231,,-6.98137339851681,1,0,1095,0,0,740,0.1,Technology Services,TradingView scanner (pasar),0
0,0.232929277952455,6.3907,fluktuatif,464,515,SEMA,PT Semacom Integrated Tbk,8775353600,3.8704103210497016,72.60550487427042,5.41012146243957,1,0,515,0,0,109,0.27,Producer Manufacturing,TradingView scanner (pasar),0
0,1.52052284762475,38.3225,fluktuatif,236,398,BPFI,PT Woori Finance Indonesia Tbk,47200,0.5411309384391331,6.158262117554962,8.56413170421799,1,0,268,0,0,222,0.0,Finance,TradingView scanner (pasar),0
0,1.68790958674837,28.172,fluktuatif,169,314,APEX,PT Apexindo Pratama Duta Tbk,147756700,0.5206611595709382,5.998864120403237,8.42836279665364,1,0,218,0,0,165,0.08,Industrial Services,TradingView scanner (pasar),0
0,4.89918257042428,-12.5637,fluktuatif,92,206,HDFA,PT Radana Bhaskara Finance Tbk,4048000,1.2257718532138207,,-15.404874040858102,1,0,119,0,0,85,0.02,Finance,TradingView scanner (pasar),0
0,0.818248255222491,-5.2496,fluktuatif,715,950,BRNA,PT Berlina Tbk,2146072500,0.7730138215303746,,-0.551785465964907,1,0,805,0,0,590,7.54,Process Industries,TradingView scanner (pasar),0
0,0,69.4108,fluktuatif,2030,3910,KONI,PT Perdana Bangun Pusaka Tbk,812000,3.6002393538439383,29.246169184046288,12.3393027213099,1,0,2300,0,0,1875,0.04,Retail Trade,TradingView scanner (pasar),0
0,0.151590280698663,2.672,fluktuatif,147,260,LABS,PT UBC Medical Indonesia Tbk,28032900,3.808437165061553,55.014970059880234,7.067323091201741,1,0,218,0,0,141,0.09,Distribution Services,TradingView scanner (pasar),0
0,0.0459986503966397,4.6374,fluktuatif,67,116,WTON,PT Wijaya Karya Beton Tbk,59348600,0.1609632540831152,14.447750894898002,1.11874055730733,1,0,84,0,0,65,0.22,Industrial Services,TradingView scanner (pasar),0
0,1.22609884701037,-57.6247,fluktuatif,25,73,PBRX,PT Pan Brothers Tbk,632765000,0.4062164769852368,,-66.3802333618938,1,0,32,0,0,23,0.43,Process Industries,TradingView scanner (pasar),0
0,0,-54.6471,fluktuatif,248,290,CASH,PT.Cashlez Worldwide Indonesia Tbk,402851200,-28.42807639357755,,-552.173582256448,1,0,290,0,0,200,0.99,Technology Services,TradingView scanner (pasar),0
0,1.12229265560411,32.6525,fluktuatif,328,670,PEVE,PT Penta Valent Tbk,152126400,1.6738927288906689,10.045172651404945,16.576514820717,1,0,360,0,0,296,0.36,Distribution Services,TradingView scanner (pasar),0
0,2.82388918926601,-12.3156,fluktuatif,320,420,HOPE,PT Harapan Duta Pertiwi Tbk,25539808000,9.820987942282054,,-38.7804498946658,1,0,340,0,0,193,1.52,Producer Manufacturing,TradingView scanner (pasar),0
0,1.3592311978739902,118.5655,fluktuatif,720,1600,JECC,PT Jembo Cable Co. Tbk,3456000,0.5550045165805055,6.072592786265819,9.85452568288865,1,0,1030,0,0,635,0.03,Producer Manufacturing,TradingView scanner (pasar),0
0,9.83989834093214,1.9156,fluktuatif,302,505,BAJA,PT Saranacentral Bajatama Tbk,987026600,25.547991733278966,157.65295468782628,8.2429359852761,1,0,505,0,0,264,0.07,Non-Energy Minerals,TradingView scanner (pasar),0
0,0.399539474101284,34.5775,fluktuatif,615,960,ZONE,PT Mega Perintis Tbk,1537500,1.3949896056262312,17.786132600679633,7.688329888633601,1,0,745,0,0,550,0.08,Consumer Non-Durables,TradingView scanner (pasar),0
0,0.056851821641121,6.6838,fluktuatif,97,178,PMUI,PT Prima Multi Usaha Indonesia Tbk,198879100,1.3564312601190471,14.512702354947784,12.719925078447,1,0,124,0,0,91,0.13,Distribution Services,TradingView scanner (pasar),0
0,0,-1.2673,fluktuatif,39,207.87872,PADI,PT Minna Padi Investama Sekuritas Tbk,2087026500,3.011820236034035,,-10.3127301281319,1,0,76,0,0,37,0.13,Finance,TradingView scanner (pasar),0
0,12.368899871548399,-8.6191,fluktuatif,11,33,BTEK,PT Bumi Teknokultura Unggul Tbk,2302526600,1.794473998887426,,-124.987076044789,1,0,18,0,0,9,0.41,Process Industries,TradingView scanner (pasar),0
0,0.210158289744892,59.4778,fluktuatif,402,740,PANR,PT Panorama Sentrawisata Tbk,5306400,0.5958610071491759,6.758824300831571,9.16664716160889,1,0,440,0,0,392,0.24,Consumer Services,TradingView scanner (pasar),0
0,0,0,fluktuatif,660,1600,CHIP,PT Pelita Teknologi Global Tbk,20130000,7.7697287834900335,,,1,0,855,0,0,655,0.32,Technology Services,TradingView scanner (pasar),0
0,0.339125037887896,25.112,fluktuatif,220,312,GUNA,PT Gunanusa Eramandiri Tbk,1584000,0.9188612519091952,8.760751831793565,10.6764593925824,1,0,240,0,0,212,0.02,Consumer Non-Durables,TradingView scanner (pasar),0
0,0.7203528978743551,27.4824,fluktuatif,93,252,LEAD,PT Logindo Samudramakmur Tbk,238303200,0.5614550596881063,3.383983931534364,18.7608395147824,1,0,121,0,0,89,0.13,Industrial Services,TradingView scanner (pasar),0
0,0.33920310609571097,5.8526,fluktuatif,180,276,PZZA,PT Sarimelati Kencana Tbk,1458000,0.5233386201194568,30.755561630728224,1.6984695838296,1,0,226,0,0,173,0.01,Consumer Services,TradingView scanner (pasar),0
0,0.1414247960649,-2.6331,fluktuatif,154,282,AWAN,PT Era Digital Media Tbk,3018400,7.3907737228239085,,-11.6921171225072,1,0,173,0,0,145,0.02,Technology Services,TradingView scanner (pasar),0
0,0.631895397761439,-4.0525,fluktuatif,410,1610,FITT,PT Fortune Resources Investment Tbk,127961000,6.9036365157919,,-7.21979255156289,1,0,530,0,0,388,0.2,Consumer Services,TradingView scanner (pasar),0
0,0.508770595621677,2.0298,fluktuatif,188,595,BABY,PT Multitrend Indo Tbk,57979200,1.1087235548791032,92.61996255788749,1.06963129079252,1,0,230,0,0,177,0.21,Retail Trade,TradingView scanner (pasar),0
0,0.458679750553939,19.4667,fluktuatif,173,284,TRIS,PT Trisula International Tbk,916900,0.9927032295906815,8.886971083953624,11.4919801709171,1,0,183,0,0,166,0.0,Consumer Non-Durables,TradingView scanner (pasar),0
0,1.7734998171149101,43.3327,fluktuatif,352,615,IRRA,PT Itama Ranoraya Tbk,240134400,0.9185187257264464,8.123195646705605,11.4737569358636,1,0,450,0,0,340,1.09,Distribution Services,TradingView scanner (pasar),0
0,0.615264638675327,5.377,fluktuatif,95,180,SWID,PT Saraswanti Indoland Development Tbk,506882000,1.8586724187686785,17.6678445229682,11.0783226845897,1,0,138,0,0,83,0.72,Finance,TradingView scanner (pasar),0
0,0.106547898532646,3.5,fluktuatif,114,196,CHEK,PT Diastika Biotekindo Tbk,308962800,2.2215098667191513,32.57142857142857,8.23820944797089,1,0,161,0,0,111,3.73,Health Technology,TradingView scanner (pasar),0
0,1.2998382827306099,11.6089,fluktuatif,150,240,SMKL,PT Satyamitra Kemas Lestari Tbk,3375000,0.4941044771399599,12.921120864164562,3.9974767541896905,1,0,172,0,0,140,0.08,Process Industries,TradingView scanner (pasar),0
0,0.0535503422259709,2.9256,fluktuatif,424,1870,KDTN,PT Puri Sentul Permai Tbk,1305199200,7.775171383848476,144.92753623188406,5.35830277358862,1,0,454,0,0,358,0.5,Consumer Services,TradingView scanner (pasar),0
0,0.18574249506502402,16.6709,fluktuatif,248,484,ELIT,PT Data Sinergitama Jaya Tbk,326020800,3.1877692492096457,14.876221439754303,21.2146762955587,1,0,308,0,0,228,0.08,Technology Services,TradingView scanner (pasar),0
0,0.47761053475675297,6.3294,fluktuatif,262,274,UVCR,PT Trimegah Karya Pratama Tbk,6312785200,5.0572833856466195,41.39412898536986,12.042875201421,1,0,274,0,0,142,0.16,Technology Services,TradingView scanner (pasar),0
0,0.0310964629772424,-1.368,fluktuatif,49,234,STRK,PT Lovina Beach Brewery Tbk,59128300,4.512361106762464,,-12.4476649325706,1,0,70,0,0,40,0.05,Consumer Non-Durables,TradingView scanner (pasar),0
0,2.59926162955429,49.7865,fluktuatif,252,446,GTRA,PT Grahaprima Suksesmandiri Tbk,54961200,1.2357840696840983,5.06161308788527,23.8651947975499,1,0,292,0,0,232,0.18,Transportation,TradingView scanner (pasar),0
0,0.222554388737547,-5.109,fluktuatif,36,113,RODA,PT Pikko Land Development Tbk,167191200,0.2608837625873698,,-3.66766194226268,1,0,74,0,0,35,0.05,Consumer Durables,TradingView scanner (pasar),0
0,0,-24.1751,fluktuatif,136,310.760152,PEGE,PT Panca Global Kapital Tbk,240012800,2.531855300746246,,-43.7485562857237,1,0,149,0,0,120,0.1,Finance,TradingView scanner (pasar),0
0,0.17076841711872098,0.563,fluktuatif,406,560,CCSI,PT Communication Cable Systems Indonesia Tbk,22915776800,0.9872161106277291,721.1367673179396,0.136658813739867,1,0,560,0,0,272,5.7,Producer Manufacturing,TradingView scanner (pasar),0
0,0.0037742461809189397,0.148,fluktuatif,80,118,SURI,PT Maja Agung Latexindo Tbk,13248000,1.4884396612609019,540.5405405405405,0.271545870040555,1,0,95,0,0,70,0.05,Consumer Non-Durables,TradingView scanner (pasar),0
0,0.0110078820614365,-6.9226,fluktuatif,286,630,SOFA,PT Solusi Environment Asia Tbk,453710400,12.145781655368117,,-29.072091230368503,1,0,392,0,0,276,0.28,Non-Energy Minerals,TradingView scanner (pasar),0
0,0.016211606760771,11.2234,fluktuatif,193,270,MDKI,PT Emdeki Utama Tbk,2161600,0.5026613836694797,17.19621505069765,2.96770761647523,1,0,200,0,0,188,0.02,Process Industries,TradingView scanner (pasar),0
0,0,0,fluktuatif,164,446,PADA,PT Personel Alih Daya Tbk,4035843200,,,,1,0,234,0,0,150,1.31,Commercial Services,TradingView scanner (pasar),0
0,0.262409823671631,-10.4721,fluktuatif,484,5025,SOTS,PT Satria Mega Kencana Tbk,1839200,2.8534926101026605,,-6.03681004629904,1,0,645,0,0,450,0.01,Consumer Services,TradingView scanner (pasar),0
0,1.1305755755698,-13.4779,fluktuatif,74,128,UNTD,PT Terang Dunia Internusa Tbk,530113800,0.8785134602508275,,-16.3148583328801,1,0,85,0,0,69,0.4,Consumer Durables,TradingView scanner (pasar),0
0,0,0,fluktuatif,246,324,MPXL,PT MPX Logistics International Tbk,883238400,,,,1,0,260,0,0,159,0.16,Transportation,TradingView scanner (pasar),0
0,0,-8.6397,fluktuatif,396,4600,SSTM,PT Sunson Textile Manufacturer Tbk,5464800,2.3039802946848975,,-4.67621028239515,1,0,580,0,0,390,0.09,Process Industries,TradingView scanner (pasar),0
0,0.19391785734467198,242.8388,fluktuatif,1585,1735,CLPI,PT Colorpak Indonesia Tbk,24250500,0.8086985019071994,6.52696356595404,13.032277471615,1,0,1640,1,0,1555,0.2,Process Industries,TradingView scanner (pasar),0
0,0.72305398743444,16.0857,fluktuatif,236,665,IDPR,PT Indonesia Pondasi Raya Tbk,4366000,0.6876306407164575,14.671416226835015,4.70473628121737,1,0,308,0,0,230,0.28,Industrial Services,TradingView scanner (pasar),0
0,0.687569775888378,23.194,fluktuatif,328,575,GLVA,PT Galva Technologies Tbk,1574400,1.2002224656250615,14.141588341812538,8.68475543468086,1,0,344,0,0,304,0.06,Distribution Services,TradingView scanner (pasar),0
0,2.22404511205642,-1.3015,fluktuatif,200,324,MGNA,PT Magna Investama Mandiri Tbk,8194200000,21.21059469204868,,-15.113482576465401,1,0,256,0,0,94,1.19,Finance,TradingView scanner (pasar),0
0,3.1614579078951404,-80.0172,fluktuatif,154,240,DART,PT Duta Anggada Realty Tbk,3665200,0.40938632458274493,,-21.1497967247661,1,0,187,0,0,140,0.03,Consumer Durables,TradingView scanner (pasar),0
0,0.7814987952865871,11.9469,fluktuatif,187,580,NIKL,PT Pelat Timah Nusantara Tbk,72294200,0.49758437421154833,15.652596070947276,3.14636841892847,1,0,256,0,0,179,0.11,Process Industries,TradingView scanner (pasar),0
0,0,0,fluktuatif,187,199,HYGN,PT Ecocare Indo Pasifik Tbk,120671100,,,,1,0,199,0,0,177,0.12,Commercial Services,TradingView scanner (pasar),0
0,0.0019391562441325699,48.7325,fluktuatif,645,1275,SAFE,PT Steady Safe Tbk,1432158000,8.333419466867875,13.235520443236034,72.3346795935362,1,0,1275,0,0,456,1.77,Transportation,TradingView scanner (pasar),0
0,0.563117219866082,-9.732,fluktuatif,75,226,SULI,PT SLJ Global Tbk,193882500,2.1191804479325844,,-25.800998787354203,1,0,93,0,0,68,0.64,Non-Energy Minerals,TradingView scanner (pasar),0
0,0.7356941077451501,27.0709,fluktuatif,175,282,HAIS,PT Hasnur Internasional Shipping Tbk,4025000,0.5897378271625358,6.464506167138883,9.48471582885603,1,0,194,0,0,170,0.04,Transportation,TradingView scanner (pasar),0
0,0.16759470650069103,3.8483,fluktuatif,240,258,DEWI,PT Dewi Shri Farmindo Tbk,5069688000,2.9446819412226763,62.3652002182782,4.75256158512668,1,0,258,0,0,154,0.3,Retail Trade,TradingView scanner (pasar),0
0,0,362.7761,fluktuatif,1315,1450,BAYU,PT Bayu Buana Tbk,2104000,0.8321561909202724,3.6248253399272996,23.3046003329151,1,0,1420,0,0,1220,0.04,Consumer Services,TradingView scanner (pasar),0
0,0.0208539895600836,78.1595,fluktuatif,1130,1465,GDYR,PT Goodyear Indonesia Tbk,212553000,0.4650144276075889,14.4576155169877,3.12869313202862,1,0,1150,0,0,1000,8.3,Consumer Durables,TradingView scanner (pasar),0
0,0.212321996713246,-9.9001,fluktuatif,190,555,NELY,PT Pelayaran Nelly Dwi Putri Tbk,66728000,0.4866099165108,,-2.5906624968073,0,0,222,0,0,190,0.3,Transportation,TradingView scanner (pasar),0
0,0.0168510254808946,6.6349,fluktuatif,117,334,MHKI,PT Multi Hanna Kreasindo Tbk,24710400,0.9076840341016115,17.63402613453104,5.14536092052062,1,0,154,0,0,107,0.1,Industrial Services,TradingView scanner (pasar),0
0,0,2.4641,fluktuatif,96,280,KOCI,PT Kokoh Exa Nusantara Tbk,161222400,3.1302649997570784,38.95945781421208,7.899708474301869,1,0,145,0,0,86,0.11,Finance,TradingView scanner (pasar),0
0,2.15290796556474,-106.5046,fluktuatif,37,75,MDLN,PT Modernland Realty Tbk Class A,110604100,0.11825413305386152,,-34.4378341322549,1,0,50,0,0,35,0.29,Finance,TradingView scanner (pasar),0
0,0,-0.119,fluktuatif,93,900,BBSS,PT Bumi Benowo Sukses Sejahtera Tbk,390972000,1.8139234422883679,,-0.23252057882666602,1,0,109,0,0,77,0.03,Industrial Services,TradingView scanner (pasar),0
0,0.44904262600772904,-32.9381,fluktuatif,266,2140,RMKO,PT Royaltama Mulia Kontraktorindo Tbk,159493600,1.8660072131701384,,-27.195326357632805,1,0,400,0,0,238,0.12,Energy Minerals,TradingView scanner (pasar),0
0,0.000528653744962348,-7.2803,fluktuatif,352,364,WAPO,PT Wahana Pronatural Tbk,8990220800,7.244007178975751,,-13.741294101912802,1,0,352,0,0,163,2.24,Consumer Non-Durables,TradingView scanner (pasar),0
0,0.00133529450965767,73.5401,fluktuatif,466,775,IGAR,PT Champion Pacific Indonesia Tbk,699000,0.6342808232066748,6.336678900355045,9.96674055023904,1,0,520,0,0,452,0.01,Process Industries,TradingView scanner (pasar),0
0,1.70354898931665,-20.7229,fluktuatif,107,298,DPUM,PT Dua Putra Utama Makmur Tbk,607856300,1.2124421951186624,,-23.6187430829096,1,0,180,0,0,96,0.08,Distribution Services,TradingView scanner (pasar),0
0,0.7628601453437991,-3.7678,fluktuatif,28,102,WMUU,PT Widodo Makmur Unggas Tbk,4537285200,0.46788715029821953,,-6.22389307971393,1,0,50,0,0,26,1.35,Process Industries,TradingView scanner (pasar),0
0,0.08997541060208179,-10.03,fluktuatif,50,163,ZATA,PT Bersama Zatta Jaya Tbk,531805000,1.243743967841756,,-22.5547664046831,1,0,75,0,0,45,0.06,Retail Trade,TradingView scanner (pasar),0
0,0.0489110019836185,9.4114,fluktuatif,218,390,CRAB,PT Toba Surimi Industries Tbk,109610400,1.7815024799658605,23.163397581656287,7.805925490707401,1,0,254,0,0,212,0.64,Consumer Non-Durables,TradingView scanner (pasar),0
0,0.0625513931747448,-24.6814,fluktuatif,266,2510,LUCY,PT Lima Dua Lima Tiga Tbk,9427173000,18.187399960753506,,-103.18881808444,1,0,640,0,0,234,0.49,Commercial Services,TradingView scanner (pasar),0
0,3.07726675857275,2.2861,fluktuatif,74,125,VRNA,PT Mizuho Leasing Indonesia Tbk,3788800,0.5656687963332431,32.36953764052316,1.7540655421982403,1,0,125,0,0,71,0.03,Finance,TradingView scanner (pasar),0
0,0.357152336285765,0,fluktuatif,120,288,BOAT,PT Newport Marine Services Tbk,17292000,1.073088985009841,,,1,0,146,0,0,108,0.06,Transportation,TradingView scanner (pasar),0
0,0.19552905514160698,15.7277,fluktuatif,98,149,GPRA,PT Perdana Gapuraprima Tbk,304486000,0.3083753518350363,6.2310445901180715,5.05196918973754,1,0,114,0,0,95,0.05,Consumer Durables,TradingView scanner (pasar),0
0,0.19579995058031402,7.975,fluktuatif,119,167,MUTU,PT Mutuagung Lestari Tbk,187817700,1.6072738461023137,14.921630094043888,10.2690731707702,1,0,155,0,0,111,0.04,Commercial Services,TradingView scanner (pasar),0
0,0,-5.6584,fluktuatif,122,134,PRIM,PT Royal Prima Tbk,17482600,0.4387285072478309,,-2.01915922989362,1,0,134,0,0,113,0.06,Health Services,TradingView scanner (pasar),0
0,0.32491935713088,1.7589,fluktuatif,274,382,DGNS,PT Diagnos Laboratorium Utama Tbk,147138000,1.6790025352325508,155.77918016942408,0.963419277420045,1,0,302,0,0,236,0.31,Health Services,TradingView scanner (pasar),0
0,0.541934488538015,7.5334,fluktuatif,140,384,UFOE,PT Damai Sejahtera Abadi Tbk,1750000,1.6603384054299708,18.58390633711206,8.9608750437901,1,0,159,0,0,134,0.02,Retail Trade,TradingView scanner (pasar),0
0,0.00468401321254694,67.714,fluktuatif,505,750,KMDS,PT Kurniamitra Duta Sentosa Tbk,136249000,1.5640526319506034,7.457837374841244,22.51858385458,1,0,540,1,0,498,1.45,Distribution Services,TradingView scanner (pasar),0
0,0,-0.0026,fluktuatif,37,63,NASA,PT Andalan Perkasa Abadi Tbk,46941900,0.3727847017218623,,-0.00262700415042098,1,0,47,0,0,29,0.11,Finance,TradingView scanner (pasar),0
0,0.16438554824618698,0,fluktuatif,132,181.714104,MEJA,PT Harta Djaya Karya Tbk,8414010000,4.644026568053811,,,1,0,172,0,0,106,0.55,Commercial Services,TradingView scanner (pasar),0
0,0.0296220121934169,0,fluktuatif,144,490,KOKA,PT Koka Indonesia Tbk,341784000,2.678893334280868,,,1,0,220,0,0,138,0.2,Industrial Services,TradingView scanner (pasar),0
0,3.03933490685544,-61.9278,fluktuatif,180,705,ENAK,PT Champ Resto Indonesia Tbk,27432000,1.5777876944656204,,-58.21939505206001,0,0,256,0,0,180,0.27,Consumer Services,TradingView scanner (pasar),0
0,0.0710798486230663,7.9268,fluktuatif,163,238,SCNP,PT Selaras Citra Nusantara Perkasa Tbk,47644900,1.0816603100874578,20.563152848564364,5.3280706400581,1,0,204,0,0,150,0.14,Consumer Durables,TradingView scanner (pasar),0
0,0.51078468144527,-8.3906,fluktuatif,40,89,HOKI,PT Buyung Poetra Sembada Tbk,81648000,0.6548203123951265,,-14.114839856292702,1,0,61,0,0,37,0.02,Process Industries,TradingView scanner (pasar),0
0,0,23.9901,fluktuatif,352,414,KBLM,PT Kabelindo Murni Tbk Class A,28758400,0.2771235763150226,14.672719163321537,1.87116041642293,1,0,414,0,0,308,0.16,Producer Manufacturing,TradingView scanner (pasar),0
0,2.83811548056606,-64.9465,fluktuatif,171,290,KOBX,PT Kobexindo Tractors Tbk,1350900,0.6914320090644716,,-37.7897738373583,1,0,186,0,0,155,0.0,Distribution Services,TradingView scanner (pasar),0
0,0.09163213437188711,10.6998,fluktuatif,272,575,APLI,PT Asiaplast Industries Tbk,10798400,1.057398013281308,25.42103590721322,,1,0,314,0,0,264,0.19,Process Industries,TradingView scanner (pasar),0
0,0.458694705574097,99.0472,fluktuatif,314,404,BMSR,PT Bintang Mitra Semestaraya Tbk,6751000,0.37939217121113245,3.1702057201011233,14.0160894957435,1,0,404,0,0,300,0.04,Distribution Services,TradingView scanner (pasar),0
0,0.0885708257399741,-0.006,fluktuatif,236,900,HOMI,PT Grand House Mulia Tbk,301041600,2.808369703307641,,-0.007136061119783191,1,0,262,0,0,212,0.68,Finance,TradingView scanner (pasar),0
0,0.00032747028325167706,90.8708,fluktuatif,640,980,RIGS,PT Rig Tenders Indonesia Tbk,704000,0.42831473610826404,7.0429664974887425,6.27518462305578,1,0,735,0,0,580,0.01,Transportation,TradingView scanner (pasar),0
0,0.0111264556555989,5.6921,fluktuatif,290,1000,FUJI,PT Fuji Finance Indonesia Tbk.,140766000,2.082937994096236,50.94780485233921,4.09765914369595,1,0,326,0,0,230,0.16,Finance,TradingView scanner (pasar),0
0,0.000498302517722074,2.7862,fluktuatif,60,196,HALO,PT Haloni Jane Tbk,43164000,1.6620286832910163,21.534706769076163,7.989800337673311,1,0,91,0,0,58,0.11,Producer Manufacturing,TradingView scanner (pasar),0
0,0.7980534393063781,-3.1854,fluktuatif,161,474,ESTA,PT Esta Multi Usaha Tbk,136254300,2.159425705428045,,-4.28256903426168,1,0,222,0,0,127,0.07,Consumer Services,TradingView scanner (pasar),0
0,0.6429524317967661,4.5017,fluktuatif,109,146,TYRE,PT King Tire Indonesia Tbk,10976300,1.1367300635275674,24.213075060532688,4.71422225577973,1,0,136,0,0,101,0.16,Consumer Durables,TradingView scanner (pasar),0
0,0,0,fluktuatif,137,198,CRSN,PT Carsurin Tbk,39647800,,,,1,0,171,0,0,111,0.13,Commercial Services,TradingView scanner (pasar),0
0,0.6118282325928871,2.892,fluktuatif,144,620,ASPR,PT Asia Pramulia Tbk,684000000,2.2324304237478505,49.79253112033195,,1,0,153,0,0,121,0.14,Producer Manufacturing,TradingView scanner (pasar),0
0,0.0142825397043361,8.0307,fluktuatif,89,120,EAST,PT Eastparc Hotel Tbk,27465400,0.8028013980290234,11.082471017470457,7.10870633264349,1,0,90,0,0,88,0.31,Consumer Services,TradingView scanner (pasar),0
0,2.38414985614633,0.7526,fluktuatif,59,105,VTNY,PT Venteny Fortuna International Tbk,158096400,0.9048159673333831,78.39489768801488,1.12219354576582,1,0,83,0,0,49,0.11,Technology Services,TradingView scanner (pasar),0
0,0.0424596162165965,-18.801,fluktuatif,454,885,PNSE,PT Pudjiadi & Sons Tbk,9443200,3.0798854445427954,,-12.8803091858572,1,0,530,0,0,422,1.33,Consumer Services,TradingView scanner (pasar),0
0,0.0005934989573769061,20.0981,fluktuatif,448,740,TRUS,PT Trust Finance Indonesia Tbk,537600,0.8677457472420116,22.29066429164946,3.8730793018437,1,0,468,0,0,394,0.04,Finance,TradingView scanner (pasar),0
0,0.25498586858627,8.5892,fluktuatif,136,520,UNIQ,PT Ulima Nitra Tbk,6187646400,0.8862423837730584,15.833837842872445,5.67031856830363,1,0,147,0,0,104,5.22,Industrial Services,TradingView scanner (pasar),0
0,0.0718821015067647,-75.2747,fluktuatif,37,84,WEGE,PT Wijaya Karya Bangunan Gedung Tbk,109982500,0.17985798607860298,,,1,0,57,0,0,35,0.24,Industrial Services,TradingView scanner (pasar),0
0,0.09996419530290811,9.6091,fluktuatif,188,619.810125,CSIS,PT Cahayasakti Investindo Sukses Tbk,244964000,1.2064901468901754,19.564787545139502,5.85224227135939,1,0,222,0,0,174,0.88,Finance,TradingView scanner (pasar),0
0,1.05994413905994,5.9687,fluktuatif,104,202,JATI,PT Informasi Teknologi Indonesia Tbk,1227720000,1.798246433074455,17.424229731767387,10.7454008410348,1,0,127,0,0,101,0.63,Technology Services,TradingView scanner (pasar),0
0,1.6783065382636,-4.9589,fluktuatif,44,535,TRUE,PT Triniti Dinamik Tbk,3283029200,1.4872456852129583,,-16.2888826755232,1,0,107,0,0,40,0.13,Finance,TradingView scanner (pasar),0
0,0.215863412331648,13.1591,fluktuatif,126,278,WINE,PT Hatten Bali Tbk,4006800,1.0130935099782474,9.575122918740643,10.8833748144498,1,0,138,0,0,120,0.04,Consumer Non-Durables,TradingView scanner (pasar),0
0,0.1889088285618,4.312,fluktuatif,274,523.80955,ASRM,PT Asuransi Ramayana Tbk,685000,0.49475627863322963,63.54359925788497,,1,0,350,0,0,260,0.01,Finance,TradingView scanner (pasar),0
0,0.044979025661872306,15.1866,fluktuatif,276,428,GOLD,PT Visi Telekomunikasi Infrastruktur Tbk,634800,0.8211167181416605,18.173916479001225,4.55489813000448,1,0,300,0,0,262,0.02,Finance,TradingView scanner (pasar),0
0,0.290562574682079,10.7425,fluktuatif,79,116,DYAN,PT Dyandra Media International Tbk,170774300,0.4842409305811204,7.353967884570631,6.40099825703761,1,0,116,0,0,71,0.02,Commercial Services,TradingView scanner (pasar),0
0,0.19612983133416598,0.7976,fluktuatif,75,103,TOSK,PT Topindo Solusi Komunika Tbk,361402500,2.089646969468586,94.0320962888666,2.2393889115965,1,0,90,0,0,69,0.16,Technology Services,TradingView scanner (pasar),0
0,0.8002929862531759,2.2784,fluktuatif,414,630,SAPX,PT Satria Antaran Prima Tbk,2273149800,1.643429604169262,181.7064606741573,0.917485261808688,1,0,630,0,0,252,0.39,Transportation,TradingView scanner (pasar),0
0,1.60259353196207,-0.7249,fluktuatif,246,290,SATU,PT Kota Satu Properti Tbk,236184600,7.684613467066433,,-2.20317796487204,1,0,254,0,0,230,0.31,Finance,TradingView scanner (pasar),0
0,0,0,fluktuatif,118,240,PART,PT Cipta Perdana Lancar Tbk,984238000,,,,1,0,124,0,0,94,0.15,Producer Manufacturing,TradingView scanner (pasar),0
0,0,-0.482,fluktuatif,32,57,TARA,PT Agung Semesta Sejahtera Tbk,93126400,0.3096134891630925,,-0.46582187188200297,1,0,43,0,0,29,0.3,Finance,TradingView scanner (pasar),0
0,0.876261763840686,-10.6542,fluktuatif,65,114,BIPP,PT Bhuwanatala Indah Permai Tbk Class A,2955979000,0.4069278910004203,,-6.74982741652069,1,0,107,0,0,55,0.28,Finance,TradingView scanner (pasar),0
0,0.0209881522873035,-94.8347,fluktuatif,159,328,GTBO,PT Garda Tujuh Buana Tbk,7552500,0.5697524038803508,,-41.6174934544769,1,0,180,0,0,120,0.7,Energy Minerals,TradingView scanner (pasar),0
0,0,0,fluktuatif,148,254,PTPS,PT Pulau Subur Tbk,43334400,,,,1,0,169,0,0,145,0.19,Process Industries,TradingView scanner (pasar),0
0,0.0632257380098076,-6.1715,fluktuatif,144,316,NZIA,PT Nusantara Almazia Tbk,126230400,0.6850604444529442,,-2.91871187376265,1,0,270,0,0,134,0.14,Finance,TradingView scanner (pasar),0
0,0,0,fluktuatif,171,530,PRDL,PT Prodia Diagnostic Line Tbk,709957800,3.588173380537748,,,1,0,290,0,0,167,0.23,Health Technology,TradingView scanner (pasar),0
0,0.809315175023864,141.5974,fluktuatif,505,640,AKPI,PT Argha Karya Prima Industry Tbk,8231500,0.17399602467664682,3.566449666448678,4.70398058662791,1,0,570,0,0,498,0.03,Process Industries,TradingView scanner (pasar),0
0,0.1382902975258,5.8056,fluktuatif,99,216,VAST,PT Vastland Indonesia Tbk,15998400,0.7629094685387694,17.052501033484912,4.48203640624586,1,0,149,0,0,93,0.02,Finance,TradingView scanner (pasar),0
0,1.07605702029066,-1.9469,fluktuatif,25,71,MAXI,PT Maxindo Karya Anugerah Tbk,953245000,1.6448472200108164,,-13.467290262345402,1,0,50,0,0,24,0.93,Consumer Non-Durables,TradingView scanner (pasar),0
0,0.279243694252101,-12.809,fluktuatif,176,482,TFAS,PT Telefast Indonesia Tbk,14044800,1.7521407725646612,,-12.5195024870937,1,0,226,0,0,164,0.02,Technology Services,TradingView scanner (pasar),0
0,0.769866666611317,-9.9456,fluktuatif,171,340,IKPM,PT Ikapharmindo Putramas Tbk,393300,1.3170078782487062,,-7.307160420922,0,0,208,0,0,171,0.01,Health Technology,TradingView scanner (pasar),0
0,0.0656196575116927,6.3454,fluktuatif,195,228,MPIX,PT Mitra Pedagang Indonesia Tbk,1011679500,2.0148195661917825,30.730923188451477,6.391550159407661,1,0,228,0,0,110,0.15,Commercial Services,TradingView scanner (pasar),0
0,0.33840014554682596,71.8856,fluktuatif,490,810,MICE,PT Multi Indocitra Tbk,3822000,0.30357644023788005,6.816386035589882,4.41775820035638,1,0,570,0,0,478,0.01,Distribution Services,TradingView scanner (pasar),0
0,0,0,fluktuatif,73,145,YOII,PT Asuransi Digital Bersama Tbk,62444200,,,,1,0,93,0,0,72,0.17,Finance,TradingView scanner (pasar),0
0,0,-3.707,fluktuatif,72,360,LAPD,PT Leyand International Tbk,611697600,-13.262843774752703,,,1,0,105,0,0,65,0.1,Utilities,TradingView scanner (pasar),0
0,2.37141670857983,5.1878,fluktuatif,150,334,ESTI,PT Ever Shine Textile Tbk,552195000,1.028477936988448,28.91399051621111,4.55691920071048,1,0,266,0,0,134,0.28,Process Industries,TradingView scanner (pasar),0
0,0,0,fluktuatif,161,294,DOSS,PT Global Sukses Digital Tbk,4475800,,,,1,0,192,0,0,151,0.01,Retail Trade,TradingView scanner (pasar),0
0,0.0550963227548405,29.4102,fluktuatif,258,340,AMIN,PT Ateliers Mecaniques D'Indonesie Tbk,154800,1.4151133557904874,8.772466695228186,16.3129368040115,1,0,298,0,0,230,0.0,Producer Manufacturing,TradingView scanner (pasar),0
0,1.3246528751329398,40.5941,fluktuatif,372,660,PDES,PT Destinasi Tirta Nusantara Tbk,1041600,2.7240691500560086,9.163893275131116,30.797263444182,1,0,394,1,0,368,0.07,Consumer Services,TradingView scanner (pasar),0
0,0,-7.3062,fluktuatif,14,37,KREN,PT Quantum Clovera Investama Tbk,191171400,7.368576180551169,,-219.98559308886502,1,0,20,0,0,13,0.1,Finance,TradingView scanner (pasar),0
0,0,0,fluktuatif,80,160,NAIK,PT Adiwarna Anugerah Abadi Tbk,90400000,,,,1,0,101,0,0,78,0.1,Commercial Services,TradingView scanner (pasar),0
0,0,68.3666,fluktuatif,364,456,BTON,PT Betonjaya Manunggal Tbk,436800,0.8621315468262368,5.324237273756483,15.967284271016698,1,0,434,0,0,350,0.06,Non-Energy Minerals,TradingView scanner (pasar),0
0,0.00345805047085773,-1.5144,fluktuatif,37,68,KBAG,PT Karya Bersama Anugerah Tbk,78536200,0.7635977672401286,,-3.15691697739656,1,0,47,0,0,35,0.22,Finance,TradingView scanner (pasar),0
0,0.41617272213456097,-2.7249,fluktuatif,19,39,IKAI,PT Intikeramik Alamasri Industri Tbk,148171500,0.40936197919191514,,-5.51000545621063,0,0,25,0,0,19,0.14,Producer Manufacturing,TradingView scanner (pasar),0
0,0,-2.2084,fluktuatif,210,650,AMMS,PT Agung Menjangan Mas Tbk,1197000,3.4975884127893817,,-3.78155222768045,1,0,246,0,0,186,0.03,Process Industries,TradingView scanner (pasar),0
0,0,1.9315,fluktuatif,79,115,POLA,PT Pool Advista Finance Tbk,414110100,1.1941152188170792,49.77318548387097,3.01044920234022,1,0,103,0,0,52,0.06,Finance,TradingView scanner (pasar),0
0,0,0,fluktuatif,148,236,CGAS,PT Citra Nusantara Gemilang Tbk,12713200,,,,1,0,157,0,0,140,0.03,Utilities,TradingView scanner (pasar),0
0,0.611409874886836,0.7698,fluktuatif,103,177,HAJJ,PT Arsy Buana Travelindo Tbk,222335800,1.3014758989407755,133.80098726942063,0.8818623189331621,1,0,119,0,0,98,0.38,Consumer Services,TradingView scanner (pasar),0
0,0.34821368002109604,125.8241,fluktuatif,1125,1740,PTSP,PT Pioneerindo Gourmet International Tbk,562500,1.4637709088452084,8.941053422992892,15.68586134376,1,0,1740,0,0,1010,0.02,Consumer Services,TradingView scanner (pasar),0
0,0.551372435979491,4.5882,fluktuatif,72,187,KLAS,PT Pelayaran Kurnia Lautan Semesta Tbk,59040000,1.0002949480798298,15.69242840329541,6.369696159782389,1,0,91,0,0,65,0.13,Transportation,TradingView scanner (pasar),0
0,0.0519533936640258,0.1416,fluktuatif,47,109,IOTF,PT Sumber Sinergi Makmur Tbk,344693300,1.5861873455998488,331.92090395480227,0.4789334513296071,1,0,71,0,0,40,0.29,Distribution Services,TradingView scanner (pasar),0
0,0.00673991995041791,468.9009,fluktuatif,212,900,LPLI,PT Star Pacific Tbk Class A,572400,0.08319502944546793,0.45212111983576914,27.731637012807,1,0,256,0,0,208,0.01,Technology Services,TradingView scanner (pasar),0
0,1.66414601371539,39.9934,fluktuatif,139,248,INOV,PT Inocycle Technology Group Tbk,51360500,0.7815456273646675,3.475573469622488,21.9238891970998,1,0,151,0,0,124,0.09,Process Industries,TradingView scanner (pasar),0
0,2.86184864935912,32.4066,fluktuatif,195,228,SDPC,PT Millennium Pharmacon International Tbk,33462000,0.7876053058586445,6.017292773694248,13.1509691134509,1,0,214,0,0,180,0.46,Distribution Services,TradingView scanner (pasar),0
0,0.0468109490562863,0.234,fluktuatif,58,290,BEER,PT Jobubu Jarum Minahasa Tbk,63266400,0.9918548198158912,247.86324786324784,0.399883938039078,1,0,91,0,0,50,0.04,Consumer Non-Durables,TradingView scanner (pasar),0
0,2.25417197326374,10.9831,fluktuatif,69,110,BPTR,PT Batavia Prosperindo Trans Tbk,12820200,0.4032628287695183,6.28237929182107,6.366026740199521,1,0,99,0,0,63,0.0,Finance,TradingView scanner (pasar),0
0,0.0443315681797095,-3.6974,fluktuatif,108,188,BINO,PT Perma Plasindo Tbk,12722400,0.607541992543097,,-2.04751459954746,1,0,131,0,0,103,0.07,Producer Manufacturing,TradingView scanner (pasar),0
0,0.477906314332664,-22.1399,fluktuatif,334,650,AKSI,PT Mineral Sumberdaya Mandiri Tbk,94321600,1.4073249155078358,,-9.50526105457257,1,0,486,0,0,248,0.07,Finance,TradingView scanner (pasar),0
0,0.0682880963571255,-0.1113,fluktuatif,29,58,SAGE,PT Saptausaha Gemilangindah Tbk,385946500,0.8201614926260411,,-0.313815804206403,1,0,40,0,0,27,0.39,Finance,TradingView scanner (pasar),0
0,1.66575908256943,48.7398,fluktuatif,288,460,PEHA,PT Phapros Tbk,3513600,0.5836155053508423,5.908928637376436,10.1373021061321,1,0,370,0,0,280,0.03,Distribution Services,TradingView scanner (pasar),0
0,0.279346435343923,1.2559,fluktuatif,24,240,DADA,PT Diamond Citra Propertindo Tbk,4176096000,0.5024962548326007,19.10980173580699,2.61177127644173,0,0,50,0,0,24,4.31,Finance,TradingView scanner (pasar),0
0,2.40050568448743,-28.8713,fluktuatif,99,183,OKAS,PT Ancora Indonesia Resources Tbk,78546600,0.7880912565096139,,-21.1163248162071,1,0,126,0,0,96,0.28,Non-Energy Minerals,TradingView scanner (pasar),0
0,0,0,fluktuatif,72,185,SOLA,PT Xolare Rcr Energy Tbk,23551200,,,,1,0,97,0,0,65,0.05,Industrial Services,TradingView scanner (pasar),0
0,0,-2.9096,fluktuatif,390,486,INTD,PT Inter-Delta Tbk,55497000,6.496210543849422,,-4.88849410783184,1,0,478,0,0,232,0.06,Consumer Durables,TradingView scanner (pasar),0
0,0,-0.0533,fluktuatif,39,107,REAL,PT Repower Asia Indonesia Tbk,1172609100,0.6901855962159424,,-0.0942480026729044,1,0,50,0,0,33,0.63,Finance,TradingView scanner (pasar),0
0,0.861276624778203,31.3015,fluktuatif,274,302,HELI,PT Jaya Trishindo Tbk,129793800,2.5753891116872003,8.753574109866939,33.3884831802589,1,0,286,0,0,193,0.07,Transportation,TradingView scanner (pasar),0
0,0.240564375047645,-21.6074,fluktuatif,64,125,EMDE,PT Megapolitan Developments Tbk,19635200,0.11865998759261506,,-3.68836931818137,1,0,85,0,0,58,0.03,Finance,TradingView scanner (pasar),0
0,0.240779804990603,-10.0338,fluktuatif,76,326,TRON,PT Teknologi Karya Digital Nusa Tbk,112350800,1.2590976014356363,,-15.348660935098602,1,0,111,0,0,68,0.07,Technology Services,TradingView scanner (pasar),0
0,0,-0.0465,fluktuatif,162,286,ASJT,PT Asuransi Jasa Tania Tbk,2802600,0.7051412326068971,,,1,0,181,0,0,157,0.07,Finance,TradingView scanner (pasar),0
0,0,-85.1163,fluktuatif,186,290,TAMA,PT Lancartama Sejati Tbk,94878600,6.439769802465255,,,1,0,210,0,0,175,0.32,Consumer Durables,TradingView scanner (pasar),0
0,0.169500105143709,2.6364,fluktuatif,103,208,WGSH,PT Wira Global Solusi Tbk,341362600,3.3133812025772316,39.06842664239114,7.56606598492948,1,0,172,0,0,96,0.16,Technology Services,TradingView scanner (pasar),0
0,0.26391491071045897,1.8749,fluktuatif,36,56,PURA,PT Putra Rajawali Kencana Tbk,191181600,0.4448827913033817,19.201024054616248,2.2959000298558,1,0,41,0,0,31,0.14,Transportation,TradingView scanner (pasar),0
0,0.38843007672140306,-2.774,fluktuatif,36,72,HRME,PT Menteng Heritage Realty Tbk,58374000,0.392208943649489,,-3.06465660102861,1,0,51,0,0,34,0.11,Consumer Services,TradingView scanner (pasar),0
0,0.00319544924994575,16.6896,fluktuatif,194,378,BOBA,PT Formosa Ingredient Factory Tbk,25705000,1.3382771406398206,11.62400536861279,11.7549567443478,1,0,250,0,0,184,0.39,Consumer Non-Durables,TradingView scanner (pasar),0
0,0.180687863596675,-4.0676,fluktuatif,41,50,AKKU,PT Anugerah Kagum Karya Utama Tbk,655089800,0.6714120762141136,,-6.45419401240556,1,0,48,0,0,32,1.79,Consumer Services,TradingView scanner (pasar),0
0,0.0057333747557601405,14.0262,fluktuatif,139,290,VINS,PT Victoria Insurance Tbk,14914700,0.8746714711930097,9.91002552366286,,1,0,168,0,0,136,0.24,Finance,TradingView scanner (pasar),0
0,0,0.2995,fluktuatif,33,89,ATLA,PT Atlantis Subsea Indonesia Tbk,1515191700,1.2103114131265975,110.18363939899834,1.12056872973251,1,0,50,0,0,30,1.56,Industrial Services,TradingView scanner (pasar),0
0,0.00235050857264094,-3.2844,fluktuatif,40,125,ASHA,PT Cilacap Samudera Fishing Industry Tbk,137908000,1.8514421345646657,,-14.091391285662699,1,0,61,0,0,37,0.1,Process Industries,TradingView scanner (pasar),0
0,0.7421893627756719,9.6859,fluktuatif,344,1880,TIRA,PT Tira Austenite Tbk,1685600,1.1061225199824731,35.51554321229829,,1,0,424,0,0,326,0.01,Distribution Services,TradingView scanner (pasar),0
0,0.0922445850455414,1.1806,fluktuatif,35,58,RELF,PT Graha Mitra Asia Tbk,69342000,0.8192195459229901,29.645942740979162,2.77497138437455,1,0,46,0,0,34,0.17,Finance,TradingView scanner (pasar),0
0,0.30275740606557,3.1411,fluktuatif,127,525,GRPM,PT Graha Prima Mentari Tbk,157378400,2.701816663230892,40.431695902709244,,1,0,189,0,0,115,0.12,Distribution Services,TradingView scanner (pasar),0
0,1.3420258996129202,-3.8969,fluktuatif,20,40,ANDI,PT Andira Agro Tbk,631906000,1.5763459827216717,,-29.5946058538903,1,0,29,0,0,18,0.64,Process Industries,TradingView scanner (pasar),0
0,0.320556492156353,5.6134,fluktuatif,189,262,APII,PT Arita Prima Indonesia Tbk,33207300,0.5053091549586669,33.66943385470481,1.48322198055613,1,0,256,0,0,181,0.07,Producer Manufacturing,TradingView scanner (pasar),0
0,0,0,fluktuatif,46,68,XCID,DIRE CIPTADANA PROPERTI RITEL INDONESIA,50600,0.301473761034595,,,1,0,51,0,0,43,0.0,Finance,TradingView scanner (pasar),0
0,1.26797352846805,26.0431,fluktuatif,160,410,ERTX,PT Eratex Djaja Tbk,34416000,0.43433335693211234,6.143661852851619,6.799321332167091,1,0,206,0,0,147,0.1,Process Industries,TradingView scanner (pasar),0
0,0.0123783900672844,0,fluktuatif,505,765,ASDM,PT Asuransi Dayin Mitra Tbk,50500,0.5343217276608497,,,1,0,525,1,0,500,0.02,Finance,TradingView scanner (pasar),0
0,0.26572189815173297,3.4485,fluktuatif,167,252,TMPO,PT Tempo Inti Media Tbk,1185800200,0.7369305044086316,48.426852254603446,1.5684147954515102,1,0,200,0,0,145,0.12,Consumer Services,TradingView scanner (pasar),0
0,0,-1.0538,fluktuatif,322,424,CSMI,PT Cipta Selera Murni Tbk,29906522800,62.725602759926524,,-23.272268154392,1,0,344,0,0,165,0.89,Consumer Services,TradingView scanner (pasar),0
0,3.688855006028,-52.8765,fluktuatif,234,930,MCAS,PT M Cash Integrasi Tbk,949384800,1.2394475475067268,,-27.5560536031534,1,0,308,0,0,198,1.43,Technology Services,TradingView scanner (pasar),0
0,0.237307545331187,38.8782,fluktuatif,186,298,CINT,PT Chitose Internasional Tbk,82063200,0.603961657266891,4.784172106733337,13.2793873562633,1,0,246,0,0,179,0.21,Producer Manufacturing,TradingView scanner (pasar),0
0,2.06974005648078,-25.4124,fluktuatif,155,232,CAKK,PT Cahayaputra Asa Keramik Tbk,10912000,1.2825446745476694,,-20.4461151653801,1,0,169,1,0,151,0.3,Consumer Durables,TradingView scanner (pasar),0
0,0.24356925578047497,22.9444,fluktuatif,200,520,ITIC,PT Indonesian Tobacco Tbk,10620000,0.39871382098199987,8.716723906486985,4.68229581053718,1,0,238,0,0,191,0.2,Consumer Non-Durables,TradingView scanner (pasar),0
0,0.759182240364483,0.2005,fluktuatif,121,208,TRJA,PT Transkon Jaya Tbk,12584000,0.4711146194225139,603.4912718204488,0.0770232464482249,1,0,164,0,0,117,0.02,Finance,TradingView scanner (pasar),0
0,0,75.67,fluktuatif,428,490,LPIN,PT Multi Prima Sejahtera Tbk,599200,0.5237061844830408,5.6561384961014936,9.49035312012123,1,0,440,0,0,420,0.01,Electronic Technology,TradingView scanner (pasar),0
0,0,-2.5353,fluktuatif,100,334,KBLV,PT First Media Tbk,160410000,0.03571465280989567,,-0.201358038480036,1,0,140,0,0,90,0.17,Consumer Services,TradingView scanner (pasar),0
0,0,0,fluktuatif,70,136,DKHH,Pt Cipta Sarana Medika Tbk.,196364000,,,,1,0,84,0,0,66,0.15,Health Services,TradingView scanner (pasar),0
0,0,-2.3904,fluktuatif,73,199,NAYZ,PT Hassana Boga Sejahtera Tbk,1241438000,2.8253627785159416,,-9.24129934735652,1,0,83,0,0,57,0.53,Consumer Non-Durables,TradingView scanner (pasar),0
0,0,0,fluktuatif,49,128,ACRO,PT Samcro Hyosung Adilestari Tbk Class A,152331200,,,,1,0,76,0,0,42,0.07,Process Industries,TradingView scanner (pasar),0
0,0.179091680295906,-8.8004,fluktuatif,70,132,SLIS,PT Gaya Abadi Sempurna Tbk,328125000,0.5297263910217733,,-6.24640709093663,1,0,100,0,0,67,0.11,Distribution Services,TradingView scanner (pasar),0
0,0.0841362837976987,-3.1259,fluktuatif,135,254,DIVA,PT Distribusi Voucher Nusantara Tbk,15182950500,0.29826588216111527,,-0.727153336662787,1,0,177,0,0,111,12.81,Technology Services,TradingView scanner (pasar),0
0,0.0536644488794623,-115.2571,fluktuatif,148,270,ECII,PT Electronic City Indonesia Tbk,2560400,0.18157932915639532,,-13.1565895179475,1,0,204,0,0,134,0.01,Retail Trade,TradingView scanner (pasar),0
0,0.10147834892007,-2.0004,fluktuatif,61,208,NTBK,PT Nusatama Berkah Tbk,295911000,1.7361639826804836,,-5.87164478235612,1,0,92,0,0,57,0.28,Consumer Durables,TradingView scanner (pasar),0
0,0,-2.6667,fluktuatif,228,1395,GPSO,PT Geoprima Solusi Tbk,3319999200,3.56229015884533,,-4.14812172381769,1,0,308,0,0,210,0.76,Technology Services,TradingView scanner (pasar),0
0,0.053479099162586995,-8.995,fluktuatif,266,1500,PUDP,PT Pudjiadi Prestige Tbk Class A,5798800,0.34300005930290495,,-1.17315907031797,1,0,310,0,0,250,0.42,Finance,TradingView scanner (pasar),0
0,0,-9.5828,fluktuatif,181,322,AYLS,PT Arkayana Lestari Grup Tbk,298306100,4.498763212942121,,-22.23322897089,1,0,238,0,0,135,0.04,Process Industries,TradingView scanner (pasar),0
0,0.100948590450313,-0.9732,fluktuatif,29,60,BAUT,PT Mitra Angkasa Sejahtera Tbk,93220500,0.8104658529775818,,-2.74552289932169,0,0,45,0,0,29,0.24,Distribution Services,TradingView scanner (pasar),0
0,0,19.6216,fluktuatif,118,260,PSDN,PT Prasidha Aneka Niaga Tbk,47294400,8.359125012131358,6.013780731438822,67.7619767571937,1,0,157,0,0,106,0.04,Process Industries,TradingView scanner (pasar),0
0,1.09194224056843,15.6183,fluktuatif,127,200,ZYRX,PT Zyrexindo Mandiri Buana Tbk,1028700,0.4958951594853498,8.13148678153192,6.84325531762399,1,0,138,0,0,123,0.02,Electronic Technology,TradingView scanner (pasar),0
0,0,-11.7217,fluktuatif,59,210,LPPS,PT Lenox Pasifik InvestamaTbk Class A,9410500,0.14734758365946266,,-3.6919746037761305,1,0,88,0,0,53,0.07,Finance,TradingView scanner (pasar),0
0,0.00640569500327743,217.5185,fluktuatif,815,920,INCI,PT Intanwijaya Internasional Tbk,151019500,0.35522280007697743,3.7468077427896938,9.40903894907349,1,0,830,0,0,755,1.92,Process Industries,TradingView scanner (pasar),0
0,0,-1.5088,fluktuatif,13,36,TAXI,PT Express Transindo Utama Tbk,1109240600,3.6067829715452566,,-33.6964524495587,1,0,20,0,0,12,0.36,Transportation,TradingView scanner (pasar),0
0,0.000146531253735186,0,fluktuatif,20,52,ASMI,PT Asuransi Maximus Graha Persada Tbk,1279748000,0.465964876965469,,,1,0,22,0,0,14,1.18,Finance,TradingView scanner (pasar),0
0,0,-160.8817,fluktuatif,158,324,LMPI,PT Langgeng Makmur Industri Tbk,711000,2.614415855935758,,-372.274521405292,1,0,184,0,0,155,0.0,Consumer Durables,TradingView scanner (pasar),0
0,0.20685884789601602,8.9663,fluktuatif,378,755,MRAT,PT Mustika Ratu Tbk,31978800,0.28173294140952065,42.15785775626512,0.666274249346562,1,0,420,0,0,346,0.26,Distribution Services,TradingView scanner (pasar),0
0,0.425283527496746,13.88,fluktuatif,107,187,WEHA,PT WEHA Transportasi Indonesia Tbk,17441000,0.6017532051512774,7.70893371757925,7.88210960105242,1,0,120,0,0,95,0.02,Transportation,TradingView scanner (pasar),0
0,0.17399202701598002,1.5575,fluktuatif,148,180,IDEA,PT Idea Indonesia Akademi Tbk,1935692000,2.503618828769896,95.02407704654895,2.60090668357513,1,0,148,0,0,59,0.42,Commercial Services,TradingView scanner (pasar),0
0,0.0576226505957505,-56.0307,fluktuatif,270,740,LION,PT Lion Metal Works Tbk,424575000,0.2974777424123261,,-6.3053274634169405,1,0,460,0,0,252,2.19,Producer Manufacturing,TradingView scanner (pasar),0
0,0.24415119137479602,12.0567,fluktuatif,79,158,DSFI,PT Dharma Samudera Fishing Industries Tbk,267549300,0.5123304648231634,6.552373369164034,7.816496761316161,1,0,116,0,0,78,0.05,Consumer Non-Durables,TradingView scanner (pasar),0
0,0.061558748239213604,5.0038,fluktuatif,103,288,FIRE,PT Alfa Energi Investama Tbk,121478200,0.6337178113650953,20.584355889523962,3.1009227550334506,1,0,141,0,0,101,0.1,Energy Minerals,TradingView scanner (pasar),0
0,0.146563599194997,-6.4482,fluktuatif,189,364,NASI,PT Wahana Inti Makmur Tbk,1008825300,2.703373423836745,,-9.04224750574177,1,0,364,0,0,148,0.07,Consumer Non-Durables,TradingView scanner (pasar),0
0,0.463000763351951,1.3947,fluktuatif,147,334,MBTO,PT Martina Berto Tbk,966451500,0.46319882207594243,105.39901053990106,0.424148304018175,1,0,236,0,0,124,0.12,Consumer Non-Durables,TradingView scanner (pasar),0
0,0.00928674359446411,19.5949,fluktuatif,187,350,OBMD,PT OBM Drilchem Tbk,73304000,0.7227585257967785,9.543299532021088,7.756516083116631,1,0,250,0,0,182,0.33,Process Industries,TradingView scanner (pasar),0
0,1.11159738059219,-23.2892,fluktuatif,78,166,FWCT,PT Wijaya Cahaya Timber Tbk,19827600,0.4425764691283337,,-13.351179670125802,1,0,97,0,0,65,0.02,Non-Energy Minerals,TradingView scanner (pasar),0
0,0.41459597285767,0.586,fluktuatif,51,121,LAND,PT Trimitra Propertindo Tbk,288257100,0.3103880300742874,87.03071672354949,0.357037461349091,1,0,80,0,0,48,0.07,Consumer Durables,TradingView scanner (pasar),0
0,0,-11.5174,fluktuatif,75,172,YELO,PT Yelooo Integra Datanet Tbk,1199940000,0.538897321234825,,-7.977133868575679,1,0,111,0,0,67,0.37,Distribution Services,TradingView scanner (pasar),0
0,0.763581146235954,1.552,fluktuatif,44,88,NPGF,PT Nusa Palapa Gemilang Tbk,971022800,0.5964615191495327,28.350515463917525,2.1070256719719,1,0,61,0,0,40,0.92,Process Industries,TradingView scanner (pasar),0
0,0,0,fluktuatif,218,550,OBAT,PT Brigit Biofarmaka Teknologi Tbk,3248200,,,,1,0,280,0,0,210,0.06,Producer Manufacturing,TradingView scanner (pasar),0
0,0.417184142026571,-5.0182,fluktuatif,63,151,SDMU,PT Sidomulyo Selaras Tbk,332564400,4.308761764458461,,-12.5520081910415,1,0,116,0,0,60,0.03,Transportation,TradingView scanner (pasar),0
0,0.272866617373288,-16.0361,fluktuatif,45,107,PTMP,PT Mitra Pack Tbk,59575500,0.8736854674071637,,-25.981949199260303,1,0,69,0,0,41,0.08,Distribution Services,TradingView scanner (pasar),0
0,0.8694220248986121,17.355,fluktuatif,195,340,RUIS,PT Radiant Utama Interinsco Tbk,1833000,0.2672819945936665,11.235955056179774,2.36917108604111,1,0,224,0,0,177,0.02,Industrial Services,TradingView scanner (pasar),0
0,0.20597465169710902,-0.1535,fluktuatif,45,101,PAMG,PT Bima Sakti Pertiwi Tbk,36292500,0.327242287790103,,-0.11162624335345202,1,0,68,0,0,38,0.02,Finance,TradingView scanner (pasar),0
0,2.1325415617114603,2.7911,fluktuatif,142,1385,PURI,PT Puri Global Sukses Tbk,41904200,1.6304876386646492,50.87599871018595,3.14713932863621,1,0,190,0,0,138,0.05,Finance,TradingView scanner (pasar),0
0,0.10368235627688399,4.6414,fluktuatif,122,190,ICON,PT Island Concepts Indonesia Tbk,284003800,0.8678369661557811,26.285172577239628,3.33387915390284,1,0,190,0,0,118,0.11,Consumer Services,TradingView scanner (pasar),0
0,1.33992146360098,12.5756,fluktuatif,195,390,KOPI,PT Mitra Energi Persada Tbk,41808000,1.972163169701101,15.506218391170203,12.5641270662839,1,0,252,0,0,191,0.18,Distribution Services,TradingView scanner (pasar),0
0,0.163981612232245,-4.374,fluktuatif,34,85,MANG,PT Manggung Polahraya Tbk,103509600,0.9398756046993781,,-12.0001481872328,1,0,49,0,0,33,0.33,Consumer Durables,TradingView scanner (pasar),0
0,0.00949935599776942,54.4126,fluktuatif,390,585,ASBI,PT Asuransi Bintang Tbk,39000,0.2951407080298448,7.167457537408615,4.22960848095249,1,0,420,1,0,386,0.01,Finance,TradingView scanner (pasar),0
0,1.00213198526996,54.5355,fluktuatif,290,358,OILS,PT Indo Oil Perkasa Tbk,113245000,1.3390276175369584,5.317637135443885,23.373459170793,1,0,358,0,0,270,0.07,Process Industries,TradingView scanner (pasar),0
0,0.9028053639389481,-1.179,fluktuatif,47,85,EPAC,PT Megalestari Epack Sentosaraya Tbk,3073386400,2.048534578609899,,-5.39530446335831,1,0,58,0,0,37,0.9,Technology Services,TradingView scanner (pasar),0
0,0.0310183183393188,11.3319,fluktuatif,92,280,RGAS,PT Kian Santang Muliatama Tbk,274196800,1.2935675665491302,8.11867383227879,16.7864800321493,1,0,124,0,0,84,0.12,Industrial Services,TradingView scanner (pasar),0
0,0,0,fluktuatif,710,1015,AIMS,PT Artha Mahiya Investama Tbk,660300000,208.44159084970775,,,1,0,750,0,0,432,0.5,Distribution Services,TradingView scanner (pasar),0
0,16.518162967475902,-7.3573,fluktuatif,67,157,DFAM,PT Dafam Property Indonesia Tbk,180605200,9.80372073150389,,-104.761235953922,1,0,111,0,0,65,0.04,Consumer Services,TradingView scanner (pasar),0
0,0,0,fluktuatif,24,75,WINR,PT Winner Nusantara Jaya Tbk,587006400,,,,1,0,33,0,0,20,0.38,Finance,TradingView scanner (pasar),0
0,0.94395090244362,7.3119,fluktuatif,57,125,ENZO,PT Morenzo Abadi Perkasa Tbk,209264100,0.7382244458751321,7.795511426578591,9.16808986977192,1,0,85,0,0,50,0.14,Consumer Non-Durables,TradingView scanner (pasar),0
0,1.17463893243141,-1.3651,fluktuatif,79,120,GEMA,PT Gema Grahasarana Tbk,6794000,0.28216790962226146,,-0.496108313183428,1,0,103,0,0,72,0.03,Producer Manufacturing,TradingView scanner (pasar),0
0,0.11987574447204301,5.9026,fluktuatif,48,112,WOWS,PT Ginting Jaya Energi Tbk,47707200,0.22067908286876553,8.132009622878055,2.73682954390904,1,0,61,0,0,40,0.03,Industrial Services,TradingView scanner (pasar),0
0,1.61320483716123,13.3107,fluktuatif,150,260,JAYA,PT Armada Berjaya Trans Tbk,37275000,0.9528161019823213,11.269129347066645,8.2188659472704,1,0,196,0,0,138,0.06,Transportation,TradingView scanner (pasar),0
0,0.752228992750443,4.923,fluktuatif,55,129,LAJU,PT Jasa Berdikari Logistics Tbk,152042000,0.8807158458394984,11.172049563274426,7.94130305069489,1,0,83,0,0,47,0.1,Transportation,TradingView scanner (pasar),0
0,0.27165777222509296,1.3704,fluktuatif,42,85,RBMS,PT Ristia Bintang Mahkotasejati Tbk,61475400,0.2240801549652988,30.647985989492117,1.7603773572384602,1,0,65,0,0,41,0.06,Consumer Services,TradingView scanner (pasar),0
0,0,-12.9822,fluktuatif,190,510,PTIS,PT Indo Straits Tbk,115330000,0.30823374584904456,,-2.05005828517516,1,0,292,0,0,184,0.43,Transportation,TradingView scanner (pasar),0
0,0.271221134638501,-3.894,fluktuatif,18,53,BAPI,PT Bhakti Agung Propertindo Tbk,92163600,0.25268147688954157,,-5.33155369882034,0,0,29,0,0,18,0.12,Finance,TradingView scanner (pasar),0
0,1.93376734448284,-17.3151,fluktuatif,93,250,CTTH,PT Citatah Tbk,189329400,0.6947955257857671,,-12.8408232041311,1,0,149,0,0,85,0.16,Non-Energy Minerals,TradingView scanner (pasar),0
0,0.689774508333136,7.04,fluktuatif,87,186,KUAS,PT Ace Oldfields Tbk,189207600,0.6581859034736328,12.357954545454545,5.42781378510371,1,0,117,0,0,79,0.06,Producer Manufacturing,TradingView scanner (pasar),0
0,0.12763781183748601,-2.6595,fluktuatif,71,157,MEDS,PT Hetzer Medical Indonesia Tbk,1366103900,2.296934045965209,,-8.19906648977551,1,0,126,0,0,66,0.39,Health Technology,TradingView scanner (pasar),0
0,0.0069487855010730605,0,fluktuatif,115,324,LABA,PT Green Power Group Tbk,2205608000,1.6056962843629476,,,1,0,137,0,0,94,1.28,Non-Energy Minerals,TradingView scanner (pasar),0
0,0.107915576123293,0.973,fluktuatif,24,75,NANO,PT Nanotech Indonesia Global Tbk,3466010400,0.6122898825219812,24.665981500513876,2.49288123088816,1,0,40,0,0,23,3.21,Commercial Services,TradingView scanner (pasar),0
0,0,0,fluktuatif,106,234,MERI,PT Merry Riana Edukasi Tbk,8193800,,,,1,0,132,0,0,99,0.05,Commercial Services,TradingView scanner (pasar),0
0,0.0100095703190472,2.12,fluktuatif,95,238,ESIP,PT Sinergi Inti Plastindo Tbk,94506000,1.0748386384351434,44.81132075471698,2.37625478814388,1,0,137,0,0,87,0.08,Producer Manufacturing,TradingView scanner (pasar),0
0,0.17398614912469298,-3.2421,fluktuatif,232,448,SNLK,PT Sunter Lakeside Hotel Tbk,1423575200,0.6381033105212316,,-0.901920990443182,1,0,266,0,0,208,0.38,Consumer Services,TradingView scanner (pasar),0
0,0,0,fluktuatif,77,143,ISEA,PT Indo American Seafoods Tbk,16986200,,,,1,0,94,0,0,70,0.04,Consumer Non-Durables,TradingView scanner (pasar),0
0,0,-5.2254,fluktuatif,88,266,SMKM,PT Sumber Mas Konstruksi Tbk,66272800,0.5335276343972783,,-3.2073566428359,1,0,114,0,0,80,0.16,Industrial Services,TradingView scanner (pasar),0
0,0.0256486959981074,-3.1824,fluktuatif,266,540,PGLI,PT Pembangunan Graha Lestari Indah Tbk,1210353200,9.887068123757844,,-11.1874274880579,1,0,266,0,0,197,3.78,Consumer Services,TradingView scanner (pasar),0
0,0.286367298899427,-1.7554,fluktuatif,23,64,MIRA,PT Mitra International Resources Tbk,145518700,0.6244995518536912,,-4.80080801813264,1,0,33,0,0,22,0.09,Industrial Services,TradingView scanner (pasar),0
0,0.140744284108016,7.6717,fluktuatif,109,155,SBMA,PT Surya Biru Murni Acetylene Tbk,3782300,0.42396268194903036,14.208063401853565,2.9999107331322,1,0,124,0,0,103,0.02,Process Industries,TradingView scanner (pasar),0
0,0.617739059708272,-10.0885,fluktuatif,82,188,JAST,PT Jasnita Telekomindo Tbk,343243800,1.4085552208614587,,-17.7877093401002,1,0,102,0,0,75,0.16,Communications,TradingView scanner (pasar),0
0,0.49507178345373604,-55.6904,fluktuatif,130,260,FLMC,PT Falmaco Nonwoven Industri Tbk,234026000,4.915617749463819,,-180.236317198785,1,0,151,0,0,88,0.28,Process Industries,TradingView scanner (pasar),0
0,9.40887099482023,-140.6938,fluktuatif,153,312,INAI,PT Indal Aluminium Industry Tbk,25000200,1.0775103173373524,,-80.3963969017391,1,0,208,0,0,137,0.04,Non-Energy Minerals,TradingView scanner (pasar),0
0,0.333141745881652,-1.3435,fluktuatif,53,170,CHEM,PT Chemstar Indonesia Tbk,43460000,0.7769433699171044,,-1.97970206226885,1,0,76,0,0,49,0.02,Process Industries,TradingView scanner (pasar),0
0,0,0,fluktuatif,21,60,ISAP,PT Isra Presisi Indonesia Tbk,64860600,,,,0,0,29,0,0,21,0.06,Producer Manufacturing,TradingView scanner (pasar),0
0,0.00530568965430022,0,fluktuatif,47,204,OLIV,PT Atlas Nexus Group Tbk,145638900,2.4075809088054454,,,1,0,75,0,0,45,0.32,Consumer Durables,TradingView scanner (pasar),0
0,0.184377594650008,-1.6818,fluktuatif,45,141,MSKY,PT MNC Vision Network,92871000,0.5757398577026955,,-1.3993546831364,1,0,89,0,0,40,0.1,Communications,TradingView scanner (pasar),0
0,0.501368659017514,5.0702,fluktuatif,159,440,PICO,PT Pelangi Indah Canindo Tbk,46857300,0.4309001476984783,31.3597096761469,1.35401488084796,1,0,200,0,0,145,0.39,Process Industries,TradingView scanner (pasar),0
0,0,0,fluktuatif,107,254,RCCC,PT Utama Radar Cahaya Tbk,8634900,,,,1,0,124,0,0,100,0.13,Electronic Technology,TradingView scanner (pasar),0
0,0,1.3958,fluktuatif,76,290,KIOS,PT Kioson Komersial Indonesia Tbk,157244000,0.591465326551509,54.44906147012466,1.09711396799389,1,0,120,0,0,63,0.08,Retail Trade,TradingView scanner (pasar),0
0,0.318254111370196,-21.4103,fluktuatif,98,193,MPOW,PT Megapower Makmur Tbk,4312000,0.7695341130546123,,-16.5170940934617,1,0,150,0,0,92,0.01,Utilities,TradingView scanner (pasar),0
0,0.169559669171181,-21.9609,fluktuatif,276,440,KICI,PT Kedaung Indah Can Tbk,67040400,0.6744510206948698,,-5.693598886941931,1,0,440,0,0,250,0.01,Consumer Durables,TradingView scanner (pasar),0
0,0.0815334404101239,-13.7216,fluktuatif,107,186,LUCK,PT Sentral Mitra Informatika Tbk,80292800,0.6598735053325488,,-7.95553780711106,1,0,127,0,0,96,0.11,Distribution Services,TradingView scanner (pasar),0
0,0.0339327816458485,0.0621,fluktuatif,143,294,KJEN,PT Krida Jaringan Nusantara Tbk,593936200,1.1457005862942482,2302.7375201288246,0.04963945398968451,1,0,214,0,0,140,0.09,Transportation,TradingView scanner (pasar),0
0,1.00763853868127,-12.3505,fluktuatif,47,224,KRYA,PT Bangun Karya Perkasa Jaya Tbk,676268900,3.5655762578139227,,-57.627026340950806,1,0,75,0,0,40,0.5,Producer Manufacturing,TradingView scanner (pasar),0
0,0.284294867038192,-2.8574,fluktuatif,58,74,PCAR,PT Prima Cakrawala Abadi Tbk,756807200,0.9898149745694348,,-4.69824025770704,1,0,74,0,0,42,0.24,Consumer Non-Durables,TradingView scanner (pasar),0
0,0.0259024423435934,0,fluktuatif,51,122,BCIP,PT Bumi Citra Permai Tbk,42105600,0.14686715934551156,,,1,0,64,0,0,50,0.15,Finance,TradingView scanner (pasar),0
0,0.0213175704184115,-76.0245,fluktuatif,214,402,LRNA,PT Eka Sari Lorena Transport Tbk,2653600,0.2807965815876643,,-10.0703879806376,1,0,246,0,0,196,0.01,Transportation,TradingView scanner (pasar),0
0,0,-7.6641,fluktuatif,90,320,OPMS,PT Optima Prima Metal Sinergi Tbk,84636000,0.9924483502310529,,-8.14966286198681,1,0,125,0,0,82,0.13,Distribution Services,TradingView scanner (pasar),0
0,0.0219720066113918,-5.403,fluktuatif,175,338,TNCA,PT Trimuda Nuansa Citra Tbk,35665000,1.7244566581961356,,-5.31052398725895,1,0,216,0,0,152,0.11,Transportation,TradingView scanner (pasar),0
0,0.0266170493132846,-7.3011,fluktuatif,102,496,BAPA,PT Bekasi Asri Pemula Tbk,112465200,0.5862481360757791,,-4.20447910287914,1,0,157,0,0,96,0.05,Consumer Durables,TradingView scanner (pasar),0
0,0.646446987258745,0.6973,fluktuatif,77,173,IKAN,PT Era Mandiri Cemerlang Tbk,27442800,0.8556640347404043,110.42592858167215,0.772934814809222,1,0,103,0,0,74,0.03,Consumer Non-Durables,TradingView scanner (pasar),0
0,0.194898078473667,-9.4168,fluktuatif,64,134,RUNS,PT Global Sukses Solusi Tbk,2278400,1.1452931404635824,,-16.2519308880185,1,0,83,0,0,60,0.03,Technology Services,TradingView scanner (pasar),0
0,0.0606114286975579,-15.8568,fluktuatif,87,505,DEFI,PT Danasupra Erapacific Tbk,486260400,2.1880319181042287,,-36.8012904401356,1,0,148,0,0,76,0.1,Finance,TradingView scanner (pasar),0
0,0,-0.1497,fluktuatif,25,48,HADE,PT Himalaya Energi Perkasa Tbk,149282500,11.713167943401972,,-7.26700359259049,1,0,34,0,0,18,0.15,Distribution Services,TradingView scanner (pasar),0
0,0.021916422536016,0,fluktuatif,35,111,HDIT,PT Hensel Davest Indonesia Tbk,89827500,0.22194795092261546,,,1,0,52,0,0,34,0.19,Commercial Services,TradingView scanner (pasar),0
0,0.421371743397326,-2.7048,fluktuatif,65,106,PLAN,PT Planet Properindo Jaya Tbk,17504500,1.0811790840084465,,-4.49832245247027,1,0,88,0,0,55,0.04,Consumer Services,TradingView scanner (pasar),0
0,0.0205107861287987,-1.109,fluktuatif,28,57,WIDI,PT Widiant Jaya Krenindo Tbk,65590000,0.9679210231754861,,-3.9634366650334,1,0,31,0,0,25,0.19,Finance,TradingView scanner (pasar),0
0,5.9160443796357,-459.4167,fluktuatif,67,141,RICY,PT Ricky Putra Globalindo Tbk,22311000,0.1665831596061596,,-6402.71261745134,1,0,89,0,0,60,0.05,Consumer Non-Durables,TradingView scanner (pasar),0
0,0.0232863499683504,-3.1058,fluktuatif,30,90,BMBL,PT Lavender Bina Cendikia Tbk,65436000,0.4543871763456942,,-4.66814916999316,1,0,36,0,0,26,0.11,Commercial Services,TradingView scanner (pasar),0
0,0,0,fluktuatif,124,194,MSIE,PT Multisarana Intan Eduka Tbk,108983600,,,,1,0,194,0,0,106,0.12,Finance,TradingView scanner (pasar),0
0,0,0,fluktuatif,89,137,BATR,PT Benteng Api Technic Tbk,10048100,,,,1,0,99,0,0,85,0.03,Non-Energy Minerals,TradingView scanner (pasar),0
0,0,0,fluktuatif,106,248,LMAX,PT Lupromax Pelumas Indonesia Tbk,23924200,,,,1,0,126,0,0,99,0.39,Process Industries,TradingView scanner (pasar),0
0,0,0,fluktuatif,444,585,EMMI,PT ESA Medika Mandiri Tbk,308624400,,,,1,0,458,0,0,316,0.06,Health Technology,TradingView scanner (pasar),0
0,0,0,fluktuatif,60,214,LOPI,PT Logisticsplus International Tbk,17406000,,,,1,0,80,0,0,54,0.03,Transportation,TradingView scanner (pasar),0
0,0,0,fluktuatif,54,117,TOOL,PT Rohartindo Nusantara Luas Tbk,155898000,,,,1,0,91,0,0,48,0.02,Commercial Services,TradingView scanner (pasar),0
0,0,0,fluktuatif,226,840,BAIK,PT Bersama Mencapai Puncak Tbk,219649400,,,,1,0,308,0,0,214,0.02,Consumer Services,TradingView scanner (pasar),0
0,0,0,fluktuatif,80,152,XCIS,Dana Investasi Real Estat Ciptadana Properti Perhotelan Padjajaran,128000,,,,1,0,113,0,0,77,0.05,Finance,TradingView scanner (pasar),0
0,0,0,fluktuatif,109,179,SICO,PT Sigma Energy Compressindo Tbk,175032200,,,,1,0,120,0,0,102,0.44,Energy Minerals,TradingView scanner (pasar),0
0,0,0,fluktuatif,116,124,TGUK,PT Platinum Wahab Nusantara Tbk,309975200,,,,1,0,123,0,0,62,0.42,Consumer Services,TradingView scanner (pasar),0
0,0,0,fluktuatif,102,150,GRPH,PT Griptha Putra Persada Tbk,323727600,,,,1,0,150,0,0,93,0.11,Consumer Services,TradingView scanner (pasar),0
0,0,0,fluktuatif,79,148,KAQI,PT Jantra Grupo Indonesia Tbk,532428400,,,,1,0,105,0,0,77,0.21,Consumer Services,TradingView scanner (pasar),0
0,0,0,fluktuatif,78,358,NINE,PT Techno9 Indonesia Tbk,190476000,,,,1,0,110,0,0,70,0.2,Technology Services,TradingView scanner (pasar),0
0,0,0,fluktuatif,47,101,AEGS,PT Anugerah Spareparts Sejahtera Tbk,25798300,,,,1,0,54,0,0,43,0.14,Producer Manufacturing,TradingView scanner (pasar),0
0,0,0,fluktuatif,151,1085,PJHB,PT Pelayaran Jaya Hidup Baru,89361800,,,,1,0,194,0,0,147,0.33,Transportation,TradingView scanner (pasar),0
0,0,0,fluktuatif,53,119,KKES,PT Kusuma Kemindo Sentosa Tbk,117951500,,,,1,0,105,0,0,51,0.05,Distribution Services,TradingView scanner (pasar),0
0,0,0,fluktuatif,600,1605,WBSA,PT BSA Logistics Indonesia Tbk,1834800000,,,,1,0,750,0,0,590,0.29,Transportation,TradingView scanner (pasar),0
0,0,0,fluktuatif,142,580,PPRI,PT Paperocks Indonesia Tbk,429010400,,,,1,0,216,0,0,131,0.62,Distribution Services,TradingView scanner (pasar),0
0,0,0,fluktuatif,90,356,SPRE,PT Soraya Berjaya Indonesia Tbk,10872000,,,,1,0,108,0,0,80,0.02,Consumer Durables,TradingView scanner (pasar),0
0,0,0,fluktuatif,404,2190,JELI,PT Niramas Utama Tbk,292334400,,,,1,0,610,0,0,398,0.15,Consumer Non-Durables,TradingView scanner (pasar),0
0,0,0,fluktuatif,117,193,KLIN,PT Klinko Karya Imaji Tbk,40025700,,,,1,0,135,0,0,100,1.29,Consumer Non-Durables,TradingView scanner (pasar),0
0,0,0,fluktuatif,48,180,BRRC,PT Raja Roti Cemerlang Tbk,89260800,,,,1,0,78,0,0,43,0.05,Consumer Non-Durables,TradingView scanner (pasar),0
0,0,0,fluktuatif,400,545,HBAT,PT Minahasa Membangun Hebat Tbk,168840000,,,,1,0,418,0,0,262,0.23,Finance,TradingView scanner (pasar),0
0,0,0,fluktuatif,138,625,PIPA,PT Oxala Energy International Tbk,1314243000,,,,1,0,236,0,0,128,0.11,Non-Energy Minerals,TradingView scanner (pasar),0
